{"level":"debug","time":"2025-05-13T13:08:48.398+0530","caller":"cmd/bin.go:137","msg":"cli os: darwin, cli arch: arm64"}
{"level":"debug","time":"2025-05-13T13:08:49.184+0530","caller":"cmd/bin.go:146","msg":"Upstream version details: {Name:cli Min:0.2.195 Max:0.2.272} "}
{"level":"debug","time":"2025-05-13T13:08:52.299+0530","caller":"core/lifecycle.go:108","msg":"Setting environment"}
{"level":"debug","time":"2025-05-13T13:08:52.300+0530","caller":"core/lifecycle.go:111","msg":"Parsing config"}
{"level":"debug","time":"2025-05-13T13:08:52.300+0530","caller":"yamlconfigmanager/setup.go:717","msg":"Custom location for .hyperexecute.yaml specified. Using: hyperexecute.yaml"}
{"level":"debug","time":"2025-05-13T13:08:52.300+0530","caller":"yamlconfigmanager/setup.go:117","msg":"using hyperexecute config from : hyperexecute.yaml"}
{"level":"debug","time":"2025-05-13T13:08:53.212+0530","caller":"yamlconfigmanager/setup.go:2108","msg":"Autodetecting test type in files of path : /Users/dhakshath/Documents/KarateAPI"}
{"level":"debug","time":"2025-05-13T13:08:53.214+0530","caller":"yamlconfigmanager/setup.go:541","msg":"Tunnel: %!t(<nil>)"}
{"level":"info","time":"2025-05-13T13:08:53.214+0530","caller":"models/HypertestYamlConfig.go:874","msg":"\n\u001b[4m\u001b[1m\u001b[97mExecution Plan\u001b[0m\u001b[22m\u001b[24m"}
{"level":"info","time":"2025-05-13T13:08:53.214+0530","caller":"models/HypertestYamlConfig.go:675","msg":"Mode:    \u001b[36mautosplit\u001b[0m"}
{"level":"info","time":"2025-05-13T13:08:53.214+0530","caller":"models/HypertestYamlConfig.go:735","msg":"Runson:    \u001b[36mmac\u001b[0m"}
{"level":"info","time":"2025-05-13T13:08:53.214+0530","caller":"models/HypertestYamlConfig.go:743","msg":"Concurrency:    \u001b[36m4\u001b[0m"}
{"level":"info","time":"2025-05-13T13:08:53.215+0530","caller":"models/HypertestYamlConfig.go:807","msg":"Report:    \u001b[36mdisabled\u001b[0m"}
{"level":"info","time":"2025-05-13T13:08:53.215+0530","caller":"models/HypertestYamlConfig.go:839","msg":"Cache Directories:"}
{"level":"info","time":"2025-05-13T13:08:53.215+0530","caller":"models/HypertestYamlConfig.go:841","msg":"    \u001b[36m.gradle\u001b[0m"}
{"level":"info","time":"2025-05-13T13:08:53.215+0530","caller":"models/HypertestYamlConfig.go:887","msg":""}
{"level":"debug","time":"2025-05-13T13:08:53.215+0530","caller":"filevalidator/setup.go:49","msg":"Warning: Checking data.json file in current directory, no dataJsonPath found in .hyperexecute.yaml"}
{"level":"debug","time":"2025-05-13T13:08:53.215+0530","caller":"filevalidator/setup.go:53","msg":"Warning: data.json file doesn't exist"}
{"level":"debug","time":"2025-05-13T13:08:56.605+0530","caller":"core/lifecycle.go:516","msg":"Job ID: 5f94219f-7969-423e-8c8a-b3df1fc99ff2"}
{"level":"debug","time":"2025-05-13T13:08:56.605+0530","caller":"events/manager.go:95","msg":"Starting event manager"}
{"level":"debug","time":"2025-05-13T13:08:56.606+0530","caller":"events/manager.go:97","msg":"SSE enabled, getting SSE connection"}
{"level":"debug","time":"2025-05-13T13:08:56.606+0530","caller":"archivemanager/setup.go:340","msg":"digestMap: map[]"}
{"level":"debug","time":"2025-05-13T13:08:56.606+0530","caller":"archivemanager/setup.go:346","msg":"Creating archive of target directory: /Users/dhakshath/Documents/KarateAPI"}
{"level":"debug","time":"2025-05-13T13:08:56.638+0530","caller":"core/lifecycle.go:659","msg":"Zip file size: 111.65 kB"}
{"level":"debug","time":"2025-05-13T13:08:56.638+0530","caller":"core/lifecycle.go:669","msg":"Archive location: /Users/dhakshath/Documents/KarateAPI/hyperexecute-code-5f94219f-7969-423e-8c8a-b3df1fc99ff2.zip\n"}
{"level":"debug","time":"2025-05-13T13:08:56.638+0530","caller":"storage/azure.go:59","msg":"Payload size: 111.65 kB, source path /Users/dhakshath/Documents/KarateAPI/hyperexecute-code-5f94219f-7969-423e-8c8a-b3df1fc99ff2.zip"}
{"level":"debug","time":"2025-05-13T13:08:57.853+0530","caller":"events/manager.go:277","msg":"connection to hyperexecute server established successfully."}
{"level":"info","time":"2025-05-13T13:09:09.293+0530","caller":"storage/azure.go:114","msg":"File upload completed in 12.654642542s"}
{"level":"debug","time":"2025-05-13T13:09:09.293+0530","caller":"receptionmanager/setup.go:277","msg":"only one runtime entry detected, mapping it to older yaml format"}
{"level":"debug","time":"2025-05-13T13:09:09.293+0530","caller":"receptionmanager/setup.go:296","msg":"number of entries in partialreports: 1, switching to new yaml format"}
{"level":"debug","time":"2025-05-13T13:09:09.294+0530","caller":"receptionmanager/setup.go:184","msg":"Uploading yaml : /Users/dhakshath/Documents/KarateAPI/.updatedhyperexecute.yaml"}
{"level":"debug","time":"2025-05-13T13:09:09.294+0530","caller":"storage/azure.go:59","msg":"Payload size: 3.58 kB, source path /Users/dhakshath/Documents/KarateAPI/.updatedhyperexecute.yaml"}
{"level":"info","time":"2025-05-13T13:09:19.422+0530","caller":"storage/azure.go:114","msg":"File upload completed in 10.128020083s"}
{"level":"debug","time":"2025-05-13T13:09:19.422+0530","caller":"core/lifecycle.go:696","msg":"Successfully deleted code archive: /Users/dhakshath/Documents/KarateAPI/hyperexecute-code-5f94219f-7969-423e-8c8a-b3df1fc99ff2.zip\n"}
{"level":"debug","time":"2025-05-13T13:09:19.423+0530","caller":"storage/azure.go:59","msg":"Payload size: 678 B, source path mask-5f94219f-7969-423e-8c8a-b3df1fc99ff2.yaml"}
{"level":"info","time":"2025-05-13T13:09:29.492+0530","caller":"storage/azure.go:114","msg":"File upload completed in 10.069824875s"}
{"level":"debug","time":"2025-05-13T13:09:31.931+0530","caller":"jobmanager/sse_setup.go:199","msg":"Task id: HYPM-1530760-1747121970620152037RXQ"}
{"level":"debug","time":"2025-05-13T13:09:31.932+0530","caller":"jobmanager/sse_setup.go:200","msg":"Sending new task alert to stage manager for taskId: HYPM-1530760-1747121970620152037RXQ"}
{"level":"info","time":"2025-05-13T13:09:35.398+0530","caller":"jobmanager/sse_setup.go:85","msg":"\nJob \u001b[1m\u001b[4m5f94219f-7969-423e-8c8a-b3df1fc99ff2\u001b[24m\u001b[22m has started \u001b[97mRUNNING\u001b[0m"}
{"level":"info","time":"2025-05-13T13:09:35.398+0530","caller":"jobmanager/manager.go:143","msg":"Job Link: \u001b[4m\u001b[34mhttps://hyperexecute.lambdatest.com/hyperexecute/task?jobId=5f94219f-7969-423e-8c8a-b3df1fc99ff2\u001b[0m\u001b[24m\n"}
{"level":"info","time":"2025-05-13T13:09:37.618+0530","caller":"terminal/terminal.go:187","msg":"\u001b[32m✔\u001b[0m [1]  \u001b[2mcache-download (3s)\u001b[22m\n"}
{"level":"info","time":"2025-05-13T13:09:45.752+0530","caller":"terminal/terminal.go:187","msg":"\u001b[32m✔\u001b[0m [1]  \u001b[2msetup-runtime (8s)\u001b[22m\n"}
{"level":"info","time":"2025-05-13T13:09:57.019+0530","caller":"terminal/terminal.go:187","msg":"\u001b[32m✔\u001b[0m [1]  \u001b[2mpre (11s)\u001b[22m\n"}
{"level":"info","time":"2025-05-13T13:10:00.944+0530","caller":"terminal/terminal.go:187","msg":"\u001b[32m✔\u001b[0m [1]  \u001b[2mdiscovery (4s)\u001b[22m\n"}
{"level":"debug","time":"2025-05-13T13:10:01.549+0530","caller":"jobmanager/sse_setup.go:199","msg":"Task id: HYPM-1530760-1747122000180215794KTW"}
{"level":"debug","time":"2025-05-13T13:10:01.549+0530","caller":"jobmanager/sse_setup.go:200","msg":"Sending new task alert to stage manager for taskId: HYPM-1530760-1747122000180215794KTW"}
{"level":"debug","time":"2025-05-13T13:10:01.549+0530","caller":"jobmanager/sse_setup.go:199","msg":"Task id: HYPM-1530760-1747122000222105110CIE"}
{"level":"debug","time":"2025-05-13T13:10:01.549+0530","caller":"jobmanager/sse_setup.go:200","msg":"Sending new task alert to stage manager for taskId: HYPM-1530760-1747122000222105110CIE"}
{"level":"debug","time":"2025-05-13T13:10:01.549+0530","caller":"jobmanager/sse_setup.go:199","msg":"Task id: HYPM-1530760-1747122000264636737ADX"}
{"level":"debug","time":"2025-05-13T13:10:01.549+0530","caller":"jobmanager/sse_setup.go:200","msg":"Sending new task alert to stage manager for taskId: HYPM-1530760-1747122000264636737ADX"}
{"level":"debug","time":"2025-05-13T13:10:01.549+0530","caller":"jobmanager/sse_setup.go:199","msg":"Task id: HYPM-1530760-1747122000314582999NYX"}
{"level":"debug","time":"2025-05-13T13:10:01.549+0530","caller":"jobmanager/sse_setup.go:200","msg":"Sending new task alert to stage manager for taskId: HYPM-1530760-1747122000314582999NYX"}
{"level":"info","time":"2025-05-13T13:10:07.458+0530","caller":"terminal/terminal.go:187","msg":"\u001b[32m✔\u001b[0m [3]  \u001b[2mcache-download (2s)\u001b[22m\n"}
{"level":"info","time":"2025-05-13T13:10:14.563+0530","caller":"terminal/terminal.go:187","msg":"\u001b[32m✔\u001b[0m [3]  \u001b[2msetup-runtime (7s)\u001b[22m\n"}
{"level":"info","time":"2025-05-13T13:10:25.840+0530","caller":"terminal/terminal.go:187","msg":"\u001b[32m✔\u001b[0m [3]  \u001b[2mpre (12s)\u001b[22m\n"}
{"level":"info","time":"2025-05-13T13:10:27.364+0530","caller":"terminal/terminal.go:187","msg":"\u001b[32m✔\u001b[0m [4]  \u001b[2mcache-download (3s)\u001b[22m\n"}
{"level":"info","time":"2025-05-13T13:10:27.800+0530","caller":"terminal/terminal.go:187","msg":"\u001b[32m✔\u001b[0m [5]  \u001b[2mcache-download (3s)\u001b[22m\n"}
{"level":"info","time":"2025-05-13T13:10:34.198+0530","caller":"terminal/terminal.go:187","msg":"\u001b[32m✔\u001b[0m [2]  \u001b[2mcache-download (4s)\u001b[22m\n"}
{"level":"info","time":"2025-05-13T13:10:38.889+0530","caller":"terminal/terminal.go:187","msg":"\u001b[32m✔\u001b[0m [5]  \u001b[2msetup-runtime (11s)\u001b[22m\n"}
{"level":"info","time":"2025-05-13T13:10:43.660+0530","caller":"terminal/terminal.go:187","msg":"\u001b[32m✔\u001b[0m [4]  \u001b[2msetup-runtime (17s)\u001b[22m\n"}
{"level":"info","time":"2025-05-13T13:10:44.931+0530","caller":"terminal/terminal.go:187","msg":"\u001b[30m✔\u001b[0m [3]  \u001b[2msrc/test/resources/apis/features/GetRequest.feature:23 (15s)\u001b[22m\n"}
{"level":"info","time":"2025-05-13T13:10:45.493+0530","caller":"terminal/terminal.go:187","msg":"\u001b[32m✔\u001b[0m [2]  \u001b[2msetup-runtime (11s)\u001b[22m\n"}
{"level":"info","time":"2025-05-13T13:10:47.678+0530","caller":"terminal/terminal.go:187","msg":"\u001b[30m✔\u001b[0m [3]  \u001b[2msrc/test/resources/apis/features/PostRequest.feature:18 (3s)\u001b[22m\n"}
{"level":"info","time":"2025-05-13T13:11:04.052+0530","caller":"terminal/terminal.go:187","msg":"\u001b[32m✔\u001b[0m [5]  \u001b[2mpre (19s)\u001b[22m\n"}
{"level":"info","time":"2025-05-13T13:11:05.467+0530","caller":"terminal/terminal.go:187","msg":"\u001b[32m✔\u001b[0m [2]  \u001b[2mpre (14s)\u001b[22m\n"}
{"level":"info","time":"2025-05-13T13:11:07.261+0530","caller":"terminal/terminal.go:187","msg":"\u001b[32m✔\u001b[0m [4]  \u001b[2mpre (24s)\u001b[22m\n"}
{"level":"info","time":"2025-05-13T13:11:30.098+0530","caller":"terminal/terminal.go:187","msg":"\u001b[30m✔\u001b[0m [2]  \u001b[2msrc/test/resources/apis/features/GetRequest.feature:30 (19s)\u001b[22m\n"}
{"level":"info","time":"2025-05-13T13:11:30.686+0530","caller":"terminal/terminal.go:187","msg":"\u001b[30m✔\u001b[0m [5]  \u001b[2msrc/test/resources/apis/features/DeleteRequest.feature:10 (22s)\u001b[22m\n"}
{"level":"info","time":"2025-05-13T13:11:34.032+0530","caller":"terminal/terminal.go:187","msg":"\u001b[30m✔\u001b[0m [4]  \u001b[2msrc/test/resources/apis/features/GetRequest.feature:16 (24s)\u001b[22m\n"}
{"level":"info","time":"2025-05-13T13:11:34.526+0530","caller":"terminal/terminal.go:187","msg":"\u001b[30m✔\u001b[0m [2]  \u001b[2msrc/test/resources/apis/features/PostRequest.feature:26 (5s)\u001b[22m\n"}
{"level":"info","time":"2025-05-13T13:11:36.434+0530","caller":"terminal/terminal.go:187","msg":"\u001b[30m✔\u001b[0m [4]  \u001b[2msrc/test/resources/apis/features/PostRequest.feature:10 (3s)\u001b[22m\n"}
{"level":"info","time":"2025-05-13T13:11:37.183+0530","caller":"terminal/terminal.go:187","msg":"\u001b[30m✔\u001b[0m [5]  \u001b[2msrc/test/resources/apis/features/GetRequest.feature:38 (7s)\u001b[22m\n"}
{"level":"info","time":"2025-05-13T13:11:38.798+0530","caller":"terminal/terminal.go:187","msg":"\u001b[30m✔\u001b[0m [4]  \u001b[2msrc/test/resources/apis/features/PutRequest.feature:10 (3s)\u001b[22m\n"}
{"level":"info","time":"2025-05-13T13:11:39.691+0530","caller":"terminal/terminal.go:187","msg":"\u001b[30m✔\u001b[0m [5]  \u001b[2msrc/test/resources/apis/features/PostRequest.feature:34 (3s)\u001b[22m\n"}
{"level":"debug","time":"2025-05-13T13:11:42.002+0530","caller":"jobmanager/sse_setup.go:141","msg":"\n\nJob status"}
{"level":"debug","time":"2025-05-13T13:11:42.002+0530","caller":"core/lifecycle.go:874","msg":"Context canceled"}
{"level":"info","time":"2025-05-13T13:11:42.002+0530","caller":"core/lifecycle.go:877","msg":"\u001b[2mStopping pipeline gracefully\u001b[22m"}
{"level":"info","time":"2025-05-13T13:11:42.003+0530","caller":"jobmanager/manager.go:143","msg":"Job Link: \u001b[4m\u001b[34mhttps://hyperexecute.lambdatest.com/hyperexecute/task?jobId=5f94219f-7969-423e-8c8a-b3df1fc99ff2\u001b[0m\u001b[24m\n"}
{"level":"debug","time":"2025-05-13T13:11:42.003+0530","caller":"core/lifecycle.go:59","msg":"Quit requested from main goroutine...."}
{"level":"debug","time":"2025-05-13T13:11:42.003+0530","caller":"core/lifecycle.go:60","msg":"Waiting for the goroutines to exit"}
{"level":"info","time":"2025-05-13T13:11:42.883+0530","caller":"jobmanager/JobSummaryManager.go:54","msg":"\n\u001b[102m\u001b[1m\u001b[30m PARTIALLY COMPLETED \u001b[0m\u001b[22m\u001b[0m\n"}
{"level":"info","time":"2025-05-13T13:11:42.884+0530","caller":"jobmanager/JobSummaryManager.go:113","msg":"    \u001b[1mTest Execution Time\u001b[22m:                  \u001b[92m1m9s\u001b[0m"}
{"level":"info","time":"2025-05-13T13:11:42.884+0530","caller":"jobmanager/JobSummaryManager.go:113","msg":"    \u001b[1mJob Duration Time\u001b[22m:                    2m5s"}
{"level":"info","time":"2025-05-13T13:11:42.884+0530","caller":"jobmanager/JobSummaryManager.go:113","msg":"    \u001b[1mTotal Tasks\u001b[22m:                          5"}
{"level":"info","time":"2025-05-13T13:11:42.884+0530","caller":"jobmanager/JobSummaryManager.go:113","msg":"    \u001b[1mCumulative Time Consumed\u001b[22m:             5m9s"}
{"level":"info","time":"2025-05-13T13:11:42.884+0530","caller":"jobmanager/JobSummaryManager.go:113","msg":"    \u001b[1mTotal Stages\u001b[22m:                         16"}
{"level":"info","time":"2025-05-13T13:11:42.884+0530","caller":"jobmanager/JobSummaryManager.go:113","msg":"    \u001b[1mPass discovery stage percentage\u001b[22m:      100.00%"}
{"level":"info","time":"2025-05-13T13:11:42.884+0530","caller":"jobmanager/JobSummaryManager.go:113","msg":"    \u001b[1mFailed discovery stage percentage\u001b[22m:    0.00%"}
{"level":"info","time":"2025-05-13T13:11:42.884+0530","caller":"jobmanager/JobSummaryManager.go:113","msg":"    \u001b[1mPass pre stage percentage\u001b[22m:            \u001b[92m100.00%\u001b[0m"}
{"level":"info","time":"2025-05-13T13:11:42.884+0530","caller":"jobmanager/JobSummaryManager.go:113","msg":"    \u001b[1mFailed pre stage percentage\u001b[22m:          0.00%"}
{"level":"info","time":"2025-05-13T13:11:42.884+0530","caller":"jobmanager/JobSummaryManager.go:113","msg":"    \u001b[1mPass test stage percentage\u001b[22m:           \u001b[92m100.00%\u001b[0m"}
{"level":"info","time":"2025-05-13T13:11:42.884+0530","caller":"jobmanager/JobSummaryManager.go:113","msg":"    \u001b[1mFailed test stage percentage\u001b[22m:         0.00%"}
{"level":"info","time":"2025-05-13T13:11:42.884+0530","caller":"jobmanager/JobSummaryManager.go:113","msg":"    \u001b[1mPass post stage percentage\u001b[22m:           0.00%"}
{"level":"info","time":"2025-05-13T13:11:42.884+0530","caller":"jobmanager/JobSummaryManager.go:113","msg":"    \u001b[1mFailed post stage percentage\u001b[22m:         0.00%"}
{"level":"info","time":"2025-05-13T13:11:42.884+0530","caller":"jobmanager/JobSummaryManager.go:113","msg":"    \u001b[1mFailed Tasks\u001b[22m:                         0"}
{"level":"info","time":"2025-05-13T13:11:42.884+0530","caller":"jobmanager/JobSummaryManager.go:58","msg":""}
{"level":"debug","time":"2025-05-13T13:12:12.003+0530","caller":"cmd/bin.go:346","msg":"main: all goroutines have finished."}
{"level":"debug","time":"2025-05-13T13:12:49.742+0530","caller":"cmd/bin.go:137","msg":"cli os: darwin, cli arch: arm64"}
{"level":"debug","time":"2025-05-13T13:12:50.612+0530","caller":"cmd/bin.go:146","msg":"Upstream version details: {Name:cli Min:0.2.195 Max:0.2.272} "}
{"level":"debug","time":"2025-05-13T13:12:53.481+0530","caller":"core/lifecycle.go:108","msg":"Setting environment"}
{"level":"debug","time":"2025-05-13T13:12:53.482+0530","caller":"core/lifecycle.go:111","msg":"Parsing config"}
{"level":"debug","time":"2025-05-13T13:12:53.482+0530","caller":"yamlconfigmanager/setup.go:717","msg":"Custom location for .hyperexecute.yaml specified. Using: hyperexecute.yaml"}
{"level":"debug","time":"2025-05-13T13:12:53.482+0530","caller":"yamlconfigmanager/setup.go:117","msg":"using hyperexecute config from : hyperexecute.yaml"}
{"level":"debug","time":"2025-05-13T13:12:54.363+0530","caller":"yamlconfigmanager/setup.go:2108","msg":"Autodetecting test type in files of path : /Users/dhakshath/Documents/KarateAPI"}
{"level":"debug","time":"2025-05-13T13:12:54.365+0530","caller":"yamlconfigmanager/setup.go:541","msg":"Tunnel: %!t(<nil>)"}
{"level":"info","time":"2025-05-13T13:12:54.365+0530","caller":"models/HypertestYamlConfig.go:874","msg":"\n\u001b[4m\u001b[1m\u001b[97mExecution Plan\u001b[0m\u001b[22m\u001b[24m"}
{"level":"info","time":"2025-05-13T13:12:54.365+0530","caller":"models/HypertestYamlConfig.go:675","msg":"Mode:    \u001b[36mautosplit\u001b[0m"}
{"level":"info","time":"2025-05-13T13:12:54.365+0530","caller":"models/HypertestYamlConfig.go:735","msg":"Runson:    \u001b[36mmac\u001b[0m"}
{"level":"info","time":"2025-05-13T13:12:54.365+0530","caller":"models/HypertestYamlConfig.go:743","msg":"Concurrency:    \u001b[36m4\u001b[0m"}
{"level":"info","time":"2025-05-13T13:12:54.365+0530","caller":"models/HypertestYamlConfig.go:807","msg":"Report:    \u001b[36menabled\u001b[0m"}
{"level":"info","time":"2025-05-13T13:12:54.366+0530","caller":"models/HypertestYamlConfig.go:839","msg":"Cache Directories:"}
{"level":"info","time":"2025-05-13T13:12:54.366+0530","caller":"models/HypertestYamlConfig.go:841","msg":"    \u001b[36m.gradle\u001b[0m"}
{"level":"info","time":"2025-05-13T13:12:54.366+0530","caller":"models/HypertestYamlConfig.go:887","msg":""}
{"level":"debug","time":"2025-05-13T13:12:54.366+0530","caller":"filevalidator/setup.go:49","msg":"Warning: Checking data.json file in current directory, no dataJsonPath found in .hyperexecute.yaml"}
{"level":"debug","time":"2025-05-13T13:12:54.366+0530","caller":"filevalidator/setup.go:53","msg":"Warning: data.json file doesn't exist"}
{"level":"debug","time":"2025-05-13T13:12:56.151+0530","caller":"core/lifecycle.go:516","msg":"Job ID: f838ece5-7461-471a-a106-4a2d936480a0"}
{"level":"debug","time":"2025-05-13T13:12:56.152+0530","caller":"events/manager.go:95","msg":"Starting event manager"}
{"level":"debug","time":"2025-05-13T13:12:56.153+0530","caller":"events/manager.go:97","msg":"SSE enabled, getting SSE connection"}
{"level":"debug","time":"2025-05-13T13:12:57.257+0530","caller":"archivemanager/setup.go:340","msg":"digestMap: map[.gitignore:{6789880119083260772 539 .gitignore false} .hyperexecute.yaml:{1590915880909794362 3564 .hyperexecute.yaml false} .idea:{0 0 .idea true} .idea/.gitignore:{16279786366844463540 122 .idea/.gitignore false} .idea/gradle.xml:{4659657774069657883 558 .idea/gradle.xml false} .idea/misc.xml:{16225606672018911431 354 .idea/misc.xml false} .idea/workspace.xml:{11434788426567933113 10109 .idea/workspace.xml false} build.gradle:{6402680117770863533 524 build.gradle false} cucumber_context.json:{10190887627203814083 8228 cucumber_context.json false} gradle:{0 0 gradle true} gradle/wrapper:{0 0 gradle/wrapper true} gradle/wrapper/gradle-wrapper.jar:{8142569059071412300 60756 gradle/wrapper/gradle-wrapper.jar false} gradle/wrapper/gradle-wrapper.properties:{5454816729783508739 231 gradle/wrapper/gradle-wrapper.properties false} gradlew:{7922637049471180284 8070 gradlew false} gradlew.bat:{16664544825820606439 2763 gradlew.bat false} hyperexecute.yaml:{11102354938538413259 654 hyperexecute.yaml false} settings.gradle:{14290926963802788158 30 settings.gradle false} snooper.log:{10362262988316453443 14464 snooper.log false} src:{0 0 src true} src/test:{0 0 src/test true} src/test/java:{0 0 src/test/java true} src/test/java/APIRunner.java:{7850812801501036521 1032 src/test/java/APIRunner.java false} src/test/java/ParallelRunner.java:{15835990256694852921 643 src/test/java/ParallelRunner.java false} src/test/java/TagRunner.java:{16225404343123923587 824 src/test/java/TagRunner.java false} src/test/java/TestRunner.java:{9767021977487237997 793 src/test/java/TestRunner.java false} src/test/resources:{0 0 src/test/resources true} src/test/resources/Karate-config.js:{16327507150798637260 338 src/test/resources/Karate-config.js false} src/test/resources/apis:{0 0 src/test/resources/apis true} src/test/resources/apis/features:{0 0 src/test/resources/apis/features true} src/test/resources/apis/features/DeleteRequest.feature:{7215814100712510453 302 src/test/resources/apis/features/DeleteRequest.feature false} src/test/resources/apis/features/GetRequest.feature:{15584434973548180755 977 src/test/resources/apis/features/GetRequest.feature false} src/test/resources/apis/features/PostRequest.feature:{14869628535307320508 964 src/test/resources/apis/features/PostRequest.feature false} src/test/resources/apis/features/PutRequest.feature:{12666796336522385911 357 src/test/resources/apis/features/PutRequest.feature false} src/test/resources/logback-test.xml:{6758398796316335698 711 src/test/resources/logback-test.xml false} target:{0 0 target true} target/karate.log:{16462827523834632322 448044 target/karate.log false}]"}
{"level":"debug","time":"2025-05-13T13:12:57.258+0530","caller":"archivemanager/setup.go:346","msg":"Creating archive of target directory: /Users/dhakshath/Documents/KarateAPI"}
{"level":"debug","time":"2025-05-13T13:12:57.275+0530","caller":"core/lifecycle.go:659","msg":"Zip file size: 2.51 kB"}
{"level":"debug","time":"2025-05-13T13:12:57.275+0530","caller":"core/lifecycle.go:669","msg":"Archive location: /Users/dhakshath/Documents/KarateAPI/hyperexecute-code-f838ece5-7461-471a-a106-4a2d936480a0.zip\n"}
{"level":"debug","time":"2025-05-13T13:12:57.276+0530","caller":"storage/azure.go:59","msg":"Payload size: 2.51 kB, source path /Users/dhakshath/Documents/KarateAPI/hyperexecute-code-f838ece5-7461-471a-a106-4a2d936480a0.zip"}
{"level":"debug","time":"2025-05-13T13:12:57.462+0530","caller":"events/manager.go:277","msg":"connection to hyperexecute server established successfully."}
{"level":"info","time":"2025-05-13T13:13:07.420+0530","caller":"storage/azure.go:114","msg":"File upload completed in 10.144454334s"}
{"level":"debug","time":"2025-05-13T13:13:07.420+0530","caller":"receptionmanager/setup.go:277","msg":"only one runtime entry detected, mapping it to older yaml format"}
{"level":"debug","time":"2025-05-13T13:13:07.421+0530","caller":"receptionmanager/setup.go:306","msg":"only one partialreports entry detected, mapping it to older yaml format"}
{"level":"debug","time":"2025-05-13T13:13:07.421+0530","caller":"receptionmanager/setup.go:184","msg":"Uploading yaml : /Users/dhakshath/Documents/KarateAPI/.updatedhyperexecute.yaml"}
{"level":"debug","time":"2025-05-13T13:13:07.421+0530","caller":"storage/azure.go:59","msg":"Payload size: 3.79 kB, source path /Users/dhakshath/Documents/KarateAPI/.updatedhyperexecute.yaml"}
{"level":"info","time":"2025-05-13T13:13:17.491+0530","caller":"storage/azure.go:114","msg":"File upload completed in 10.069585833s"}
{"level":"debug","time":"2025-05-13T13:13:17.491+0530","caller":"core/lifecycle.go:696","msg":"Successfully deleted code archive: /Users/dhakshath/Documents/KarateAPI/hyperexecute-code-f838ece5-7461-471a-a106-4a2d936480a0.zip\n"}
{"level":"debug","time":"2025-05-13T13:13:17.492+0530","caller":"storage/azure.go:59","msg":"Payload size: 769 B, source path mask-f838ece5-7461-471a-a106-4a2d936480a0.yaml"}
{"level":"info","time":"2025-05-13T13:13:27.601+0530","caller":"storage/azure.go:114","msg":"File upload completed in 10.109240292s"}
{"level":"debug","time":"2025-05-13T13:13:29.745+0530","caller":"jobmanager/sse_setup.go:199","msg":"Task id: HYPM-1530760-1747122208596248642GWW"}
{"level":"debug","time":"2025-05-13T13:13:29.746+0530","caller":"jobmanager/sse_setup.go:200","msg":"Sending new task alert to stage manager for taskId: HYPM-1530760-1747122208596248642GWW"}
{"level":"info","time":"2025-05-13T13:13:33.018+0530","caller":"jobmanager/sse_setup.go:85","msg":"\nJob \u001b[1m\u001b[4mf838ece5-7461-471a-a106-4a2d936480a0\u001b[24m\u001b[22m has started \u001b[97mRUNNING\u001b[0m"}
{"level":"info","time":"2025-05-13T13:13:33.018+0530","caller":"jobmanager/manager.go:143","msg":"Job Link: \u001b[4m\u001b[34mhttps://hyperexecute.lambdatest.com/hyperexecute/task?jobId=f838ece5-7461-471a-a106-4a2d936480a0\u001b[0m\u001b[24m\n"}
{"level":"info","time":"2025-05-13T13:13:34.981+0530","caller":"terminal/terminal.go:187","msg":"\u001b[32m✔\u001b[0m [1]  \u001b[2mcache-download (2s)\u001b[22m\n"}
{"level":"info","time":"2025-05-13T13:13:42.634+0530","caller":"terminal/terminal.go:187","msg":"\u001b[32m✔\u001b[0m [1]  \u001b[2msetup-runtime (7s)\u001b[22m\n"}
{"level":"info","time":"2025-05-13T13:13:54.006+0530","caller":"terminal/terminal.go:187","msg":"\u001b[32m✔\u001b[0m [1]  \u001b[2mpre (11s)\u001b[22m\n"}
{"level":"info","time":"2025-05-13T13:13:57.693+0530","caller":"terminal/terminal.go:187","msg":"\u001b[32m✔\u001b[0m [1]  \u001b[2mdiscovery (4s)\u001b[22m\n"}
{"level":"debug","time":"2025-05-13T13:13:58.247+0530","caller":"jobmanager/sse_setup.go:199","msg":"Task id: HYPM-1530760-1747122236933684661YAM"}
{"level":"debug","time":"2025-05-13T13:13:58.247+0530","caller":"jobmanager/sse_setup.go:200","msg":"Sending new task alert to stage manager for taskId: HYPM-1530760-1747122236933684661YAM"}
{"level":"debug","time":"2025-05-13T13:13:58.247+0530","caller":"jobmanager/sse_setup.go:199","msg":"Task id: HYPM-1530760-1747122236977411447TGK"}
{"level":"debug","time":"2025-05-13T13:13:58.247+0530","caller":"jobmanager/sse_setup.go:200","msg":"Sending new task alert to stage manager for taskId: HYPM-1530760-1747122236977411447TGK"}
{"level":"debug","time":"2025-05-13T13:13:58.247+0530","caller":"jobmanager/sse_setup.go:199","msg":"Task id: HYPM-1530760-1747122237019121889FCB"}
{"level":"debug","time":"2025-05-13T13:13:58.247+0530","caller":"jobmanager/sse_setup.go:200","msg":"Sending new task alert to stage manager for taskId: HYPM-1530760-1747122237019121889FCB"}
{"level":"debug","time":"2025-05-13T13:13:58.247+0530","caller":"jobmanager/sse_setup.go:199","msg":"Task id: HYPM-1530760-1747122237068432963EIR"}
{"level":"debug","time":"2025-05-13T13:13:58.247+0530","caller":"jobmanager/sse_setup.go:200","msg":"Sending new task alert to stage manager for taskId: HYPM-1530760-1747122237068432963EIR"}
{"level":"info","time":"2025-05-13T13:14:01.567+0530","caller":"terminal/terminal.go:187","msg":"\u001b[32m✔\u001b[0m [5]  \u001b[2mcache-download (1s)\u001b[22m\n"}
{"level":"info","time":"2025-05-13T13:14:01.723+0530","caller":"terminal/terminal.go:187","msg":"\u001b[32m✔\u001b[0m [4]  \u001b[2mcache-download (2s)\u001b[22m\n"}
{"level":"info","time":"2025-05-13T13:14:01.742+0530","caller":"terminal/terminal.go:187","msg":"\u001b[32m✔\u001b[0m [3]  \u001b[2mcache-download (2s)\u001b[22m\n"}
{"level":"info","time":"2025-05-13T13:14:03.828+0530","caller":"terminal/terminal.go:187","msg":"\u001b[32m✔\u001b[0m [2]  \u001b[2mcache-download (3s)\u001b[22m\n"}
{"level":"info","time":"2025-05-13T13:14:08.309+0530","caller":"terminal/terminal.go:187","msg":"\u001b[32m✔\u001b[0m [5]  \u001b[2msetup-runtime (7s)\u001b[22m\n"}
{"level":"info","time":"2025-05-13T13:14:08.316+0530","caller":"terminal/terminal.go:187","msg":"\u001b[32m✔\u001b[0m [3]  \u001b[2msetup-runtime (7s)\u001b[22m\n"}
{"level":"info","time":"2025-05-13T13:14:08.318+0530","caller":"terminal/terminal.go:187","msg":"\u001b[32m✔\u001b[0m [4]  \u001b[2msetup-runtime (7s)\u001b[22m\n"}
{"level":"info","time":"2025-05-13T13:14:11.916+0530","caller":"terminal/terminal.go:187","msg":"\u001b[32m✔\u001b[0m [2]  \u001b[2msetup-runtime (8s)\u001b[22m\n"}
{"level":"info","time":"2025-05-13T13:14:17.345+0530","caller":"terminal/terminal.go:187","msg":"\u001b[32m✔\u001b[0m [3]  \u001b[2mpre (9s)\u001b[22m\n"}
{"level":"info","time":"2025-05-13T13:14:18.896+0530","caller":"terminal/terminal.go:187","msg":"\u001b[32m✔\u001b[0m [4]  \u001b[2mpre (11s)\u001b[22m\n"}
{"level":"info","time":"2025-05-13T13:14:19.475+0530","caller":"terminal/terminal.go:187","msg":"\u001b[32m✔\u001b[0m [5]  \u001b[2mpre (11s)\u001b[22m\n"}
{"level":"info","time":"2025-05-13T13:14:22.260+0530","caller":"terminal/terminal.go:187","msg":"\u001b[32m✔\u001b[0m [2]  \u001b[2mpre (10s)\u001b[22m\n"}
{"level":"info","time":"2025-05-13T13:14:34.612+0530","caller":"terminal/terminal.go:187","msg":"\u001b[30m✔\u001b[0m [3]  \u001b[2msrc/test/resources/apis/features/GetRequest.feature:23 (15s)\u001b[22m\n"}
{"level":"info","time":"2025-05-13T13:14:35.355+0530","caller":"terminal/terminal.go:187","msg":"\u001b[30m✔\u001b[0m [4]  \u001b[2msrc/test/resources/apis/features/GetRequest.feature:16 (13s)\u001b[22m\n"}
{"level":"info","time":"2025-05-13T13:14:36.201+0530","caller":"terminal/terminal.go:187","msg":"\u001b[30m✔\u001b[0m [5]  \u001b[2msrc/test/resources/apis/features/DeleteRequest.feature:10 (14s)\u001b[22m\n"}
{"level":"info","time":"2025-05-13T13:14:37.027+0530","caller":"terminal/terminal.go:187","msg":"\u001b[30m✔\u001b[0m [3]  \u001b[2msrc/test/resources/apis/features/PostRequest.feature:18 (3s)\u001b[22m\n"}
{"level":"info","time":"2025-05-13T13:14:37.915+0530","caller":"terminal/terminal.go:187","msg":"\u001b[30m✔\u001b[0m [4]  \u001b[2msrc/test/resources/apis/features/PostRequest.feature:10 (4s)\u001b[22m\n"}
{"level":"info","time":"2025-05-13T13:14:40.257+0530","caller":"terminal/terminal.go:187","msg":"\u001b[30m✔\u001b[0m [4]  \u001b[2msrc/test/resources/apis/features/PutRequest.feature:10 (3s)\u001b[22m\n"}
{"level":"info","time":"2025-05-13T13:14:41.666+0530","caller":"terminal/terminal.go:187","msg":"\u001b[30m✔\u001b[0m [5]  \u001b[2msrc/test/resources/apis/features/GetRequest.feature:38 (7s)\u001b[22m\n"}
{"level":"info","time":"2025-05-13T13:14:42.085+0530","caller":"terminal/terminal.go:187","msg":"\u001b[30m✔\u001b[0m [2]  \u001b[2msrc/test/resources/apis/features/GetRequest.feature:30 (15s)\u001b[22m\n"}
{"level":"info","time":"2025-05-13T13:14:43.995+0530","caller":"terminal/terminal.go:187","msg":"\u001b[30m✔\u001b[0m [5]  \u001b[2msrc/test/resources/apis/features/PostRequest.feature:34 (3s)\u001b[22m\n"}
{"level":"info","time":"2025-05-13T13:14:44.730+0530","caller":"terminal/terminal.go:187","msg":"\u001b[30m✔\u001b[0m [2]  \u001b[2msrc/test/resources/apis/features/PostRequest.feature:26 (4s)\u001b[22m\n"}
{"level":"debug","time":"2025-05-13T13:14:47.481+0530","caller":"jobmanager/sse_setup.go:141","msg":"\n\nJob status"}
{"level":"debug","time":"2025-05-13T13:14:47.481+0530","caller":"core/lifecycle.go:874","msg":"Context canceled"}
{"level":"info","time":"2025-05-13T13:14:47.481+0530","caller":"core/lifecycle.go:877","msg":"\u001b[2mStopping pipeline gracefully\u001b[22m"}
{"level":"info","time":"2025-05-13T13:14:47.481+0530","caller":"jobmanager/manager.go:143","msg":"Job Link: \u001b[4m\u001b[34mhttps://hyperexecute.lambdatest.com/hyperexecute/task?jobId=f838ece5-7461-471a-a106-4a2d936480a0\u001b[0m\u001b[24m\n"}
{"level":"debug","time":"2025-05-13T13:14:47.482+0530","caller":"core/lifecycle.go:59","msg":"Quit requested from main goroutine...."}
{"level":"debug","time":"2025-05-13T13:14:47.483+0530","caller":"core/lifecycle.go:60","msg":"Waiting for the goroutines to exit"}
{"level":"info","time":"2025-05-13T13:14:48.276+0530","caller":"jobmanager/JobSummaryManager.go:54","msg":"\n\u001b[102m\u001b[1m\u001b[30m PARTIALLY COMPLETED \u001b[0m\u001b[22m\u001b[0m\n"}
{"level":"info","time":"2025-05-13T13:14:48.277+0530","caller":"jobmanager/JobSummaryManager.go:113","msg":"    \u001b[1mTest Execution Time\u001b[22m:                  \u001b[92m24s\u001b[0m"}
{"level":"info","time":"2025-05-13T13:14:48.278+0530","caller":"jobmanager/JobSummaryManager.go:113","msg":"    \u001b[1mJob Duration Time\u001b[22m:                    1m14s"}
{"level":"info","time":"2025-05-13T13:14:48.278+0530","caller":"jobmanager/JobSummaryManager.go:113","msg":"    \u001b[1mTotal Tasks\u001b[22m:                          5"}
{"level":"info","time":"2025-05-13T13:14:48.278+0530","caller":"jobmanager/JobSummaryManager.go:113","msg":"    \u001b[1mCumulative Time Consumed\u001b[22m:             3m16s"}
{"level":"info","time":"2025-05-13T13:14:48.278+0530","caller":"jobmanager/JobSummaryManager.go:113","msg":"    \u001b[1mTotal Stages\u001b[22m:                         16"}
{"level":"info","time":"2025-05-13T13:14:48.278+0530","caller":"jobmanager/JobSummaryManager.go:113","msg":"    \u001b[1mPass discovery stage percentage\u001b[22m:      100.00%"}
{"level":"info","time":"2025-05-13T13:14:48.278+0530","caller":"jobmanager/JobSummaryManager.go:113","msg":"    \u001b[1mFailed discovery stage percentage\u001b[22m:    0.00%"}
{"level":"info","time":"2025-05-13T13:14:48.278+0530","caller":"jobmanager/JobSummaryManager.go:113","msg":"    \u001b[1mPass pre stage percentage\u001b[22m:            \u001b[92m100.00%\u001b[0m"}
{"level":"info","time":"2025-05-13T13:14:48.278+0530","caller":"jobmanager/JobSummaryManager.go:113","msg":"    \u001b[1mFailed pre stage percentage\u001b[22m:          0.00%"}
{"level":"info","time":"2025-05-13T13:14:48.278+0530","caller":"jobmanager/JobSummaryManager.go:113","msg":"    \u001b[1mPass test stage percentage\u001b[22m:           \u001b[92m100.00%\u001b[0m"}
{"level":"info","time":"2025-05-13T13:14:48.278+0530","caller":"jobmanager/JobSummaryManager.go:113","msg":"    \u001b[1mFailed test stage percentage\u001b[22m:         0.00%"}
{"level":"info","time":"2025-05-13T13:14:48.278+0530","caller":"jobmanager/JobSummaryManager.go:113","msg":"    \u001b[1mPass post stage percentage\u001b[22m:           0.00%"}
{"level":"info","time":"2025-05-13T13:14:48.278+0530","caller":"jobmanager/JobSummaryManager.go:113","msg":"    \u001b[1mFailed post stage percentage\u001b[22m:         0.00%"}
{"level":"info","time":"2025-05-13T13:14:48.278+0530","caller":"jobmanager/JobSummaryManager.go:113","msg":"    \u001b[1mFailed Tasks\u001b[22m:                         0"}
{"level":"info","time":"2025-05-13T13:14:48.278+0530","caller":"jobmanager/JobSummaryManager.go:58","msg":""}
{"level":"debug","time":"2025-05-13T13:15:17.483+0530","caller":"cmd/bin.go:346","msg":"main: all goroutines have finished."}
{"level":"debug","time":"2025-05-13T13:17:30.783+0530","caller":"cmd/bin.go:137","msg":"cli os: darwin, cli arch: arm64"}
{"level":"debug","time":"2025-05-13T13:17:31.735+0530","caller":"cmd/bin.go:146","msg":"Upstream version details: {Name:cli Min:0.2.195 Max:0.2.272} "}
{"level":"debug","time":"2025-05-13T13:17:34.880+0530","caller":"core/lifecycle.go:108","msg":"Setting environment"}
{"level":"debug","time":"2025-05-13T13:17:34.881+0530","caller":"core/lifecycle.go:111","msg":"Parsing config"}
{"level":"debug","time":"2025-05-13T13:17:34.882+0530","caller":"yamlconfigmanager/setup.go:717","msg":"Custom location for .hyperexecute.yaml specified. Using: hyperexecute.yaml"}
{"level":"debug","time":"2025-05-13T13:17:34.882+0530","caller":"yamlconfigmanager/setup.go:117","msg":"using hyperexecute config from : hyperexecute.yaml"}
{"level":"debug","time":"2025-05-13T13:17:35.821+0530","caller":"yamlconfigmanager/setup.go:2108","msg":"Autodetecting test type in files of path : /Users/dhakshath/Documents/KarateAPI"}
{"level":"debug","time":"2025-05-13T13:17:35.823+0530","caller":"yamlconfigmanager/setup.go:541","msg":"Tunnel: %!t(<nil>)"}
{"level":"info","time":"2025-05-13T13:17:35.823+0530","caller":"models/HypertestYamlConfig.go:874","msg":"\n\u001b[4m\u001b[1m\u001b[97mExecution Plan\u001b[0m\u001b[22m\u001b[24m"}
{"level":"info","time":"2025-05-13T13:17:35.824+0530","caller":"models/HypertestYamlConfig.go:675","msg":"Mode:    \u001b[36mautosplit\u001b[0m"}
{"level":"info","time":"2025-05-13T13:17:35.824+0530","caller":"models/HypertestYamlConfig.go:735","msg":"Runson:    \u001b[36mmac\u001b[0m"}
{"level":"info","time":"2025-05-13T13:17:35.824+0530","caller":"models/HypertestYamlConfig.go:743","msg":"Concurrency:    \u001b[36m10\u001b[0m"}
{"level":"info","time":"2025-05-13T13:17:35.824+0530","caller":"models/HypertestYamlConfig.go:807","msg":"Report:    \u001b[36menabled\u001b[0m"}
{"level":"info","time":"2025-05-13T13:17:35.824+0530","caller":"models/HypertestYamlConfig.go:887","msg":""}
{"level":"debug","time":"2025-05-13T13:17:35.824+0530","caller":"filevalidator/setup.go:49","msg":"Warning: Checking data.json file in current directory, no dataJsonPath found in .hyperexecute.yaml"}
{"level":"debug","time":"2025-05-13T13:17:35.824+0530","caller":"filevalidator/setup.go:53","msg":"Warning: data.json file doesn't exist"}
{"level":"debug","time":"2025-05-13T13:17:37.744+0530","caller":"core/lifecycle.go:516","msg":"Job ID: 15b24954-78f5-4811-b030-8e0b06c8f0b2"}
{"level":"debug","time":"2025-05-13T13:17:37.744+0530","caller":"events/manager.go:95","msg":"Starting event manager"}
{"level":"debug","time":"2025-05-13T13:17:37.745+0530","caller":"events/manager.go:97","msg":"SSE enabled, getting SSE connection"}
{"level":"debug","time":"2025-05-13T13:17:38.885+0530","caller":"archivemanager/setup.go:340","msg":"digestMap: map[.gitignore:{6789880119083260772 539 .gitignore false} .idea:{0 0 .idea true} .idea/.gitignore:{16279786366844463540 122 .idea/.gitignore false} .idea/gradle.xml:{4659657774069657883 558 .idea/gradle.xml false} .idea/misc.xml:{16225606672018911431 354 .idea/misc.xml false} .idea/workspace.xml:{11434788426567933113 10109 .idea/workspace.xml false} build.gradle:{6402680117770863533 524 build.gradle false} cucumber_context.json:{10190887627203814083 8228 cucumber_context.json false} gradle:{0 0 gradle true} gradle/wrapper:{0 0 gradle/wrapper true} gradle/wrapper/gradle-wrapper.jar:{8142569059071412300 60756 gradle/wrapper/gradle-wrapper.jar false} gradle/wrapper/gradle-wrapper.properties:{5454816729783508739 231 gradle/wrapper/gradle-wrapper.properties false} gradlew:{7922637049471180284 8070 gradlew false} gradlew.bat:{16664544825820606439 2763 gradlew.bat false} hyperexecute.yaml:{13551928723367612381 740 hyperexecute.yaml false} hyperexecute__metadata__.json:{8720704765352721524 51 hyperexecute__metadata__.json false} settings.gradle:{14290926963802788158 30 settings.gradle false} snooper.log:{10362262988316453443 14464 snooper.log false} src:{0 0 src true} src/test:{0 0 src/test true} src/test/java:{0 0 src/test/java true} src/test/java/APIRunner.java:{7850812801501036521 1032 src/test/java/APIRunner.java false} src/test/java/ParallelRunner.java:{15835990256694852921 643 src/test/java/ParallelRunner.java false} src/test/java/TagRunner.java:{16225404343123923587 824 src/test/java/TagRunner.java false} src/test/java/TestRunner.java:{9767021977487237997 793 src/test/java/TestRunner.java false} src/test/resources:{0 0 src/test/resources true} src/test/resources/Karate-config.js:{16327507150798637260 338 src/test/resources/Karate-config.js false} src/test/resources/apis:{0 0 src/test/resources/apis true} src/test/resources/apis/features:{0 0 src/test/resources/apis/features true} src/test/resources/apis/features/DeleteRequest.feature:{7215814100712510453 302 src/test/resources/apis/features/DeleteRequest.feature false} src/test/resources/apis/features/GetRequest.feature:{15584434973548180755 977 src/test/resources/apis/features/GetRequest.feature false} src/test/resources/apis/features/PostRequest.feature:{14869628535307320508 964 src/test/resources/apis/features/PostRequest.feature false} src/test/resources/apis/features/PutRequest.feature:{12666796336522385911 357 src/test/resources/apis/features/PutRequest.feature false} src/test/resources/logback-test.xml:{6758398796316335698 711 src/test/resources/logback-test.xml false} target:{0 0 target true} target/karate.log:{16462827523834632322 448044 target/karate.log false}]"}
{"level":"debug","time":"2025-05-13T13:17:38.886+0530","caller":"archivemanager/setup.go:346","msg":"Creating archive of target directory: /Users/dhakshath/Documents/KarateAPI"}
{"level":"debug","time":"2025-05-13T13:17:38.904+0530","caller":"core/lifecycle.go:659","msg":"Zip file size: 2.33 kB"}
{"level":"debug","time":"2025-05-13T13:17:38.904+0530","caller":"core/lifecycle.go:669","msg":"Archive location: /Users/dhakshath/Documents/KarateAPI/hyperexecute-code-15b24954-78f5-4811-b030-8e0b06c8f0b2.zip\n"}
{"level":"debug","time":"2025-05-13T13:17:38.905+0530","caller":"storage/azure.go:59","msg":"Payload size: 2.33 kB, source path /Users/dhakshath/Documents/KarateAPI/hyperexecute-code-15b24954-78f5-4811-b030-8e0b06c8f0b2.zip"}
{"level":"debug","time":"2025-05-13T13:17:39.111+0530","caller":"events/manager.go:277","msg":"connection to hyperexecute server established successfully."}
{"level":"info","time":"2025-05-13T13:17:49.073+0530","caller":"storage/azure.go:114","msg":"File upload completed in 10.168044416s"}
{"level":"debug","time":"2025-05-13T13:17:49.073+0530","caller":"receptionmanager/setup.go:277","msg":"only one runtime entry detected, mapping it to older yaml format"}
{"level":"debug","time":"2025-05-13T13:17:49.074+0530","caller":"receptionmanager/setup.go:306","msg":"only one partialreports entry detected, mapping it to older yaml format"}
{"level":"debug","time":"2025-05-13T13:17:49.074+0530","caller":"receptionmanager/setup.go:184","msg":"Uploading yaml : /Users/dhakshath/Documents/KarateAPI/.updatedhyperexecute.yaml"}
{"level":"debug","time":"2025-05-13T13:17:49.074+0530","caller":"storage/azure.go:59","msg":"Payload size: 3.48 kB, source path /Users/dhakshath/Documents/KarateAPI/.updatedhyperexecute.yaml"}
{"level":"info","time":"2025-05-13T13:17:59.147+0530","caller":"storage/azure.go:114","msg":"File upload completed in 10.072927791s"}
{"level":"debug","time":"2025-05-13T13:17:59.147+0530","caller":"core/lifecycle.go:696","msg":"Successfully deleted code archive: /Users/dhakshath/Documents/KarateAPI/hyperexecute-code-15b24954-78f5-4811-b030-8e0b06c8f0b2.zip\n"}
{"level":"debug","time":"2025-05-13T13:17:59.148+0530","caller":"storage/azure.go:59","msg":"Payload size: 582 B, source path mask-15b24954-78f5-4811-b030-8e0b06c8f0b2.yaml"}
{"level":"info","time":"2025-05-13T13:18:09.229+0530","caller":"storage/azure.go:114","msg":"File upload completed in 10.080575458s"}
{"level":"debug","time":"2025-05-13T13:18:11.432+0530","caller":"jobmanager/sse_setup.go:199","msg":"Task id: HYPM-1530760-1747122490199253995JBO"}
{"level":"debug","time":"2025-05-13T13:18:11.433+0530","caller":"jobmanager/sse_setup.go:200","msg":"Sending new task alert to stage manager for taskId: HYPM-1530760-1747122490199253995JBO"}
{"level":"info","time":"2025-05-13T13:18:13.692+0530","caller":"jobmanager/sse_setup.go:85","msg":"\nJob \u001b[1m\u001b[4m15b24954-78f5-4811-b030-8e0b06c8f0b2\u001b[24m\u001b[22m has started \u001b[97mRUNNING\u001b[0m"}
{"level":"info","time":"2025-05-13T13:18:13.692+0530","caller":"jobmanager/manager.go:143","msg":"Job Link: \u001b[4m\u001b[34mhttps://hyperexecute.lambdatest.com/hyperexecute/task?jobId=15b24954-78f5-4811-b030-8e0b06c8f0b2\u001b[0m\u001b[24m\n"}
{"level":"info","time":"2025-05-13T13:18:19.280+0530","caller":"terminal/terminal.go:187","msg":"\u001b[32m✔\u001b[0m [1]  \u001b[2msetup-runtime (6s)\u001b[22m\n"}
{"level":"info","time":"2025-05-13T13:18:22.562+0530","caller":"terminal/terminal.go:187","msg":"\u001b[32m✔\u001b[0m [1]  \u001b[2mdiscovery (3s)\u001b[22m\n"}
{"level":"debug","time":"2025-05-13T13:18:23.520+0530","caller":"jobmanager/sse_setup.go:199","msg":"Task id: HYPM-1530760-1747122501753436616UYQ"}
{"level":"debug","time":"2025-05-13T13:18:23.520+0530","caller":"jobmanager/sse_setup.go:200","msg":"Sending new task alert to stage manager for taskId: HYPM-1530760-1747122501753436616UYQ"}
{"level":"debug","time":"2025-05-13T13:18:23.520+0530","caller":"jobmanager/sse_setup.go:199","msg":"Task id: HYPM-1530760-1747122501795115276MHR"}
{"level":"debug","time":"2025-05-13T13:18:23.520+0530","caller":"jobmanager/sse_setup.go:200","msg":"Sending new task alert to stage manager for taskId: HYPM-1530760-1747122501795115276MHR"}
{"level":"debug","time":"2025-05-13T13:18:23.520+0530","caller":"jobmanager/sse_setup.go:199","msg":"Task id: HYPM-1530760-1747122501833420459CGL"}
{"level":"debug","time":"2025-05-13T13:18:23.520+0530","caller":"jobmanager/sse_setup.go:200","msg":"Sending new task alert to stage manager for taskId: HYPM-1530760-1747122501833420459CGL"}
{"level":"debug","time":"2025-05-13T13:18:23.520+0530","caller":"jobmanager/sse_setup.go:199","msg":"Task id: HYPM-1530760-1747122501876736196PZX"}
{"level":"debug","time":"2025-05-13T13:18:23.520+0530","caller":"jobmanager/sse_setup.go:200","msg":"Sending new task alert to stage manager for taskId: HYPM-1530760-1747122501876736196PZX"}
{"level":"debug","time":"2025-05-13T13:18:23.521+0530","caller":"jobmanager/sse_setup.go:199","msg":"Task id: HYPM-1530760-1747122501937274345LSZ"}
{"level":"debug","time":"2025-05-13T13:18:23.521+0530","caller":"jobmanager/sse_setup.go:200","msg":"Sending new task alert to stage manager for taskId: HYPM-1530760-1747122501937274345LSZ"}
{"level":"debug","time":"2025-05-13T13:18:23.521+0530","caller":"jobmanager/sse_setup.go:199","msg":"Task id: HYPM-1530760-1747122501984428548YUM"}
{"level":"debug","time":"2025-05-13T13:18:23.521+0530","caller":"jobmanager/sse_setup.go:200","msg":"Sending new task alert to stage manager for taskId: HYPM-1530760-1747122501984428548YUM"}
{"level":"debug","time":"2025-05-13T13:18:23.521+0530","caller":"jobmanager/sse_setup.go:199","msg":"Task id: HYPM-1530760-1747122502031813727PKQ"}
{"level":"debug","time":"2025-05-13T13:18:23.521+0530","caller":"jobmanager/sse_setup.go:200","msg":"Sending new task alert to stage manager for taskId: HYPM-1530760-1747122502031813727PKQ"}
{"level":"debug","time":"2025-05-13T13:18:23.521+0530","caller":"jobmanager/sse_setup.go:199","msg":"Task id: HYPM-1530760-1747122502077830518BCX"}
{"level":"debug","time":"2025-05-13T13:18:23.521+0530","caller":"jobmanager/sse_setup.go:200","msg":"Sending new task alert to stage manager for taskId: HYPM-1530760-1747122502077830518BCX"}
{"level":"debug","time":"2025-05-13T13:18:23.521+0530","caller":"jobmanager/sse_setup.go:199","msg":"Task id: HYPM-1530760-1747122502125991217SRT"}
{"level":"debug","time":"2025-05-13T13:18:23.521+0530","caller":"jobmanager/sse_setup.go:200","msg":"Sending new task alert to stage manager for taskId: HYPM-1530760-1747122502125991217SRT"}
{"level":"debug","time":"2025-05-13T13:18:23.521+0530","caller":"jobmanager/sse_setup.go:199","msg":"Task id: HYPM-1530760-1747122502173344269ITH"}
{"level":"debug","time":"2025-05-13T13:18:23.521+0530","caller":"jobmanager/sse_setup.go:200","msg":"Sending new task alert to stage manager for taskId: HYPM-1530760-1747122502173344269ITH"}
{"level":"info","time":"2025-05-13T13:18:31.368+0530","caller":"terminal/terminal.go:187","msg":"\u001b[32m✔\u001b[0m [6]  \u001b[2msetup-runtime (6s)\u001b[22m\n"}
{"level":"info","time":"2025-05-13T13:18:31.762+0530","caller":"terminal/terminal.go:187","msg":"\u001b[32m✔\u001b[0m [9]  \u001b[2msetup-runtime (7s)\u001b[22m\n"}
{"level":"info","time":"2025-05-13T13:18:31.897+0530","caller":"terminal/terminal.go:187","msg":"\u001b[32m✔\u001b[0m [11]  \u001b[2msetup-runtime (7s)\u001b[22m\n"}
{"level":"info","time":"2025-05-13T13:18:32.599+0530","caller":"terminal/terminal.go:187","msg":"\u001b[32m✔\u001b[0m [8]  \u001b[2msetup-runtime (8s)\u001b[22m\n"}
{"level":"info","time":"2025-05-13T13:18:34.470+0530","caller":"terminal/terminal.go:187","msg":"\u001b[32m✔\u001b[0m [7]  \u001b[2msetup-runtime (7s)\u001b[22m\n"}
{"level":"info","time":"2025-05-13T13:18:35.087+0530","caller":"terminal/terminal.go:187","msg":"\u001b[32m✔\u001b[0m [2]  \u001b[2msetup-runtime (8s)\u001b[22m\n"}
{"level":"info","time":"2025-05-13T13:18:35.103+0530","caller":"terminal/terminal.go:187","msg":"\u001b[32m✔\u001b[0m [5]  \u001b[2msetup-runtime (8s)\u001b[22m\n"}
{"level":"info","time":"2025-05-13T13:18:35.258+0530","caller":"terminal/terminal.go:187","msg":"\u001b[32m✔\u001b[0m [10]  \u001b[2msetup-runtime (10s)\u001b[22m\n"}
{"level":"info","time":"2025-05-13T13:18:35.876+0530","caller":"terminal/terminal.go:187","msg":"\u001b[32m✔\u001b[0m [4]  \u001b[2msetup-runtime (11s)\u001b[22m\n"}
{"level":"info","time":"2025-05-13T13:18:40.639+0530","caller":"terminal/terminal.go:187","msg":"\u001b[32m✔\u001b[0m [3]  \u001b[2msetup-runtime (14s)\u001b[22m\n"}
{"level":"info","time":"2025-05-13T13:18:51.163+0530","caller":"terminal/terminal.go:187","msg":"\u001b[30m✔\u001b[0m [6]  \u001b[2msrc/test/resources/apis/features/PostRequest.feature:10 (17s)\u001b[22m\n"}
{"level":"info","time":"2025-05-13T13:18:52.141+0530","caller":"terminal/terminal.go:187","msg":"\u001b[30m✔\u001b[0m [9]  \u001b[2msrc/test/resources/apis/features/GetRequest.feature:23 (17s)\u001b[22m\n"}
{"level":"info","time":"2025-05-13T13:18:52.544+0530","caller":"terminal/terminal.go:187","msg":"\u001b[30m✔\u001b[0m [8]  \u001b[2msrc/test/resources/apis/features/GetRequest.feature:30 (16s)\u001b[22m\n"}
{"level":"info","time":"2025-05-13T13:18:52.734+0530","caller":"terminal/terminal.go:187","msg":"\u001b[30m✔\u001b[0m [11]  \u001b[2msrc/test/resources/apis/features/DeleteRequest.feature:10 (18s)\u001b[22m\n"}
{"level":"info","time":"2025-05-13T13:18:55.674+0530","caller":"terminal/terminal.go:187","msg":"\u001b[30m✔\u001b[0m [10]  \u001b[2msrc/test/resources/apis/features/GetRequest.feature:16 (18s)\u001b[22m\n"}
{"level":"info","time":"2025-05-13T13:18:56.422+0530","caller":"terminal/terminal.go:187","msg":"\u001b[30m✔\u001b[0m [4]  \u001b[2msrc/test/resources/apis/features/PostRequest.feature:26 (17s)\u001b[22m\n"}
{"level":"info","time":"2025-05-13T13:18:59.851+0530","caller":"terminal/terminal.go:187","msg":"\u001b[30m✔\u001b[0m [2]  \u001b[2msrc/test/resources/apis/features/PutRequest.feature:10 (21s)\u001b[22m\n"}
{"level":"info","time":"2025-05-13T13:19:00.952+0530","caller":"terminal/terminal.go:187","msg":"\u001b[30m✔\u001b[0m [5]  \u001b[2msrc/test/resources/apis/features/PostRequest.feature:18 (22s)\u001b[22m\n"}
{"level":"info","time":"2025-05-13T13:19:03.133+0530","caller":"terminal/terminal.go:187","msg":"\u001b[30m✔\u001b[0m [7]  \u001b[2msrc/test/resources/apis/features/GetRequest.feature:38 (24s)\u001b[22m\n"}
{"level":"info","time":"2025-05-13T13:19:04.926+0530","caller":"terminal/terminal.go:187","msg":"\u001b[30m✔\u001b[0m [3]  \u001b[2msrc/test/resources/apis/features/PostRequest.feature:34 (20s)\u001b[22m\n"}
{"level":"debug","time":"2025-05-13T13:19:07.355+0530","caller":"jobmanager/sse_setup.go:141","msg":"\n\nJob status"}
{"level":"debug","time":"2025-05-13T13:19:07.355+0530","caller":"core/lifecycle.go:874","msg":"Context canceled"}
{"level":"info","time":"2025-05-13T13:19:07.355+0530","caller":"core/lifecycle.go:877","msg":"\u001b[2mStopping pipeline gracefully\u001b[22m"}
{"level":"info","time":"2025-05-13T13:19:07.356+0530","caller":"jobmanager/manager.go:143","msg":"Job Link: \u001b[4m\u001b[34mhttps://hyperexecute.lambdatest.com/hyperexecute/task?jobId=15b24954-78f5-4811-b030-8e0b06c8f0b2\u001b[0m\u001b[24m\n"}
{"level":"debug","time":"2025-05-13T13:19:07.357+0530","caller":"core/lifecycle.go:59","msg":"Quit requested from main goroutine...."}
{"level":"debug","time":"2025-05-13T13:19:07.357+0530","caller":"core/lifecycle.go:60","msg":"Waiting for the goroutines to exit"}
{"level":"info","time":"2025-05-13T13:19:08.112+0530","caller":"jobmanager/JobSummaryManager.go:54","msg":"\n\u001b[102m\u001b[1m\u001b[30m PARTIALLY COMPLETED \u001b[0m\u001b[22m\u001b[0m\n"}
{"level":"info","time":"2025-05-13T13:19:08.112+0530","caller":"jobmanager/JobSummaryManager.go:113","msg":"    \u001b[1mTest Execution Time\u001b[22m:                  \u001b[92m30s\u001b[0m"}
{"level":"info","time":"2025-05-13T13:19:08.113+0530","caller":"jobmanager/JobSummaryManager.go:113","msg":"    \u001b[1mJob Duration Time\u001b[22m:                    53s"}
{"level":"info","time":"2025-05-13T13:19:08.113+0530","caller":"jobmanager/JobSummaryManager.go:113","msg":"    \u001b[1mTotal Tasks\u001b[22m:                          11"}
{"level":"info","time":"2025-05-13T13:19:08.113+0530","caller":"jobmanager/JobSummaryManager.go:113","msg":"    \u001b[1mCumulative Time Consumed\u001b[22m:             5m25s"}
{"level":"info","time":"2025-05-13T13:19:08.113+0530","caller":"jobmanager/JobSummaryManager.go:113","msg":"    \u001b[1mTotal Stages\u001b[22m:                         11"}
{"level":"info","time":"2025-05-13T13:19:08.113+0530","caller":"jobmanager/JobSummaryManager.go:113","msg":"    \u001b[1mPass discovery stage percentage\u001b[22m:      100.00%"}
{"level":"info","time":"2025-05-13T13:19:08.113+0530","caller":"jobmanager/JobSummaryManager.go:113","msg":"    \u001b[1mFailed discovery stage percentage\u001b[22m:    0.00%"}
{"level":"info","time":"2025-05-13T13:19:08.113+0530","caller":"jobmanager/JobSummaryManager.go:113","msg":"    \u001b[1mPass pre stage percentage\u001b[22m:            0.00%"}
{"level":"info","time":"2025-05-13T13:19:08.113+0530","caller":"jobmanager/JobSummaryManager.go:113","msg":"    \u001b[1mFailed pre stage percentage\u001b[22m:          0.00%"}
{"level":"info","time":"2025-05-13T13:19:08.113+0530","caller":"jobmanager/JobSummaryManager.go:113","msg":"    \u001b[1mPass test stage percentage\u001b[22m:           \u001b[92m100.00%\u001b[0m"}
{"level":"info","time":"2025-05-13T13:19:08.113+0530","caller":"jobmanager/JobSummaryManager.go:113","msg":"    \u001b[1mFailed test stage percentage\u001b[22m:         0.00%"}
{"level":"info","time":"2025-05-13T13:19:08.113+0530","caller":"jobmanager/JobSummaryManager.go:113","msg":"    \u001b[1mPass post stage percentage\u001b[22m:           0.00%"}
{"level":"info","time":"2025-05-13T13:19:08.113+0530","caller":"jobmanager/JobSummaryManager.go:113","msg":"    \u001b[1mFailed post stage percentage\u001b[22m:         0.00%"}
{"level":"info","time":"2025-05-13T13:19:08.113+0530","caller":"jobmanager/JobSummaryManager.go:113","msg":"    \u001b[1mFailed Tasks\u001b[22m:                         0"}
{"level":"info","time":"2025-05-13T13:19:08.113+0530","caller":"jobmanager/JobSummaryManager.go:58","msg":""}
{"level":"debug","time":"2025-05-13T13:19:37.358+0530","caller":"cmd/bin.go:346","msg":"main: all goroutines have finished."}
{"level":"debug","time":"2025-05-13T13:23:02.699+0530","caller":"cmd/bin.go:137","msg":"cli os: darwin, cli arch: arm64"}
{"level":"debug","time":"2025-05-13T13:23:03.572+0530","caller":"cmd/bin.go:146","msg":"Upstream version details: {Name:cli Min:0.2.195 Max:0.2.272} "}
{"level":"debug","time":"2025-05-13T13:23:06.659+0530","caller":"core/lifecycle.go:108","msg":"Setting environment"}
{"level":"debug","time":"2025-05-13T13:23:06.660+0530","caller":"core/lifecycle.go:111","msg":"Parsing config"}
{"level":"debug","time":"2025-05-13T13:23:06.660+0530","caller":"yamlconfigmanager/setup.go:717","msg":"Custom location for .hyperexecute.yaml specified. Using: hyperexecute.yaml"}
{"level":"debug","time":"2025-05-13T13:23:06.661+0530","caller":"yamlconfigmanager/setup.go:117","msg":"using hyperexecute config from : hyperexecute.yaml"}
{"level":"debug","time":"2025-05-13T13:23:07.634+0530","caller":"yamlconfigmanager/setup.go:2108","msg":"Autodetecting test type in files of path : /Users/dhakshath/Documents/KarateAPI"}
{"level":"debug","time":"2025-05-13T13:23:07.636+0530","caller":"yamlconfigmanager/setup.go:541","msg":"Tunnel: %!t(<nil>)"}
{"level":"info","time":"2025-05-13T13:23:07.636+0530","caller":"models/HypertestYamlConfig.go:874","msg":"\n\u001b[4m\u001b[1m\u001b[97mExecution Plan\u001b[0m\u001b[22m\u001b[24m"}
{"level":"info","time":"2025-05-13T13:23:07.637+0530","caller":"models/HypertestYamlConfig.go:675","msg":"Mode:    \u001b[36mautosplit\u001b[0m"}
{"level":"info","time":"2025-05-13T13:23:07.637+0530","caller":"models/HypertestYamlConfig.go:735","msg":"Runson:    \u001b[36mmac\u001b[0m"}
{"level":"info","time":"2025-05-13T13:23:07.637+0530","caller":"models/HypertestYamlConfig.go:743","msg":"Concurrency:    \u001b[36m10\u001b[0m"}
{"level":"info","time":"2025-05-13T13:23:07.637+0530","caller":"models/HypertestYamlConfig.go:807","msg":"Report:    \u001b[36menabled\u001b[0m"}
{"level":"info","time":"2025-05-13T13:23:07.637+0530","caller":"models/HypertestYamlConfig.go:887","msg":""}
{"level":"debug","time":"2025-05-13T13:23:07.637+0530","caller":"filevalidator/setup.go:49","msg":"Warning: Checking data.json file in current directory, no dataJsonPath found in .hyperexecute.yaml"}
{"level":"debug","time":"2025-05-13T13:23:07.638+0530","caller":"filevalidator/setup.go:53","msg":"Warning: data.json file doesn't exist"}
{"level":"debug","time":"2025-05-13T13:23:09.627+0530","caller":"core/lifecycle.go:516","msg":"Job ID: fc9eec4f-736c-4186-b51e-e2d90290d53f"}
{"level":"debug","time":"2025-05-13T13:23:09.627+0530","caller":"events/manager.go:95","msg":"Starting event manager"}
{"level":"debug","time":"2025-05-13T13:23:09.627+0530","caller":"events/manager.go:97","msg":"SSE enabled, getting SSE connection"}
{"level":"debug","time":"2025-05-13T13:23:10.740+0530","caller":"events/manager.go:277","msg":"connection to hyperexecute server established successfully."}
{"level":"debug","time":"2025-05-13T13:23:10.754+0530","caller":"archivemanager/setup.go:340","msg":"digestMap: map[.gitignore:{6789880119083260772 539 .gitignore false} .hyperexecute.yaml:{15110485918403458001 3504 .hyperexecute.yaml false} .idea:{0 0 .idea true} .idea/.gitignore:{16279786366844463540 122 .idea/.gitignore false} .idea/gradle.xml:{4659657774069657883 558 .idea/gradle.xml false} .idea/misc.xml:{16225606672018911431 354 .idea/misc.xml false} .idea/workspace.xml:{11434788426567933113 10109 .idea/workspace.xml false} build.gradle:{6402680117770863533 524 build.gradle false} cucumber_context.json:{10190887627203814083 8228 cucumber_context.json false} gradle:{0 0 gradle true} gradle/wrapper:{0 0 gradle/wrapper true} gradle/wrapper/gradle-wrapper.jar:{8142569059071412300 60756 gradle/wrapper/gradle-wrapper.jar false} gradle/wrapper/gradle-wrapper.properties:{5454816729783508739 231 gradle/wrapper/gradle-wrapper.properties false} gradlew:{7922637049471180284 8070 gradlew false} gradlew.bat:{16664544825820606439 2763 gradlew.bat false} hyperexecute.yaml:{14694908183603034909 557 hyperexecute.yaml false} settings.gradle:{14290926963802788158 30 settings.gradle false} snooper.log:{10362262988316453443 14464 snooper.log false} src:{0 0 src true} src/test:{0 0 src/test true} src/test/java:{0 0 src/test/java true} src/test/java/APIRunner.java:{7850812801501036521 1032 src/test/java/APIRunner.java false} src/test/java/ParallelRunner.java:{15835990256694852921 643 src/test/java/ParallelRunner.java false} src/test/java/TagRunner.java:{16225404343123923587 824 src/test/java/TagRunner.java false} src/test/java/TestRunner.java:{9767021977487237997 793 src/test/java/TestRunner.java false} src/test/resources:{0 0 src/test/resources true} src/test/resources/Karate-config.js:{16327507150798637260 338 src/test/resources/Karate-config.js false} src/test/resources/apis:{0 0 src/test/resources/apis true} src/test/resources/apis/features:{0 0 src/test/resources/apis/features true} src/test/resources/apis/features/DeleteRequest.feature:{7215814100712510453 302 src/test/resources/apis/features/DeleteRequest.feature false} src/test/resources/apis/features/GetRequest.feature:{15584434973548180755 977 src/test/resources/apis/features/GetRequest.feature false} src/test/resources/apis/features/PostRequest.feature:{14869628535307320508 964 src/test/resources/apis/features/PostRequest.feature false} src/test/resources/apis/features/PutRequest.feature:{12666796336522385911 357 src/test/resources/apis/features/PutRequest.feature false} src/test/resources/logback-test.xml:{6758398796316335698 711 src/test/resources/logback-test.xml false} target:{0 0 target true} target/karate.log:{16462827523834632322 448044 target/karate.log false}]"}
{"level":"debug","time":"2025-05-13T13:23:10.754+0530","caller":"archivemanager/setup.go:346","msg":"Creating archive of target directory: /Users/dhakshath/Documents/KarateAPI"}
{"level":"debug","time":"2025-05-13T13:23:10.776+0530","caller":"core/lifecycle.go:659","msg":"Zip file size: 2.38 kB"}
{"level":"debug","time":"2025-05-13T13:23:10.776+0530","caller":"core/lifecycle.go:669","msg":"Archive location: /Users/dhakshath/Documents/KarateAPI/hyperexecute-code-fc9eec4f-736c-4186-b51e-e2d90290d53f.zip\n"}
{"level":"debug","time":"2025-05-13T13:23:10.777+0530","caller":"storage/azure.go:59","msg":"Payload size: 2.38 kB, source path /Users/dhakshath/Documents/KarateAPI/hyperexecute-code-fc9eec4f-736c-4186-b51e-e2d90290d53f.zip"}
{"level":"info","time":"2025-05-13T13:23:20.959+0530","caller":"storage/azure.go:114","msg":"File upload completed in 10.182928709s"}
{"level":"debug","time":"2025-05-13T13:23:20.960+0530","caller":"receptionmanager/setup.go:277","msg":"only one runtime entry detected, mapping it to older yaml format"}
{"level":"debug","time":"2025-05-13T13:23:20.961+0530","caller":"receptionmanager/setup.go:306","msg":"only one partialreports entry detected, mapping it to older yaml format"}
{"level":"debug","time":"2025-05-13T13:23:20.961+0530","caller":"receptionmanager/setup.go:184","msg":"Uploading yaml : /Users/dhakshath/Documents/KarateAPI/.updatedhyperexecute.yaml"}
{"level":"debug","time":"2025-05-13T13:23:20.961+0530","caller":"storage/azure.go:59","msg":"Payload size: 3.52 kB, source path /Users/dhakshath/Documents/KarateAPI/.updatedhyperexecute.yaml"}
{"level":"info","time":"2025-05-13T13:23:31.038+0530","caller":"storage/azure.go:114","msg":"File upload completed in 10.07749625s"}
{"level":"debug","time":"2025-05-13T13:23:31.039+0530","caller":"core/lifecycle.go:696","msg":"Successfully deleted code archive: /Users/dhakshath/Documents/KarateAPI/hyperexecute-code-fc9eec4f-736c-4186-b51e-e2d90290d53f.zip\n"}
{"level":"debug","time":"2025-05-13T13:23:31.039+0530","caller":"storage/azure.go:59","msg":"Payload size: 614 B, source path mask-fc9eec4f-736c-4186-b51e-e2d90290d53f.yaml"}
{"level":"info","time":"2025-05-13T13:23:41.116+0530","caller":"storage/azure.go:114","msg":"File upload completed in 10.077108083s"}
{"level":"debug","time":"2025-05-13T13:23:43.314+0530","caller":"jobmanager/sse_setup.go:199","msg":"Task id: HYPM-1530760-1747122822060847843BTH"}
{"level":"debug","time":"2025-05-13T13:23:43.315+0530","caller":"jobmanager/sse_setup.go:200","msg":"Sending new task alert to stage manager for taskId: HYPM-1530760-1747122822060847843BTH"}
{"level":"info","time":"2025-05-13T13:23:45.605+0530","caller":"jobmanager/sse_setup.go:85","msg":"\nJob \u001b[1m\u001b[4mfc9eec4f-736c-4186-b51e-e2d90290d53f\u001b[24m\u001b[22m has started \u001b[97mRUNNING\u001b[0m"}
{"level":"info","time":"2025-05-13T13:23:45.605+0530","caller":"jobmanager/manager.go:143","msg":"Job Link: \u001b[4m\u001b[34mhttps://hyperexecute.lambdatest.com/hyperexecute/task?jobId=fc9eec4f-736c-4186-b51e-e2d90290d53f\u001b[0m\u001b[24m\n"}
{"level":"info","time":"2025-05-13T13:23:51.197+0530","caller":"terminal/terminal.go:187","msg":"\u001b[32m✔\u001b[0m [1]  \u001b[2msetup-runtime (7s)\u001b[22m\n"}
{"level":"info","time":"2025-05-13T13:23:54.601+0530","caller":"terminal/terminal.go:187","msg":"\u001b[32m✔\u001b[0m [1]  \u001b[2mdiscovery (4s)\u001b[22m\n"}
{"level":"debug","time":"2025-05-13T13:23:55.596+0530","caller":"jobmanager/sse_setup.go:199","msg":"Task id: HYPM-1530760-1747122833773967399KOY"}
{"level":"debug","time":"2025-05-13T13:23:55.596+0530","caller":"jobmanager/sse_setup.go:200","msg":"Sending new task alert to stage manager for taskId: HYPM-1530760-1747122833773967399KOY"}
{"level":"debug","time":"2025-05-13T13:23:55.596+0530","caller":"jobmanager/sse_setup.go:199","msg":"Task id: HYPM-1530760-1747122833842302625FLU"}
{"level":"debug","time":"2025-05-13T13:23:55.596+0530","caller":"jobmanager/sse_setup.go:200","msg":"Sending new task alert to stage manager for taskId: HYPM-1530760-1747122833842302625FLU"}
{"level":"debug","time":"2025-05-13T13:23:55.596+0530","caller":"jobmanager/sse_setup.go:199","msg":"Task id: HYPM-1530760-1747122833890442210IIK"}
{"level":"debug","time":"2025-05-13T13:23:55.596+0530","caller":"jobmanager/sse_setup.go:200","msg":"Sending new task alert to stage manager for taskId: HYPM-1530760-1747122833890442210IIK"}
{"level":"debug","time":"2025-05-13T13:23:55.596+0530","caller":"jobmanager/sse_setup.go:199","msg":"Task id: HYPM-1530760-1747122833943026357BQT"}
{"level":"debug","time":"2025-05-13T13:23:55.596+0530","caller":"jobmanager/sse_setup.go:200","msg":"Sending new task alert to stage manager for taskId: HYPM-1530760-1747122833943026357BQT"}
{"level":"debug","time":"2025-05-13T13:23:55.596+0530","caller":"jobmanager/sse_setup.go:199","msg":"Task id: HYPM-1530760-1747122833980620206RGI"}
{"level":"debug","time":"2025-05-13T13:23:55.596+0530","caller":"jobmanager/sse_setup.go:200","msg":"Sending new task alert to stage manager for taskId: HYPM-1530760-1747122833980620206RGI"}
{"level":"debug","time":"2025-05-13T13:23:55.596+0530","caller":"jobmanager/sse_setup.go:199","msg":"Task id: HYPM-1530760-1747122834029765434KHK"}
{"level":"debug","time":"2025-05-13T13:23:55.596+0530","caller":"jobmanager/sse_setup.go:200","msg":"Sending new task alert to stage manager for taskId: HYPM-1530760-1747122834029765434KHK"}
{"level":"debug","time":"2025-05-13T13:23:55.596+0530","caller":"jobmanager/sse_setup.go:199","msg":"Task id: HYPM-1530760-1747122834079855436MDP"}
{"level":"debug","time":"2025-05-13T13:23:55.596+0530","caller":"jobmanager/sse_setup.go:200","msg":"Sending new task alert to stage manager for taskId: HYPM-1530760-1747122834079855436MDP"}
{"level":"debug","time":"2025-05-13T13:23:55.596+0530","caller":"jobmanager/sse_setup.go:199","msg":"Task id: HYPM-1530760-1747122834128568781XCN"}
{"level":"debug","time":"2025-05-13T13:23:55.596+0530","caller":"jobmanager/sse_setup.go:200","msg":"Sending new task alert to stage manager for taskId: HYPM-1530760-1747122834128568781XCN"}
{"level":"debug","time":"2025-05-13T13:23:55.596+0530","caller":"jobmanager/sse_setup.go:199","msg":"Task id: HYPM-1530760-1747122834178647693GZF"}
{"level":"debug","time":"2025-05-13T13:23:55.596+0530","caller":"jobmanager/sse_setup.go:200","msg":"Sending new task alert to stage manager for taskId: HYPM-1530760-1747122834178647693GZF"}
{"level":"debug","time":"2025-05-13T13:23:55.596+0530","caller":"jobmanager/sse_setup.go:199","msg":"Task id: HYPM-1530760-1747122834215668075WIA"}
{"level":"debug","time":"2025-05-13T13:23:55.596+0530","caller":"jobmanager/sse_setup.go:200","msg":"Sending new task alert to stage manager for taskId: HYPM-1530760-1747122834215668075WIA"}
{"level":"info","time":"2025-05-13T13:24:04.034+0530","caller":"terminal/terminal.go:187","msg":"\u001b[32m✔\u001b[0m [2]  \u001b[2msetup-runtime (7s)\u001b[22m\n"}
{"level":"info","time":"2025-05-13T13:24:04.427+0530","caller":"terminal/terminal.go:187","msg":"\u001b[32m✔\u001b[0m [10]  \u001b[2msetup-runtime (6s)\u001b[22m\n"}
{"level":"info","time":"2025-05-13T13:24:04.640+0530","caller":"terminal/terminal.go:187","msg":"\u001b[32m✔\u001b[0m [3]  \u001b[2msetup-runtime (7s)\u001b[22m\n"}
{"level":"info","time":"2025-05-13T13:24:06.135+0530","caller":"terminal/terminal.go:187","msg":"\u001b[32m✔\u001b[0m [5]  \u001b[2msetup-runtime (7s)\u001b[22m\n"}
{"level":"info","time":"2025-05-13T13:24:06.693+0530","caller":"terminal/terminal.go:187","msg":"\u001b[32m✔\u001b[0m [7]  \u001b[2msetup-runtime (8s)\u001b[22m\n"}
{"level":"info","time":"2025-05-13T13:24:07.450+0530","caller":"terminal/terminal.go:187","msg":"\u001b[32m✔\u001b[0m [9]  \u001b[2msetup-runtime (8s)\u001b[22m\n"}
{"level":"info","time":"2025-05-13T13:24:07.827+0530","caller":"terminal/terminal.go:187","msg":"\u001b[32m✔\u001b[0m [4]  \u001b[2msetup-runtime (8s)\u001b[22m\n"}
{"level":"info","time":"2025-05-13T13:24:07.933+0530","caller":"terminal/terminal.go:187","msg":"\u001b[32m✔\u001b[0m [6]  \u001b[2msetup-runtime (8s)\u001b[22m\n"}
{"level":"info","time":"2025-05-13T13:24:08.206+0530","caller":"terminal/terminal.go:187","msg":"\u001b[32m✔\u001b[0m [8]  \u001b[2msetup-runtime (9s)\u001b[22m\n"}
{"level":"info","time":"2025-05-13T13:24:08.769+0530","caller":"terminal/terminal.go:187","msg":"\u001b[32m✔\u001b[0m [11]  \u001b[2msetup-runtime (9s)\u001b[22m\n"}
{"level":"info","time":"2025-05-13T13:24:24.789+0530","caller":"terminal/terminal.go:187","msg":"\u001b[32m✔\u001b[0m [3]  \u001b[2msrc/test/resources/apis/features/PostRequest.feature:34 (18s)\u001b[22m\n"}
{"level":"info","time":"2025-05-13T13:24:25.481+0530","caller":"terminal/terminal.go:187","msg":"\u001b[32m✔\u001b[0m [10]  \u001b[2msrc/test/resources/apis/features/GetRequest.feature:16 (18s)\u001b[22m\n"}
{"level":"info","time":"2025-05-13T13:24:26.716+0530","caller":"terminal/terminal.go:187","msg":"\u001b[32m✔\u001b[0m [2]  \u001b[2msrc/test/resources/apis/features/PutRequest.feature:10 (20s)\u001b[22m\n"}
{"level":"info","time":"2025-05-13T13:24:29.519+0530","caller":"terminal/terminal.go:187","msg":"\u001b[32m✔\u001b[0m [7]  \u001b[2msrc/test/resources/apis/features/GetRequest.feature:38 (19s)\u001b[22m\n"}
{"level":"info","time":"2025-05-13T13:24:30.985+0530","caller":"terminal/terminal.go:187","msg":"\u001b[32m✔\u001b[0m [5]  \u001b[2msrc/test/resources/apis/features/PostRequest.feature:18 (20s)\u001b[22m\n"}
{"level":"info","time":"2025-05-13T13:24:32.797+0530","caller":"terminal/terminal.go:187","msg":"\u001b[32m✔\u001b[0m [6]  \u001b[2msrc/test/resources/apis/features/PostRequest.feature:10 (21s)\u001b[22m\n"}
{"level":"info","time":"2025-05-13T13:24:33.450+0530","caller":"terminal/terminal.go:187","msg":"\u001b[32m✔\u001b[0m [8]  \u001b[2msrc/test/resources/apis/features/GetRequest.feature:30 (20s)\u001b[22m\n"}
{"level":"info","time":"2025-05-13T13:24:33.662+0530","caller":"terminal/terminal.go:187","msg":"\u001b[32m✔\u001b[0m [9]  \u001b[2msrc/test/resources/apis/features/GetRequest.feature:23 (22s)\u001b[22m\n"}
{"level":"info","time":"2025-05-13T13:24:34.815+0530","caller":"terminal/terminal.go:187","msg":"\u001b[32m✔\u001b[0m [11]  \u001b[2msrc/test/resources/apis/features/DeleteRequest.feature:10 (22s)\u001b[22m\n"}
{"level":"info","time":"2025-05-13T13:24:36.846+0530","caller":"terminal/terminal.go:187","msg":"\u001b[32m✔\u001b[0m [4]  \u001b[2msrc/test/resources/apis/features/PostRequest.feature:26 (25s)\u001b[22m\n"}
{"level":"debug","time":"2025-05-13T13:24:39.211+0530","caller":"jobmanager/sse_setup.go:141","msg":"\n\nJob status"}
{"level":"debug","time":"2025-05-13T13:24:39.212+0530","caller":"core/lifecycle.go:874","msg":"Context canceled"}
{"level":"info","time":"2025-05-13T13:24:39.212+0530","caller":"core/lifecycle.go:877","msg":"\u001b[2mStopping pipeline gracefully\u001b[22m"}
{"level":"info","time":"2025-05-13T13:24:39.212+0530","caller":"jobmanager/manager.go:143","msg":"Job Link: \u001b[4m\u001b[34mhttps://hyperexecute.lambdatest.com/hyperexecute/task?jobId=fc9eec4f-736c-4186-b51e-e2d90290d53f\u001b[0m\u001b[24m\n"}
{"level":"debug","time":"2025-05-13T13:24:39.213+0530","caller":"core/lifecycle.go:59","msg":"Quit requested from main goroutine...."}
{"level":"debug","time":"2025-05-13T13:24:39.213+0530","caller":"core/lifecycle.go:60","msg":"Waiting for the goroutines to exit"}
{"level":"info","time":"2025-05-13T13:24:39.994+0530","caller":"jobmanager/JobSummaryManager.go:54","msg":"\n\u001b[102m\u001b[1m\u001b[30m COMPLETED \u001b[0m\u001b[22m\u001b[0m\n"}
{"level":"info","time":"2025-05-13T13:24:39.995+0530","caller":"jobmanager/JobSummaryManager.go:113","msg":"    \u001b[1mTest Execution Time\u001b[22m:                  \u001b[92m29s\u001b[0m"}
{"level":"info","time":"2025-05-13T13:24:39.996+0530","caller":"jobmanager/JobSummaryManager.go:113","msg":"    \u001b[1mJob Duration Time\u001b[22m:                    53s"}
{"level":"info","time":"2025-05-13T13:24:39.996+0530","caller":"jobmanager/JobSummaryManager.go:113","msg":"    \u001b[1mTotal Tasks\u001b[22m:                          11"}
{"level":"info","time":"2025-05-13T13:24:39.996+0530","caller":"jobmanager/JobSummaryManager.go:113","msg":"    \u001b[1mCumulative Time Consumed\u001b[22m:             5m39s"}
{"level":"info","time":"2025-05-13T13:24:39.996+0530","caller":"jobmanager/JobSummaryManager.go:113","msg":"    \u001b[1mTotal Stages\u001b[22m:                         11"}
{"level":"info","time":"2025-05-13T13:24:39.996+0530","caller":"jobmanager/JobSummaryManager.go:113","msg":"    \u001b[1mPass discovery stage percentage\u001b[22m:      100.00%"}
{"level":"info","time":"2025-05-13T13:24:39.996+0530","caller":"jobmanager/JobSummaryManager.go:113","msg":"    \u001b[1mFailed discovery stage percentage\u001b[22m:    0.00%"}
{"level":"info","time":"2025-05-13T13:24:39.996+0530","caller":"jobmanager/JobSummaryManager.go:113","msg":"    \u001b[1mPass pre stage percentage\u001b[22m:            0.00%"}
{"level":"info","time":"2025-05-13T13:24:39.996+0530","caller":"jobmanager/JobSummaryManager.go:113","msg":"    \u001b[1mFailed pre stage percentage\u001b[22m:          0.00%"}
{"level":"info","time":"2025-05-13T13:24:39.996+0530","caller":"jobmanager/JobSummaryManager.go:113","msg":"    \u001b[1mPass test stage percentage\u001b[22m:           \u001b[92m100.00%\u001b[0m"}
{"level":"info","time":"2025-05-13T13:24:39.996+0530","caller":"jobmanager/JobSummaryManager.go:113","msg":"    \u001b[1mFailed test stage percentage\u001b[22m:         0.00%"}
{"level":"info","time":"2025-05-13T13:24:39.996+0530","caller":"jobmanager/JobSummaryManager.go:113","msg":"    \u001b[1mPass post stage percentage\u001b[22m:           0.00%"}
{"level":"info","time":"2025-05-13T13:24:39.996+0530","caller":"jobmanager/JobSummaryManager.go:113","msg":"    \u001b[1mFailed post stage percentage\u001b[22m:         0.00%"}
{"level":"info","time":"2025-05-13T13:24:39.996+0530","caller":"jobmanager/JobSummaryManager.go:113","msg":"    \u001b[1mFailed Tasks\u001b[22m:                         0"}
{"level":"info","time":"2025-05-13T13:24:39.996+0530","caller":"jobmanager/JobSummaryManager.go:58","msg":""}
{"level":"debug","time":"2025-05-13T13:25:09.213+0530","caller":"cmd/bin.go:346","msg":"main: all goroutines have finished."}
{"level":"debug","time":"2025-05-13T13:27:48.570+0530","caller":"cmd/bin.go:137","msg":"cli os: darwin, cli arch: arm64"}
{"level":"debug","time":"2025-05-13T13:27:49.374+0530","caller":"cmd/bin.go:146","msg":"Upstream version details: {Name:cli Min:0.2.195 Max:0.2.272} "}
{"level":"debug","time":"2025-05-13T13:27:52.548+0530","caller":"core/lifecycle.go:108","msg":"Setting environment"}
{"level":"debug","time":"2025-05-13T13:27:52.549+0530","caller":"core/lifecycle.go:111","msg":"Parsing config"}
{"level":"debug","time":"2025-05-13T13:27:52.549+0530","caller":"yamlconfigmanager/setup.go:717","msg":"Custom location for .hyperexecute.yaml specified. Using: hyperexecute.yaml"}
{"level":"debug","time":"2025-05-13T13:27:52.550+0530","caller":"yamlconfigmanager/setup.go:117","msg":"using hyperexecute config from : hyperexecute.yaml"}
{"level":"debug","time":"2025-05-13T13:27:53.539+0530","caller":"yamlconfigmanager/setup.go:2108","msg":"Autodetecting test type in files of path : /Users/dhakshath/Documents/KarateAPI"}
{"level":"debug","time":"2025-05-13T13:27:53.541+0530","caller":"yamlconfigmanager/setup.go:541","msg":"Tunnel: %!t(<nil>)"}
{"level":"info","time":"2025-05-13T13:27:53.541+0530","caller":"models/HypertestYamlConfig.go:874","msg":"\n\u001b[4m\u001b[1m\u001b[97mExecution Plan\u001b[0m\u001b[22m\u001b[24m"}
{"level":"info","time":"2025-05-13T13:27:53.542+0530","caller":"models/HypertestYamlConfig.go:675","msg":"Mode:    \u001b[36mautosplit\u001b[0m"}
{"level":"info","time":"2025-05-13T13:27:53.542+0530","caller":"models/HypertestYamlConfig.go:735","msg":"Runson:    \u001b[36mmac\u001b[0m"}
{"level":"info","time":"2025-05-13T13:27:53.542+0530","caller":"models/HypertestYamlConfig.go:743","msg":"Concurrency:    \u001b[36m10\u001b[0m"}
{"level":"info","time":"2025-05-13T13:27:53.542+0530","caller":"models/HypertestYamlConfig.go:807","msg":"Report:    \u001b[36menabled\u001b[0m"}
{"level":"info","time":"2025-05-13T13:27:53.542+0530","caller":"models/HypertestYamlConfig.go:887","msg":""}
{"level":"debug","time":"2025-05-13T13:27:53.542+0530","caller":"filevalidator/setup.go:49","msg":"Warning: Checking data.json file in current directory, no dataJsonPath found in .hyperexecute.yaml"}
{"level":"debug","time":"2025-05-13T13:27:53.543+0530","caller":"filevalidator/setup.go:53","msg":"Warning: data.json file doesn't exist"}
{"level":"debug","time":"2025-05-13T13:27:55.318+0530","caller":"core/lifecycle.go:516","msg":"Job ID: 96e04057-61cd-464e-a955-57e1b11a0449"}
{"level":"debug","time":"2025-05-13T13:27:55.318+0530","caller":"events/manager.go:95","msg":"Starting event manager"}
{"level":"debug","time":"2025-05-13T13:27:55.319+0530","caller":"events/manager.go:97","msg":"SSE enabled, getting SSE connection"}
{"level":"debug","time":"2025-05-13T13:27:56.434+0530","caller":"archivemanager/setup.go:340","msg":"digestMap: map[.gitignore:{6789880119083260772 539 .gitignore false} .idea:{0 0 .idea true} .idea/.gitignore:{16279786366844463540 122 .idea/.gitignore false} .idea/gradle.xml:{4659657774069657883 558 .idea/gradle.xml false} .idea/misc.xml:{16225606672018911431 354 .idea/misc.xml false} .idea/workspace.xml:{11434788426567933113 10109 .idea/workspace.xml false} build.gradle:{6402680117770863533 524 build.gradle false} cucumber_context.json:{10190887627203814083 8228 cucumber_context.json false} gradle:{0 0 gradle true} gradle/wrapper:{0 0 gradle/wrapper true} gradle/wrapper/gradle-wrapper.jar:{8142569059071412300 60756 gradle/wrapper/gradle-wrapper.jar false} gradle/wrapper/gradle-wrapper.properties:{5454816729783508739 231 gradle/wrapper/gradle-wrapper.properties false} gradlew:{7922637049471180284 8070 gradlew false} gradlew.bat:{16664544825820606439 2763 gradlew.bat false} hyperexecute.yaml:{7331428629192970596 651 hyperexecute.yaml false} hyperexecute__metadata__.json:{8720704765352721524 51 hyperexecute__metadata__.json false} settings.gradle:{14290926963802788158 30 settings.gradle false} snooper.log:{10362262988316453443 14464 snooper.log false} src:{0 0 src true} src/test:{0 0 src/test true} src/test/java:{0 0 src/test/java true} src/test/java/APIRunner.java:{7850812801501036521 1032 src/test/java/APIRunner.java false} src/test/java/ParallelRunner.java:{15835990256694852921 643 src/test/java/ParallelRunner.java false} src/test/java/TagRunner.java:{16225404343123923587 824 src/test/java/TagRunner.java false} src/test/java/TestRunner.java:{9767021977487237997 793 src/test/java/TestRunner.java false} src/test/resources:{0 0 src/test/resources true} src/test/resources/Karate-config.js:{16327507150798637260 338 src/test/resources/Karate-config.js false} src/test/resources/apis:{0 0 src/test/resources/apis true} src/test/resources/apis/features:{0 0 src/test/resources/apis/features true} src/test/resources/apis/features/DeleteRequest.feature:{7215814100712510453 302 src/test/resources/apis/features/DeleteRequest.feature false} src/test/resources/apis/features/GetRequest.feature:{15584434973548180755 977 src/test/resources/apis/features/GetRequest.feature false} src/test/resources/apis/features/PostRequest.feature:{14869628535307320508 964 src/test/resources/apis/features/PostRequest.feature false} src/test/resources/apis/features/PutRequest.feature:{12666796336522385911 357 src/test/resources/apis/features/PutRequest.feature false} src/test/resources/logback-test.xml:{6758398796316335698 711 src/test/resources/logback-test.xml false} target:{0 0 target true} target/karate.log:{16462827523834632322 448044 target/karate.log false}]"}
{"level":"debug","time":"2025-05-13T13:27:56.434+0530","caller":"archivemanager/setup.go:346","msg":"Creating archive of target directory: /Users/dhakshath/Documents/KarateAPI"}
{"level":"debug","time":"2025-05-13T13:27:56.453+0530","caller":"core/lifecycle.go:659","msg":"Zip file size: 2.45 kB"}
{"level":"debug","time":"2025-05-13T13:27:56.453+0530","caller":"core/lifecycle.go:669","msg":"Archive location: /Users/dhakshath/Documents/KarateAPI/hyperexecute-code-96e04057-61cd-464e-a955-57e1b11a0449.zip\n"}
{"level":"debug","time":"2025-05-13T13:27:56.453+0530","caller":"storage/azure.go:59","msg":"Payload size: 2.45 kB, source path /Users/dhakshath/Documents/KarateAPI/hyperexecute-code-96e04057-61cd-464e-a955-57e1b11a0449.zip"}
{"level":"debug","time":"2025-05-13T13:27:56.501+0530","caller":"events/manager.go:277","msg":"connection to hyperexecute server established successfully."}
{"level":"info","time":"2025-05-13T13:28:06.577+0530","caller":"storage/azure.go:114","msg":"File upload completed in 10.124205959s"}
{"level":"debug","time":"2025-05-13T13:28:06.578+0530","caller":"receptionmanager/setup.go:277","msg":"only one runtime entry detected, mapping it to older yaml format"}
{"level":"debug","time":"2025-05-13T13:28:06.578+0530","caller":"receptionmanager/setup.go:306","msg":"only one partialreports entry detected, mapping it to older yaml format"}
{"level":"debug","time":"2025-05-13T13:28:06.579+0530","caller":"receptionmanager/setup.go:184","msg":"Uploading yaml : /Users/dhakshath/Documents/KarateAPI/.updatedhyperexecute.yaml"}
{"level":"debug","time":"2025-05-13T13:28:06.579+0530","caller":"storage/azure.go:59","msg":"Payload size: 3.57 kB, source path /Users/dhakshath/Documents/KarateAPI/.updatedhyperexecute.yaml"}
{"level":"debug","time":"2025-05-13T13:28:06.875+0530","caller":"cmd/bin.go:354","msg":"main: received C-c - attempting graceful shutdown ...."}
{"level":"debug","time":"2025-05-13T13:28:06.876+0530","caller":"cmd/bin.go:355","msg":"Sending abort job signal to sentinel"}
{"level":"debug","time":"2025-05-13T13:28:06.876+0530","caller":"cmd/bin.go:361","msg":"Sending request to abort job"}
{"level":"debug","time":"2025-05-13T13:28:06.878+0530","caller":"utils/azcopy.go:131","msg":"Updating dependency version..."}
{"level":"debug","time":"2025-05-13T13:28:06.878+0530","caller":"utils/azcopy.go:143","msg":"Downloading dependency binary ..................."}
{"level":"debug","time":"2025-05-13T13:28:08.052+0530","caller":"utils/azcopy.go:100","msg":"Downloading dependency to upload files"}
{"level":"debug","time":"2025-05-13T13:28:08.853+0530","caller":"cmd/bin.go:370","msg":"main: telling goroutines to stop"}
{"level":"error","time":"2025-05-13T13:28:08.853+0530","caller":"utils/azcopy.go:157","msg":"2025-05-13T13:27:47+05:30    error    \u001b[91mERR::AZCOPY::DOWN\u001b[0m     Unable to download azcopy. Please try downloading it from the link https://downloads.hyperexecute.cloud/hyperexecute/darwin/arm64/azcopy and place inside .hyperexecute directory. Make sure to check any firewall, VPN settings which might block this url.    \u001b[91mERR::OS::WRITE\u001b[0m     Unable to write file. context canceled"}
{"level":"info","time":"2025-05-13T13:28:08.853+0530","caller":"storage/azure.go:153","msg":"Uploading file using azure sdk"}
{"level":"debug","time":"2025-05-13T13:28:08.857+0530","caller":"core/lifecycle.go:59","msg":"Quit requested from main goroutine...."}
{"level":"debug","time":"2025-05-13T13:28:08.857+0530","caller":"core/lifecycle.go:60","msg":"Waiting for the goroutines to exit"}
{"level":"debug","time":"2025-05-13T13:28:33.728+0530","caller":"cmd/bin.go:137","msg":"cli os: darwin, cli arch: arm64"}
{"level":"debug","time":"2025-05-13T13:28:34.637+0530","caller":"cmd/bin.go:146","msg":"Upstream version details: {Name:cli Min:0.2.195 Max:0.2.272} "}
{"level":"debug","time":"2025-05-13T13:28:36.379+0530","caller":"core/lifecycle.go:108","msg":"Setting environment"}
{"level":"debug","time":"2025-05-13T13:28:36.379+0530","caller":"core/lifecycle.go:111","msg":"Parsing config"}
{"level":"debug","time":"2025-05-13T13:28:36.380+0530","caller":"yamlconfigmanager/setup.go:717","msg":"Custom location for .hyperexecute.yaml specified. Using: hyperexecute.yaml"}
{"level":"debug","time":"2025-05-13T13:28:36.380+0530","caller":"yamlconfigmanager/setup.go:117","msg":"using hyperexecute config from : hyperexecute.yaml"}
{"level":"debug","time":"2025-05-13T13:28:37.274+0530","caller":"yamlconfigmanager/setup.go:2108","msg":"Autodetecting test type in files of path : /Users/dhakshath/Documents/KarateAPI"}
{"level":"debug","time":"2025-05-13T13:28:37.276+0530","caller":"yamlconfigmanager/setup.go:541","msg":"Tunnel: %!t(<nil>)"}
{"level":"info","time":"2025-05-13T13:28:37.276+0530","caller":"models/HypertestYamlConfig.go:874","msg":"\n\u001b[4m\u001b[1m\u001b[97mExecution Plan\u001b[0m\u001b[22m\u001b[24m"}
{"level":"info","time":"2025-05-13T13:28:37.276+0530","caller":"models/HypertestYamlConfig.go:675","msg":"Mode:    \u001b[36mautosplit\u001b[0m"}
{"level":"info","time":"2025-05-13T13:28:37.276+0530","caller":"models/HypertestYamlConfig.go:735","msg":"Runson:    \u001b[36mmac\u001b[0m"}
{"level":"info","time":"2025-05-13T13:28:37.276+0530","caller":"models/HypertestYamlConfig.go:743","msg":"Concurrency:    \u001b[36m10\u001b[0m"}
{"level":"info","time":"2025-05-13T13:28:37.276+0530","caller":"models/HypertestYamlConfig.go:807","msg":"Report:    \u001b[36menabled\u001b[0m"}
{"level":"info","time":"2025-05-13T13:28:37.276+0530","caller":"models/HypertestYamlConfig.go:887","msg":""}
{"level":"debug","time":"2025-05-13T13:28:37.276+0530","caller":"filevalidator/setup.go:49","msg":"Warning: Checking data.json file in current directory, no dataJsonPath found in .hyperexecute.yaml"}
{"level":"debug","time":"2025-05-13T13:28:37.277+0530","caller":"filevalidator/setup.go:53","msg":"Warning: data.json file doesn't exist"}
{"level":"debug","time":"2025-05-13T13:28:39.713+0530","caller":"core/lifecycle.go:516","msg":"Job ID: 1c171bda-071e-40a9-816a-8bcee50c1592"}
{"level":"debug","time":"2025-05-13T13:28:39.713+0530","caller":"events/manager.go:95","msg":"Starting event manager"}
{"level":"debug","time":"2025-05-13T13:28:39.713+0530","caller":"events/manager.go:97","msg":"SSE enabled, getting SSE connection"}
{"level":"debug","time":"2025-05-13T13:28:40.793+0530","caller":"archivemanager/setup.go:340","msg":"digestMap: map[.gitignore:{6789880119083260772 539 .gitignore false} .idea:{0 0 .idea true} .idea/.gitignore:{16279786366844463540 122 .idea/.gitignore false} .idea/gradle.xml:{4659657774069657883 558 .idea/gradle.xml false} .idea/misc.xml:{16225606672018911431 354 .idea/misc.xml false} .idea/workspace.xml:{11434788426567933113 10109 .idea/workspace.xml false} build.gradle:{6402680117770863533 524 build.gradle false} cucumber_context.json:{10190887627203814083 8228 cucumber_context.json false} gradle:{0 0 gradle true} gradle/wrapper:{0 0 gradle/wrapper true} gradle/wrapper/gradle-wrapper.jar:{8142569059071412300 60756 gradle/wrapper/gradle-wrapper.jar false} gradle/wrapper/gradle-wrapper.properties:{5454816729783508739 231 gradle/wrapper/gradle-wrapper.properties false} gradlew:{7922637049471180284 8070 gradlew false} gradlew.bat:{16664544825820606439 2763 gradlew.bat false} hyperexecute.yaml:{7331428629192970596 651 hyperexecute.yaml false} hyperexecute__metadata__.json:{8720704765352721524 51 hyperexecute__metadata__.json false} settings.gradle:{14290926963802788158 30 settings.gradle false} snooper.log:{10362262988316453443 14464 snooper.log false} src:{0 0 src true} src/test:{0 0 src/test true} src/test/java:{0 0 src/test/java true} src/test/java/APIRunner.java:{7850812801501036521 1032 src/test/java/APIRunner.java false} src/test/java/ParallelRunner.java:{15835990256694852921 643 src/test/java/ParallelRunner.java false} src/test/java/TagRunner.java:{16225404343123923587 824 src/test/java/TagRunner.java false} src/test/java/TestRunner.java:{9767021977487237997 793 src/test/java/TestRunner.java false} src/test/resources:{0 0 src/test/resources true} src/test/resources/Karate-config.js:{16327507150798637260 338 src/test/resources/Karate-config.js false} src/test/resources/apis:{0 0 src/test/resources/apis true} src/test/resources/apis/features:{0 0 src/test/resources/apis/features true} src/test/resources/apis/features/DeleteRequest.feature:{7215814100712510453 302 src/test/resources/apis/features/DeleteRequest.feature false} src/test/resources/apis/features/GetRequest.feature:{15584434973548180755 977 src/test/resources/apis/features/GetRequest.feature false} src/test/resources/apis/features/PostRequest.feature:{14869628535307320508 964 src/test/resources/apis/features/PostRequest.feature false} src/test/resources/apis/features/PutRequest.feature:{12666796336522385911 357 src/test/resources/apis/features/PutRequest.feature false} src/test/resources/logback-test.xml:{6758398796316335698 711 src/test/resources/logback-test.xml false} target:{0 0 target true} target/karate.log:{16462827523834632322 448044 target/karate.log false}]"}
{"level":"debug","time":"2025-05-13T13:28:40.793+0530","caller":"archivemanager/setup.go:346","msg":"Creating archive of target directory: /Users/dhakshath/Documents/KarateAPI"}
{"level":"debug","time":"2025-05-13T13:28:40.811+0530","caller":"core/lifecycle.go:659","msg":"Zip file size: 2.40 kB"}
{"level":"debug","time":"2025-05-13T13:28:40.811+0530","caller":"core/lifecycle.go:669","msg":"Archive location: /Users/dhakshath/Documents/KarateAPI/hyperexecute-code-1c171bda-071e-40a9-816a-8bcee50c1592.zip\n"}
{"level":"debug","time":"2025-05-13T13:28:40.812+0530","caller":"storage/azure.go:59","msg":"Payload size: 2.40 kB, source path /Users/dhakshath/Documents/KarateAPI/hyperexecute-code-1c171bda-071e-40a9-816a-8bcee50c1592.zip"}
{"level":"debug","time":"2025-05-13T13:28:40.815+0530","caller":"utils/azcopy.go:131","msg":"Updating dependency version..."}
{"level":"debug","time":"2025-05-13T13:28:40.815+0530","caller":"utils/azcopy.go:143","msg":"Downloading dependency binary ..................."}
{"level":"debug","time":"2025-05-13T13:28:40.931+0530","caller":"events/manager.go:277","msg":"connection to hyperexecute server established successfully."}
{"level":"debug","time":"2025-05-13T13:28:41.720+0530","caller":"utils/azcopy.go:100","msg":"Downloading dependency to upload files"}
{"level":"info","time":"2025-05-13T13:28:55.437+0530","caller":"utils/azcopy.go:118","msg":"\u001b[91m\u001b[32m✔\u001b[0m Dependency binary downloaded successfully\u001b[0m"}
{"level":"debug","time":"2025-05-13T13:28:55.438+0530","caller":"utils/azcopy.go:190","msg":"returning from fallback"}
{"level":"info","time":"2025-05-13T13:28:57.485+0530","caller":"storage/azure.go:114","msg":"File upload completed in 16.674126375s"}
{"level":"debug","time":"2025-05-13T13:28:57.486+0530","caller":"receptionmanager/setup.go:277","msg":"only one runtime entry detected, mapping it to older yaml format"}
{"level":"debug","time":"2025-05-13T13:28:57.486+0530","caller":"receptionmanager/setup.go:306","msg":"only one partialreports entry detected, mapping it to older yaml format"}
{"level":"debug","time":"2025-05-13T13:28:57.487+0530","caller":"receptionmanager/setup.go:184","msg":"Uploading yaml : /Users/dhakshath/Documents/KarateAPI/.updatedhyperexecute.yaml"}
{"level":"debug","time":"2025-05-13T13:28:57.487+0530","caller":"storage/azure.go:59","msg":"Payload size: 3.53 kB, source path /Users/dhakshath/Documents/KarateAPI/.updatedhyperexecute.yaml"}
{"level":"info","time":"2025-05-13T13:29:07.541+0530","caller":"storage/azure.go:114","msg":"File upload completed in 10.05390525s"}
{"level":"debug","time":"2025-05-13T13:29:07.541+0530","caller":"core/lifecycle.go:696","msg":"Successfully deleted code archive: /Users/dhakshath/Documents/KarateAPI/hyperexecute-code-1c171bda-071e-40a9-816a-8bcee50c1592.zip\n"}
{"level":"debug","time":"2025-05-13T13:29:07.542+0530","caller":"storage/azure.go:59","msg":"Payload size: 628 B, source path mask-1c171bda-071e-40a9-816a-8bcee50c1592.yaml"}
{"level":"info","time":"2025-05-13T13:29:17.598+0530","caller":"storage/azure.go:114","msg":"File upload completed in 10.055755292s"}
{"level":"debug","time":"2025-05-13T13:29:19.805+0530","caller":"jobmanager/sse_setup.go:199","msg":"Task id: HYPM-1530760-1747123158542964754OVM"}
{"level":"debug","time":"2025-05-13T13:29:19.807+0530","caller":"jobmanager/sse_setup.go:200","msg":"Sending new task alert to stage manager for taskId: HYPM-1530760-1747123158542964754OVM"}
{"level":"info","time":"2025-05-13T13:29:22.059+0530","caller":"jobmanager/sse_setup.go:85","msg":"\nJob \u001b[1m\u001b[4m1c171bda-071e-40a9-816a-8bcee50c1592\u001b[24m\u001b[22m has started \u001b[97mRUNNING\u001b[0m"}
{"level":"info","time":"2025-05-13T13:29:22.059+0530","caller":"jobmanager/manager.go:143","msg":"Job Link: \u001b[4m\u001b[34mhttps://hyperexecute.lambdatest.com/hyperexecute/task?jobId=1c171bda-071e-40a9-816a-8bcee50c1592\u001b[0m\u001b[24m\n"}
{"level":"info","time":"2025-05-13T13:29:27.907+0530","caller":"terminal/terminal.go:187","msg":"\u001b[32m✔\u001b[0m [1]  \u001b[2msetup-runtime (7s)\u001b[22m\n"}
{"level":"info","time":"2025-05-13T13:29:31.069+0530","caller":"terminal/terminal.go:187","msg":"\u001b[32m✔\u001b[0m [1]  \u001b[2mdiscovery (3s)\u001b[22m\n"}
{"level":"debug","time":"2025-05-13T13:29:31.962+0530","caller":"jobmanager/sse_setup.go:199","msg":"Task id: HYPM-1530760-1747123170265354111TQW"}
{"level":"debug","time":"2025-05-13T13:29:31.962+0530","caller":"jobmanager/sse_setup.go:200","msg":"Sending new task alert to stage manager for taskId: HYPM-1530760-1747123170265354111TQW"}
{"level":"debug","time":"2025-05-13T13:29:31.962+0530","caller":"jobmanager/sse_setup.go:199","msg":"Task id: HYPM-1530760-1747123170332974728NBY"}
{"level":"debug","time":"2025-05-13T13:29:31.962+0530","caller":"jobmanager/sse_setup.go:200","msg":"Sending new task alert to stage manager for taskId: HYPM-1530760-1747123170332974728NBY"}
{"level":"debug","time":"2025-05-13T13:29:31.962+0530","caller":"jobmanager/sse_setup.go:199","msg":"Task id: HYPM-1530760-1747123170381740620ZBK"}
{"level":"debug","time":"2025-05-13T13:29:31.962+0530","caller":"jobmanager/sse_setup.go:200","msg":"Sending new task alert to stage manager for taskId: HYPM-1530760-1747123170381740620ZBK"}
{"level":"debug","time":"2025-05-13T13:29:31.962+0530","caller":"jobmanager/sse_setup.go:199","msg":"Task id: HYPM-1530760-1747123170426023877YYU"}
{"level":"debug","time":"2025-05-13T13:29:31.962+0530","caller":"jobmanager/sse_setup.go:200","msg":"Sending new task alert to stage manager for taskId: HYPM-1530760-1747123170426023877YYU"}
{"level":"debug","time":"2025-05-13T13:29:31.962+0530","caller":"jobmanager/sse_setup.go:199","msg":"Task id: HYPM-1530760-1747123170478300495UDF"}
{"level":"debug","time":"2025-05-13T13:29:31.962+0530","caller":"jobmanager/sse_setup.go:200","msg":"Sending new task alert to stage manager for taskId: HYPM-1530760-1747123170478300495UDF"}
{"level":"debug","time":"2025-05-13T13:29:31.962+0530","caller":"jobmanager/sse_setup.go:199","msg":"Task id: HYPM-1530760-1747123170521413924YLF"}
{"level":"debug","time":"2025-05-13T13:29:31.962+0530","caller":"jobmanager/sse_setup.go:200","msg":"Sending new task alert to stage manager for taskId: HYPM-1530760-1747123170521413924YLF"}
{"level":"debug","time":"2025-05-13T13:29:31.962+0530","caller":"jobmanager/sse_setup.go:199","msg":"Task id: HYPM-1530760-1747123170561133653YAQ"}
{"level":"debug","time":"2025-05-13T13:29:31.962+0530","caller":"jobmanager/sse_setup.go:200","msg":"Sending new task alert to stage manager for taskId: HYPM-1530760-1747123170561133653YAQ"}
{"level":"debug","time":"2025-05-13T13:29:31.962+0530","caller":"jobmanager/sse_setup.go:199","msg":"Task id: HYPM-1530760-1747123170631933125SID"}
{"level":"debug","time":"2025-05-13T13:29:31.962+0530","caller":"jobmanager/sse_setup.go:200","msg":"Sending new task alert to stage manager for taskId: HYPM-1530760-1747123170631933125SID"}
{"level":"debug","time":"2025-05-13T13:29:31.962+0530","caller":"jobmanager/sse_setup.go:199","msg":"Task id: HYPM-1530760-1747123170685687468VGI"}
{"level":"debug","time":"2025-05-13T13:29:31.962+0530","caller":"jobmanager/sse_setup.go:200","msg":"Sending new task alert to stage manager for taskId: HYPM-1530760-1747123170685687468VGI"}
{"level":"debug","time":"2025-05-13T13:29:31.962+0530","caller":"jobmanager/sse_setup.go:199","msg":"Task id: HYPM-1530760-1747123170741891249FLN"}
{"level":"debug","time":"2025-05-13T13:29:31.962+0530","caller":"jobmanager/sse_setup.go:200","msg":"Sending new task alert to stage manager for taskId: HYPM-1530760-1747123170741891249FLN"}
{"level":"info","time":"2025-05-13T13:29:40.286+0530","caller":"terminal/terminal.go:187","msg":"\u001b[32m✔\u001b[0m [10]  \u001b[2msetup-runtime (6s)\u001b[22m\n"}
{"level":"info","time":"2025-05-13T13:29:40.529+0530","caller":"terminal/terminal.go:187","msg":"\u001b[32m✔\u001b[0m [2]  \u001b[2msetup-runtime (7s)\u001b[22m\n"}
{"level":"info","time":"2025-05-13T13:29:40.837+0530","caller":"terminal/terminal.go:187","msg":"\u001b[32m✔\u001b[0m [4]  \u001b[2msetup-runtime (7s)\u001b[22m\n"}
{"level":"info","time":"2025-05-13T13:29:41.003+0530","caller":"terminal/terminal.go:187","msg":"\u001b[32m✔\u001b[0m [7]  \u001b[2msetup-runtime (7s)\u001b[22m\n"}
{"level":"info","time":"2025-05-13T13:29:42.667+0530","caller":"terminal/terminal.go:187","msg":"\u001b[32m✔\u001b[0m [5]  \u001b[2msetup-runtime (9s)\u001b[22m\n"}
{"level":"info","time":"2025-05-13T13:29:43.652+0530","caller":"terminal/terminal.go:187","msg":"\u001b[32m✔\u001b[0m [9]  \u001b[2msetup-runtime (8s)\u001b[22m\n"}
{"level":"info","time":"2025-05-13T13:29:43.663+0530","caller":"terminal/terminal.go:187","msg":"\u001b[32m✔\u001b[0m [11]  \u001b[2msetup-runtime (9s)\u001b[22m\n"}
{"level":"info","time":"2025-05-13T13:29:45.928+0530","caller":"terminal/terminal.go:187","msg":"\u001b[32m✔\u001b[0m [6]  \u001b[2msetup-runtime (10s)\u001b[22m\n"}
{"level":"info","time":"2025-05-13T13:29:47.431+0530","caller":"terminal/terminal.go:187","msg":"\u001b[32m✔\u001b[0m [8]  \u001b[2msetup-runtime (11s)\u001b[22m\n"}
{"level":"info","time":"2025-05-13T13:29:47.457+0530","caller":"terminal/terminal.go:187","msg":"\u001b[32m✔\u001b[0m [3]  \u001b[2msetup-runtime (11s)\u001b[22m\n"}
{"level":"info","time":"2025-05-13T13:29:59.859+0530","caller":"terminal/terminal.go:187","msg":"\u001b[32m✔\u001b[0m [2]  \u001b[2msrc/test/resources/apis/features/GetRequest.feature:30 (17s)\u001b[22m\n"}
{"level":"info","time":"2025-05-13T13:30:00.908+0530","caller":"terminal/terminal.go:187","msg":"\u001b[32m✔\u001b[0m [4]  \u001b[2msrc/test/resources/apis/features/PostRequest.feature:26 (17s)\u001b[22m\n"}
{"level":"info","time":"2025-05-13T13:30:02.095+0530","caller":"terminal/terminal.go:187","msg":"\u001b[32m✔\u001b[0m [7]  \u001b[2msrc/test/resources/apis/features/PostRequest.feature:10 (18s)\u001b[22m\n"}
{"level":"info","time":"2025-05-13T13:30:03.224+0530","caller":"terminal/terminal.go:187","msg":"\u001b[32m✔\u001b[0m [10]  \u001b[2msrc/test/resources/apis/features/GetRequest.feature:38 (20s)\u001b[22m\n"}
{"level":"info","time":"2025-05-13T13:30:04.572+0530","caller":"terminal/terminal.go:187","msg":"\u001b[32m✔\u001b[0m [5]  \u001b[2msrc/test/resources/apis/features/PutRequest.feature:10 (18s)\u001b[22m\n"}
{"level":"info","time":"2025-05-13T13:30:06.876+0530","caller":"terminal/terminal.go:187","msg":"\u001b[32m✔\u001b[0m [11]  \u001b[2msrc/test/resources/apis/features/PostRequest.feature:34 (19s)\u001b[22m\n"}
{"level":"info","time":"2025-05-13T13:30:08.052+0530","caller":"terminal/terminal.go:187","msg":"\u001b[32m✔\u001b[0m [9]  \u001b[2msrc/test/resources/apis/features/GetRequest.feature:16 (20s)\u001b[22m\n"}
{"level":"info","time":"2025-05-13T13:30:10.392+0530","caller":"terminal/terminal.go:187","msg":"\u001b[32m✔\u001b[0m [6]  \u001b[2msrc/test/resources/apis/features/PostRequest.feature:18 (20s)\u001b[22m\n"}
{"level":"info","time":"2025-05-13T13:30:11.217+0530","caller":"terminal/terminal.go:187","msg":"\u001b[32m✔\u001b[0m [3]  \u001b[2msrc/test/resources/apis/features/DeleteRequest.feature:10 (19s)\u001b[22m\n"}
{"level":"info","time":"2025-05-13T13:30:11.587+0530","caller":"terminal/terminal.go:187","msg":"\u001b[32m✔\u001b[0m [8]  \u001b[2msrc/test/resources/apis/features/GetRequest.feature:23 (20s)\u001b[22m\n"}
{"level":"debug","time":"2025-05-13T13:30:13.933+0530","caller":"jobmanager/sse_setup.go:141","msg":"\n\nJob status"}
{"level":"debug","time":"2025-05-13T13:30:13.934+0530","caller":"core/lifecycle.go:874","msg":"Context canceled"}
{"level":"info","time":"2025-05-13T13:30:13.934+0530","caller":"core/lifecycle.go:877","msg":"\u001b[2mStopping pipeline gracefully\u001b[22m"}
{"level":"info","time":"2025-05-13T13:30:13.934+0530","caller":"jobmanager/manager.go:143","msg":"Job Link: \u001b[4m\u001b[34mhttps://hyperexecute.lambdatest.com/hyperexecute/task?jobId=1c171bda-071e-40a9-816a-8bcee50c1592\u001b[0m\u001b[24m\n"}
{"level":"debug","time":"2025-05-13T13:30:13.935+0530","caller":"core/lifecycle.go:59","msg":"Quit requested from main goroutine...."}
{"level":"debug","time":"2025-05-13T13:30:13.935+0530","caller":"core/lifecycle.go:60","msg":"Waiting for the goroutines to exit"}
{"level":"info","time":"2025-05-13T13:30:14.703+0530","caller":"jobmanager/JobSummaryManager.go:54","msg":"\n\u001b[102m\u001b[1m\u001b[30m COMPLETED \u001b[0m\u001b[22m\u001b[0m\n"}
{"level":"info","time":"2025-05-13T13:30:14.704+0530","caller":"jobmanager/JobSummaryManager.go:113","msg":"    \u001b[1mTest Execution Time\u001b[22m:                  \u001b[92m28s\u001b[0m"}
{"level":"info","time":"2025-05-13T13:30:14.705+0530","caller":"jobmanager/JobSummaryManager.go:113","msg":"    \u001b[1mJob Duration Time\u001b[22m:                    52s"}
{"level":"info","time":"2025-05-13T13:30:14.705+0530","caller":"jobmanager/JobSummaryManager.go:113","msg":"    \u001b[1mTotal Tasks\u001b[22m:                          11"}
{"level":"info","time":"2025-05-13T13:30:14.705+0530","caller":"jobmanager/JobSummaryManager.go:113","msg":"    \u001b[1mCumulative Time Consumed\u001b[22m:             5m30s"}
{"level":"info","time":"2025-05-13T13:30:14.705+0530","caller":"jobmanager/JobSummaryManager.go:113","msg":"    \u001b[1mTotal Stages\u001b[22m:                         11"}
{"level":"info","time":"2025-05-13T13:30:14.705+0530","caller":"jobmanager/JobSummaryManager.go:113","msg":"    \u001b[1mPass discovery stage percentage\u001b[22m:      100.00%"}
{"level":"info","time":"2025-05-13T13:30:14.705+0530","caller":"jobmanager/JobSummaryManager.go:113","msg":"    \u001b[1mFailed discovery stage percentage\u001b[22m:    0.00%"}
{"level":"info","time":"2025-05-13T13:30:14.705+0530","caller":"jobmanager/JobSummaryManager.go:113","msg":"    \u001b[1mPass pre stage percentage\u001b[22m:            0.00%"}
{"level":"info","time":"2025-05-13T13:30:14.705+0530","caller":"jobmanager/JobSummaryManager.go:113","msg":"    \u001b[1mFailed pre stage percentage\u001b[22m:          0.00%"}
{"level":"info","time":"2025-05-13T13:30:14.705+0530","caller":"jobmanager/JobSummaryManager.go:113","msg":"    \u001b[1mPass test stage percentage\u001b[22m:           \u001b[92m100.00%\u001b[0m"}
{"level":"info","time":"2025-05-13T13:30:14.705+0530","caller":"jobmanager/JobSummaryManager.go:113","msg":"    \u001b[1mFailed test stage percentage\u001b[22m:         0.00%"}
{"level":"info","time":"2025-05-13T13:30:14.705+0530","caller":"jobmanager/JobSummaryManager.go:113","msg":"    \u001b[1mPass post stage percentage\u001b[22m:           0.00%"}
{"level":"info","time":"2025-05-13T13:30:14.705+0530","caller":"jobmanager/JobSummaryManager.go:113","msg":"    \u001b[1mFailed post stage percentage\u001b[22m:         0.00%"}
{"level":"info","time":"2025-05-13T13:30:14.705+0530","caller":"jobmanager/JobSummaryManager.go:113","msg":"    \u001b[1mFailed Tasks\u001b[22m:                         0"}
{"level":"info","time":"2025-05-13T13:30:14.705+0530","caller":"jobmanager/JobSummaryManager.go:58","msg":""}
{"level":"debug","time":"2025-05-13T13:30:43.936+0530","caller":"cmd/bin.go:346","msg":"main: all goroutines have finished."}
{"level":"debug","time":"2025-05-13T13:33:12.680+0530","caller":"cmd/bin.go:137","msg":"cli os: darwin, cli arch: arm64"}
{"level":"debug","time":"2025-05-13T13:33:13.542+0530","caller":"cmd/bin.go:146","msg":"Upstream version details: {Name:cli Min:0.2.195 Max:0.2.272} "}
{"level":"debug","time":"2025-05-13T13:33:16.747+0530","caller":"core/lifecycle.go:108","msg":"Setting environment"}
{"level":"debug","time":"2025-05-13T13:33:16.748+0530","caller":"core/lifecycle.go:111","msg":"Parsing config"}
{"level":"debug","time":"2025-05-13T13:33:16.749+0530","caller":"yamlconfigmanager/setup.go:717","msg":"Custom location for .hyperexecute.yaml specified. Using: hyperexecute.yaml"}
{"level":"debug","time":"2025-05-13T13:33:16.749+0530","caller":"yamlconfigmanager/setup.go:117","msg":"using hyperexecute config from : hyperexecute.yaml"}
{"level":"debug","time":"2025-05-13T13:33:17.842+0530","caller":"yamlconfigmanager/setup.go:2108","msg":"Autodetecting test type in files of path : /Users/dhakshath/Documents/KarateAPI"}
{"level":"debug","time":"2025-05-13T13:33:17.844+0530","caller":"yamlconfigmanager/setup.go:541","msg":"Tunnel: %!t(<nil>)"}
{"level":"info","time":"2025-05-13T13:33:17.844+0530","caller":"models/HypertestYamlConfig.go:874","msg":"\n\u001b[4m\u001b[1m\u001b[97mExecution Plan\u001b[0m\u001b[22m\u001b[24m"}
{"level":"info","time":"2025-05-13T13:33:17.846+0530","caller":"models/HypertestYamlConfig.go:675","msg":"Mode:    \u001b[36mautosplit\u001b[0m"}
{"level":"info","time":"2025-05-13T13:33:17.846+0530","caller":"models/HypertestYamlConfig.go:735","msg":"Runson:    \u001b[36mmac\u001b[0m"}
{"level":"info","time":"2025-05-13T13:33:17.846+0530","caller":"models/HypertestYamlConfig.go:743","msg":"Concurrency:    \u001b[36m10\u001b[0m"}
{"level":"info","time":"2025-05-13T13:33:17.846+0530","caller":"models/HypertestYamlConfig.go:807","msg":"Report:    \u001b[36menabled\u001b[0m"}
{"level":"info","time":"2025-05-13T13:33:17.846+0530","caller":"models/HypertestYamlConfig.go:887","msg":""}
{"level":"debug","time":"2025-05-13T13:33:17.846+0530","caller":"filevalidator/setup.go:49","msg":"Warning: Checking data.json file in current directory, no dataJsonPath found in .hyperexecute.yaml"}
{"level":"debug","time":"2025-05-13T13:33:17.846+0530","caller":"filevalidator/setup.go:53","msg":"Warning: data.json file doesn't exist"}
{"level":"debug","time":"2025-05-13T13:33:19.836+0530","caller":"core/lifecycle.go:516","msg":"Job ID: 2190322f-2684-411f-828f-673684ef21f9"}
{"level":"debug","time":"2025-05-13T13:33:19.836+0530","caller":"events/manager.go:95","msg":"Starting event manager"}
{"level":"debug","time":"2025-05-13T13:33:19.838+0530","caller":"events/manager.go:97","msg":"SSE enabled, getting SSE connection"}
{"level":"debug","time":"2025-05-13T13:33:20.892+0530","caller":"archivemanager/setup.go:340","msg":"digestMap: map[.gitignore:{6789880119083260772 539 .gitignore false} .hyperexecute.yaml:{2971639373945641211 3550 .hyperexecute.yaml false} .idea:{0 0 .idea true} .idea/.gitignore:{16279786366844463540 122 .idea/.gitignore false} .idea/gradle.xml:{4659657774069657883 558 .idea/gradle.xml false} .idea/misc.xml:{16225606672018911431 354 .idea/misc.xml false} .idea/workspace.xml:{11434788426567933113 10109 .idea/workspace.xml false} build.gradle:{6402680117770863533 524 build.gradle false} cucumber_context.json:{10190887627203814083 8228 cucumber_context.json false} gradle:{0 0 gradle true} gradle/wrapper:{0 0 gradle/wrapper true} gradle/wrapper/gradle-wrapper.jar:{8142569059071412300 60756 gradle/wrapper/gradle-wrapper.jar false} gradle/wrapper/gradle-wrapper.properties:{5454816729783508739 231 gradle/wrapper/gradle-wrapper.properties false} gradlew:{7922637049471180284 8070 gradlew false} gradlew.bat:{16664544825820606439 2763 gradlew.bat false} hyperexecute.yaml:{18382104453402193024 665 hyperexecute.yaml false} settings.gradle:{14290926963802788158 30 settings.gradle false} snooper.log:{10362262988316453443 14464 snooper.log false} src:{0 0 src true} src/test:{0 0 src/test true} src/test/java:{0 0 src/test/java true} src/test/java/APIRunner.java:{7850812801501036521 1032 src/test/java/APIRunner.java false} src/test/java/ParallelRunner.java:{15835990256694852921 643 src/test/java/ParallelRunner.java false} src/test/java/TagRunner.java:{16225404343123923587 824 src/test/java/TagRunner.java false} src/test/java/TestRunner.java:{9767021977487237997 793 src/test/java/TestRunner.java false} src/test/resources:{0 0 src/test/resources true} src/test/resources/Karate-config.js:{16327507150798637260 338 src/test/resources/Karate-config.js false} src/test/resources/apis:{0 0 src/test/resources/apis true} src/test/resources/apis/features:{0 0 src/test/resources/apis/features true} src/test/resources/apis/features/DeleteRequest.feature:{7215814100712510453 302 src/test/resources/apis/features/DeleteRequest.feature false} src/test/resources/apis/features/GetRequest.feature:{15584434973548180755 977 src/test/resources/apis/features/GetRequest.feature false} src/test/resources/apis/features/PostRequest.feature:{14869628535307320508 964 src/test/resources/apis/features/PostRequest.feature false} src/test/resources/apis/features/PutRequest.feature:{12666796336522385911 357 src/test/resources/apis/features/PutRequest.feature false} src/test/resources/logback-test.xml:{6758398796316335698 711 src/test/resources/logback-test.xml false} target:{0 0 target true} target/karate.log:{16462827523834632322 448044 target/karate.log false}]"}
{"level":"debug","time":"2025-05-13T13:33:20.892+0530","caller":"archivemanager/setup.go:346","msg":"Creating archive of target directory: /Users/dhakshath/Documents/KarateAPI"}
{"level":"debug","time":"2025-05-13T13:33:20.907+0530","caller":"core/lifecycle.go:659","msg":"Zip file size: 2.38 kB"}
{"level":"debug","time":"2025-05-13T13:33:20.907+0530","caller":"core/lifecycle.go:669","msg":"Archive location: /Users/dhakshath/Documents/KarateAPI/hyperexecute-code-2190322f-2684-411f-828f-673684ef21f9.zip\n"}
{"level":"debug","time":"2025-05-13T13:33:20.908+0530","caller":"storage/azure.go:59","msg":"Payload size: 2.38 kB, source path /Users/dhakshath/Documents/KarateAPI/hyperexecute-code-2190322f-2684-411f-828f-673684ef21f9.zip"}
{"level":"debug","time":"2025-05-13T13:33:21.164+0530","caller":"events/manager.go:277","msg":"connection to hyperexecute server established successfully."}
{"level":"info","time":"2025-05-13T13:33:31.031+0530","caller":"storage/azure.go:114","msg":"File upload completed in 10.1238295s"}
{"level":"debug","time":"2025-05-13T13:33:31.032+0530","caller":"receptionmanager/setup.go:277","msg":"only one runtime entry detected, mapping it to older yaml format"}
{"level":"debug","time":"2025-05-13T13:33:31.032+0530","caller":"receptionmanager/setup.go:306","msg":"only one partialreports entry detected, mapping it to older yaml format"}
{"level":"debug","time":"2025-05-13T13:33:31.033+0530","caller":"receptionmanager/setup.go:184","msg":"Uploading yaml : /Users/dhakshath/Documents/KarateAPI/.updatedhyperexecute.yaml"}
{"level":"debug","time":"2025-05-13T13:33:31.033+0530","caller":"storage/azure.go:59","msg":"Payload size: 3.52 kB, source path /Users/dhakshath/Documents/KarateAPI/.updatedhyperexecute.yaml"}
{"level":"info","time":"2025-05-13T13:33:41.115+0530","caller":"storage/azure.go:114","msg":"File upload completed in 10.082269125s"}
{"level":"debug","time":"2025-05-13T13:33:41.115+0530","caller":"core/lifecycle.go:696","msg":"Successfully deleted code archive: /Users/dhakshath/Documents/KarateAPI/hyperexecute-code-2190322f-2684-411f-828f-673684ef21f9.zip\n"}
{"level":"debug","time":"2025-05-13T13:33:41.116+0530","caller":"storage/azure.go:59","msg":"Payload size: 613 B, source path mask-2190322f-2684-411f-828f-673684ef21f9.yaml"}
{"level":"info","time":"2025-05-13T13:33:51.227+0530","caller":"storage/azure.go:114","msg":"File upload completed in 10.110949625s"}
{"level":"debug","time":"2025-05-13T13:33:53.368+0530","caller":"jobmanager/sse_setup.go:199","msg":"Task id: HYPM-1530760-1747123432212563481HUG"}
{"level":"debug","time":"2025-05-13T13:33:53.369+0530","caller":"jobmanager/sse_setup.go:200","msg":"Sending new task alert to stage manager for taskId: HYPM-1530760-1747123432212563481HUG"}
{"level":"info","time":"2025-05-13T13:33:55.731+0530","caller":"jobmanager/sse_setup.go:85","msg":"\nJob \u001b[1m\u001b[4m2190322f-2684-411f-828f-673684ef21f9\u001b[24m\u001b[22m has started \u001b[97mRUNNING\u001b[0m"}
{"level":"info","time":"2025-05-13T13:33:55.731+0530","caller":"jobmanager/manager.go:143","msg":"Job Link: \u001b[4m\u001b[34mhttps://hyperexecute.lambdatest.com/hyperexecute/task?jobId=2190322f-2684-411f-828f-673684ef21f9\u001b[0m\u001b[24m\n"}
{"level":"info","time":"2025-05-13T13:34:01.809+0530","caller":"terminal/terminal.go:187","msg":"\u001b[32m✔\u001b[0m [1]  \u001b[2msetup-runtime (7s)\u001b[22m\n"}
{"level":"info","time":"2025-05-13T13:34:05.047+0530","caller":"terminal/terminal.go:187","msg":"\u001b[32m✔\u001b[0m [1]  \u001b[2mdiscovery (4s)\u001b[22m\n"}
{"level":"debug","time":"2025-05-13T13:34:06.254+0530","caller":"jobmanager/sse_setup.go:199","msg":"Task id: HYPM-1530760-1747123444337826914ACT"}
{"level":"debug","time":"2025-05-13T13:34:06.254+0530","caller":"jobmanager/sse_setup.go:200","msg":"Sending new task alert to stage manager for taskId: HYPM-1530760-1747123444337826914ACT"}
{"level":"debug","time":"2025-05-13T13:34:06.254+0530","caller":"jobmanager/sse_setup.go:199","msg":"Task id: HYPM-1530760-1747123444391040904XGJ"}
{"level":"debug","time":"2025-05-13T13:34:06.254+0530","caller":"jobmanager/sse_setup.go:200","msg":"Sending new task alert to stage manager for taskId: HYPM-1530760-1747123444391040904XGJ"}
{"level":"debug","time":"2025-05-13T13:34:06.254+0530","caller":"jobmanager/sse_setup.go:199","msg":"Task id: HYPM-1530760-1747123444442626382PEP"}
{"level":"debug","time":"2025-05-13T13:34:06.254+0530","caller":"jobmanager/sse_setup.go:200","msg":"Sending new task alert to stage manager for taskId: HYPM-1530760-1747123444442626382PEP"}
{"level":"debug","time":"2025-05-13T13:34:06.254+0530","caller":"jobmanager/sse_setup.go:199","msg":"Task id: HYPM-1530760-1747123444494201580ZRU"}
{"level":"debug","time":"2025-05-13T13:34:06.254+0530","caller":"jobmanager/sse_setup.go:200","msg":"Sending new task alert to stage manager for taskId: HYPM-1530760-1747123444494201580ZRU"}
{"level":"debug","time":"2025-05-13T13:34:06.254+0530","caller":"jobmanager/sse_setup.go:199","msg":"Task id: HYPM-1530760-1747123444568045506GPC"}
{"level":"debug","time":"2025-05-13T13:34:06.254+0530","caller":"jobmanager/sse_setup.go:200","msg":"Sending new task alert to stage manager for taskId: HYPM-1530760-1747123444568045506GPC"}
{"level":"debug","time":"2025-05-13T13:34:06.254+0530","caller":"jobmanager/sse_setup.go:199","msg":"Task id: HYPM-1530760-1747123444632767118KWD"}
{"level":"debug","time":"2025-05-13T13:34:06.254+0530","caller":"jobmanager/sse_setup.go:200","msg":"Sending new task alert to stage manager for taskId: HYPM-1530760-1747123444632767118KWD"}
{"level":"debug","time":"2025-05-13T13:34:06.254+0530","caller":"jobmanager/sse_setup.go:199","msg":"Task id: HYPM-1530760-1747123444678082996DYR"}
{"level":"debug","time":"2025-05-13T13:34:06.254+0530","caller":"jobmanager/sse_setup.go:200","msg":"Sending new task alert to stage manager for taskId: HYPM-1530760-1747123444678082996DYR"}
{"level":"debug","time":"2025-05-13T13:34:06.254+0530","caller":"jobmanager/sse_setup.go:199","msg":"Task id: HYPM-1530760-1747123444716166722ILV"}
{"level":"debug","time":"2025-05-13T13:34:06.254+0530","caller":"jobmanager/sse_setup.go:200","msg":"Sending new task alert to stage manager for taskId: HYPM-1530760-1747123444716166722ILV"}
{"level":"debug","time":"2025-05-13T13:34:06.254+0530","caller":"jobmanager/sse_setup.go:199","msg":"Task id: HYPM-1530760-1747123444790941795LEU"}
{"level":"debug","time":"2025-05-13T13:34:06.254+0530","caller":"jobmanager/sse_setup.go:200","msg":"Sending new task alert to stage manager for taskId: HYPM-1530760-1747123444790941795LEU"}
{"level":"debug","time":"2025-05-13T13:34:06.254+0530","caller":"jobmanager/sse_setup.go:199","msg":"Task id: HYPM-1530760-1747123444843625755GOV"}
{"level":"debug","time":"2025-05-13T13:34:06.254+0530","caller":"jobmanager/sse_setup.go:200","msg":"Sending new task alert to stage manager for taskId: HYPM-1530760-1747123444843625755GOV"}
{"level":"info","time":"2025-05-13T13:34:14.161+0530","caller":"terminal/terminal.go:187","msg":"\u001b[32m✔\u001b[0m [7]  \u001b[2msetup-runtime (6s)\u001b[22m\n"}
{"level":"info","time":"2025-05-13T13:34:14.165+0530","caller":"terminal/terminal.go:187","msg":"\u001b[32m✔\u001b[0m [6]  \u001b[2msetup-runtime (6s)\u001b[22m\n"}
{"level":"info","time":"2025-05-13T13:34:14.560+0530","caller":"terminal/terminal.go:187","msg":"\u001b[32m✔\u001b[0m [11]  \u001b[2msetup-runtime (7s)\u001b[22m\n"}
{"level":"info","time":"2025-05-13T13:34:15.019+0530","caller":"terminal/terminal.go:187","msg":"\u001b[32m✔\u001b[0m [4]  \u001b[2msetup-runtime (7s)\u001b[22m\n"}
{"level":"info","time":"2025-05-13T13:34:17.027+0530","caller":"terminal/terminal.go:187","msg":"\u001b[32m✔\u001b[0m [10]  \u001b[2msetup-runtime (7s)\u001b[22m\n"}
{"level":"info","time":"2025-05-13T13:34:17.228+0530","caller":"terminal/terminal.go:187","msg":"\u001b[32m✔\u001b[0m [5]  \u001b[2msetup-runtime (7s)\u001b[22m\n"}
{"level":"info","time":"2025-05-13T13:34:17.311+0530","caller":"terminal/terminal.go:187","msg":"\u001b[32m✔\u001b[0m [3]  \u001b[2msetup-runtime (9s)\u001b[22m\n"}
{"level":"info","time":"2025-05-13T13:34:17.807+0530","caller":"terminal/terminal.go:187","msg":"\u001b[32m✔\u001b[0m [9]  \u001b[2msetup-runtime (8s)\u001b[22m\n"}
{"level":"info","time":"2025-05-13T13:34:17.857+0530","caller":"terminal/terminal.go:187","msg":"\u001b[32m✔\u001b[0m [2]  \u001b[2msetup-runtime (8s)\u001b[22m\n"}
{"level":"info","time":"2025-05-13T13:34:21.190+0530","caller":"terminal/terminal.go:187","msg":"\u001b[32m✔\u001b[0m [8]  \u001b[2msetup-runtime (11s)\u001b[22m\n"}
{"level":"info","time":"2025-05-13T13:34:36.138+0530","caller":"terminal/terminal.go:187","msg":"\u001b[32m✔\u001b[0m [7]  \u001b[2msrc/test/resources/apis/features/GetRequest.feature:16 (19s)\u001b[22m\n"}
{"level":"info","time":"2025-05-13T13:34:36.439+0530","caller":"terminal/terminal.go:187","msg":"\u001b[32m✔\u001b[0m [6]  \u001b[2msrc/test/resources/apis/features/PostRequest.feature:34 (19s)\u001b[22m\n"}
{"level":"info","time":"2025-05-13T13:34:36.999+0530","caller":"terminal/terminal.go:187","msg":"\u001b[32m✔\u001b[0m [4]  \u001b[2msrc/test/resources/apis/features/GetRequest.feature:23 (19s)\u001b[22m\n"}
{"level":"info","time":"2025-05-13T13:34:37.032+0530","caller":"terminal/terminal.go:187","msg":"\u001b[32m✔\u001b[0m [11]  \u001b[2msrc/test/resources/apis/features/PostRequest.feature:26 (19s)\u001b[22m\n"}
{"level":"info","time":"2025-05-13T13:34:42.372+0530","caller":"terminal/terminal.go:187","msg":"\u001b[32m✔\u001b[0m [10]  \u001b[2msrc/test/resources/apis/features/PostRequest.feature:10 (21s)\u001b[22m\n"}
{"level":"info","time":"2025-05-13T13:34:43.218+0530","caller":"terminal/terminal.go:187","msg":"\u001b[32m✔\u001b[0m [3]  \u001b[2msrc/test/resources/apis/features/GetRequest.feature:38 (23s)\u001b[22m\n"}
{"level":"info","time":"2025-05-13T13:34:43.703+0530","caller":"terminal/terminal.go:187","msg":"\u001b[32m✔\u001b[0m [5]  \u001b[2msrc/test/resources/apis/features/PutRequest.feature:10 (23s)\u001b[22m\n"}
{"level":"info","time":"2025-05-13T13:34:43.857+0530","caller":"terminal/terminal.go:187","msg":"\u001b[32m✔\u001b[0m [9]  \u001b[2msrc/test/resources/apis/features/GetRequest.feature:30 (22s)\u001b[22m\n"}
{"level":"info","time":"2025-05-13T13:34:43.936+0530","caller":"terminal/terminal.go:187","msg":"\u001b[32m✔\u001b[0m [2]  \u001b[2msrc/test/resources/apis/features/DeleteRequest.feature:10 (22s)\u001b[22m\n"}
{"level":"info","time":"2025-05-13T13:34:46.860+0530","caller":"terminal/terminal.go:187","msg":"\u001b[32m✔\u001b[0m [8]  \u001b[2msrc/test/resources/apis/features/PostRequest.feature:18 (22s)\u001b[22m\n"}
{"level":"debug","time":"2025-05-13T13:34:49.293+0530","caller":"jobmanager/sse_setup.go:141","msg":"\n\nJob status"}
{"level":"debug","time":"2025-05-13T13:34:49.294+0530","caller":"core/lifecycle.go:874","msg":"Context canceled"}
{"level":"info","time":"2025-05-13T13:34:49.294+0530","caller":"core/lifecycle.go:877","msg":"\u001b[2mStopping pipeline gracefully\u001b[22m"}
{"level":"info","time":"2025-05-13T13:34:49.294+0530","caller":"jobmanager/manager.go:143","msg":"Job Link: \u001b[4m\u001b[34mhttps://hyperexecute.lambdatest.com/hyperexecute/task?jobId=2190322f-2684-411f-828f-673684ef21f9\u001b[0m\u001b[24m\n"}
{"level":"debug","time":"2025-05-13T13:34:49.294+0530","caller":"core/lifecycle.go:59","msg":"Quit requested from main goroutine...."}
{"level":"debug","time":"2025-05-13T13:34:49.294+0530","caller":"core/lifecycle.go:60","msg":"Waiting for the goroutines to exit"}
{"level":"info","time":"2025-05-13T13:34:50.123+0530","caller":"jobmanager/JobSummaryManager.go:54","msg":"\n\u001b[102m\u001b[1m\u001b[30m COMPLETED \u001b[0m\u001b[22m\u001b[0m\n"}
{"level":"info","time":"2025-05-13T13:34:50.125+0530","caller":"jobmanager/JobSummaryManager.go:113","msg":"    \u001b[1mTest Execution Time\u001b[22m:                  \u001b[92m29s\u001b[0m"}
{"level":"info","time":"2025-05-13T13:34:50.125+0530","caller":"jobmanager/JobSummaryManager.go:113","msg":"    \u001b[1mJob Duration Time\u001b[22m:                    53s"}
{"level":"info","time":"2025-05-13T13:34:50.125+0530","caller":"jobmanager/JobSummaryManager.go:113","msg":"    \u001b[1mTotal Tasks\u001b[22m:                          11"}
{"level":"info","time":"2025-05-13T13:34:50.125+0530","caller":"jobmanager/JobSummaryManager.go:113","msg":"    \u001b[1mCumulative Time Consumed\u001b[22m:             5m43s"}
{"level":"info","time":"2025-05-13T13:34:50.125+0530","caller":"jobmanager/JobSummaryManager.go:113","msg":"    \u001b[1mTotal Stages\u001b[22m:                         11"}
{"level":"info","time":"2025-05-13T13:34:50.125+0530","caller":"jobmanager/JobSummaryManager.go:113","msg":"    \u001b[1mPass discovery stage percentage\u001b[22m:      100.00%"}
{"level":"info","time":"2025-05-13T13:34:50.125+0530","caller":"jobmanager/JobSummaryManager.go:113","msg":"    \u001b[1mFailed discovery stage percentage\u001b[22m:    0.00%"}
{"level":"info","time":"2025-05-13T13:34:50.125+0530","caller":"jobmanager/JobSummaryManager.go:113","msg":"    \u001b[1mPass pre stage percentage\u001b[22m:            0.00%"}
{"level":"info","time":"2025-05-13T13:34:50.125+0530","caller":"jobmanager/JobSummaryManager.go:113","msg":"    \u001b[1mFailed pre stage percentage\u001b[22m:          0.00%"}
{"level":"info","time":"2025-05-13T13:34:50.125+0530","caller":"jobmanager/JobSummaryManager.go:113","msg":"    \u001b[1mPass test stage percentage\u001b[22m:           \u001b[92m100.00%\u001b[0m"}
{"level":"info","time":"2025-05-13T13:34:50.125+0530","caller":"jobmanager/JobSummaryManager.go:113","msg":"    \u001b[1mFailed test stage percentage\u001b[22m:         0.00%"}
{"level":"info","time":"2025-05-13T13:34:50.125+0530","caller":"jobmanager/JobSummaryManager.go:113","msg":"    \u001b[1mPass post stage percentage\u001b[22m:           0.00%"}
{"level":"info","time":"2025-05-13T13:34:50.125+0530","caller":"jobmanager/JobSummaryManager.go:113","msg":"    \u001b[1mFailed post stage percentage\u001b[22m:         0.00%"}
{"level":"info","time":"2025-05-13T13:34:50.125+0530","caller":"jobmanager/JobSummaryManager.go:113","msg":"    \u001b[1mFailed Tasks\u001b[22m:                         0"}
{"level":"info","time":"2025-05-13T13:34:50.125+0530","caller":"jobmanager/JobSummaryManager.go:58","msg":""}
{"level":"debug","time":"2025-05-13T13:35:19.293+0530","caller":"cmd/bin.go:346","msg":"main: all goroutines have finished."}
{"level":"debug","time":"2025-05-13T13:35:53.773+0530","caller":"cmd/bin.go:137","msg":"cli os: darwin, cli arch: arm64"}
{"level":"debug","time":"2025-05-13T13:35:54.552+0530","caller":"cmd/bin.go:146","msg":"Upstream version details: {Name:cli Min:0.2.195 Max:0.2.272} "}
{"level":"debug","time":"2025-05-13T13:35:57.716+0530","caller":"core/lifecycle.go:108","msg":"Setting environment"}
{"level":"debug","time":"2025-05-13T13:35:57.716+0530","caller":"core/lifecycle.go:111","msg":"Parsing config"}
{"level":"debug","time":"2025-05-13T13:35:57.717+0530","caller":"yamlconfigmanager/setup.go:717","msg":"Custom location for .hyperexecute.yaml specified. Using: hyperexecute.yaml"}
{"level":"debug","time":"2025-05-13T13:35:57.717+0530","caller":"yamlconfigmanager/setup.go:117","msg":"using hyperexecute config from : hyperexecute.yaml"}
{"level":"debug","time":"2025-05-13T13:35:58.599+0530","caller":"yamlconfigmanager/setup.go:2108","msg":"Autodetecting test type in files of path : /Users/dhakshath/Documents/KarateAPI"}
{"level":"debug","time":"2025-05-13T13:35:58.601+0530","caller":"yamlconfigmanager/setup.go:541","msg":"Tunnel: %!t(<nil>)"}
{"level":"info","time":"2025-05-13T13:35:58.601+0530","caller":"models/HypertestYamlConfig.go:874","msg":"\n\u001b[4m\u001b[1m\u001b[97mExecution Plan\u001b[0m\u001b[22m\u001b[24m"}
{"level":"info","time":"2025-05-13T13:35:58.601+0530","caller":"models/HypertestYamlConfig.go:675","msg":"Mode:    \u001b[36mautosplit\u001b[0m"}
{"level":"info","time":"2025-05-13T13:35:58.601+0530","caller":"models/HypertestYamlConfig.go:735","msg":"Runson:    \u001b[36mmac\u001b[0m"}
{"level":"info","time":"2025-05-13T13:35:58.602+0530","caller":"models/HypertestYamlConfig.go:743","msg":"Concurrency:    \u001b[36m10\u001b[0m"}
{"level":"info","time":"2025-05-13T13:35:58.602+0530","caller":"models/HypertestYamlConfig.go:807","msg":"Report:    \u001b[36menabled\u001b[0m"}
{"level":"info","time":"2025-05-13T13:35:58.602+0530","caller":"models/HypertestYamlConfig.go:887","msg":""}
{"level":"debug","time":"2025-05-13T13:35:58.602+0530","caller":"filevalidator/setup.go:49","msg":"Warning: Checking data.json file in current directory, no dataJsonPath found in .hyperexecute.yaml"}
{"level":"debug","time":"2025-05-13T13:35:58.602+0530","caller":"filevalidator/setup.go:53","msg":"Warning: data.json file doesn't exist"}
{"level":"debug","time":"2025-05-13T13:36:00.552+0530","caller":"core/lifecycle.go:516","msg":"Job ID: 6ce3c98b-3d30-4646-9558-e9295e5fa61b"}
{"level":"debug","time":"2025-05-13T13:36:00.553+0530","caller":"events/manager.go:95","msg":"Starting event manager"}
{"level":"debug","time":"2025-05-13T13:36:00.554+0530","caller":"events/manager.go:97","msg":"SSE enabled, getting SSE connection"}
{"level":"debug","time":"2025-05-13T13:36:01.663+0530","caller":"archivemanager/setup.go:340","msg":"digestMap: map[.gitignore:{6789880119083260772 539 .gitignore false} .idea:{0 0 .idea true} .idea/.gitignore:{16279786366844463540 122 .idea/.gitignore false} .idea/gradle.xml:{4659657774069657883 558 .idea/gradle.xml false} .idea/misc.xml:{16225606672018911431 354 .idea/misc.xml false} .idea/workspace.xml:{11434788426567933113 10109 .idea/workspace.xml false} build.gradle:{6402680117770863533 524 build.gradle false} cucumber_context.json:{10190887627203814083 8228 cucumber_context.json false} gradle:{0 0 gradle true} gradle/wrapper:{0 0 gradle/wrapper true} gradle/wrapper/gradle-wrapper.jar:{8142569059071412300 60756 gradle/wrapper/gradle-wrapper.jar false} gradle/wrapper/gradle-wrapper.properties:{5454816729783508739 231 gradle/wrapper/gradle-wrapper.properties false} gradlew:{7922637049471180284 8070 gradlew false} gradlew.bat:{16664544825820606439 2763 gradlew.bat false} hyperexecute.yaml:{2200143411507561283 650 hyperexecute.yaml false} hyperexecute__metadata__.json:{8720704765352721524 51 hyperexecute__metadata__.json false} settings.gradle:{14290926963802788158 30 settings.gradle false} snooper.log:{10362262988316453443 14464 snooper.log false} src:{0 0 src true} src/test:{0 0 src/test true} src/test/java:{0 0 src/test/java true} src/test/java/APIRunner.java:{7850812801501036521 1032 src/test/java/APIRunner.java false} src/test/java/ParallelRunner.java:{15835990256694852921 643 src/test/java/ParallelRunner.java false} src/test/java/TagRunner.java:{16225404343123923587 824 src/test/java/TagRunner.java false} src/test/java/TestRunner.java:{9767021977487237997 793 src/test/java/TestRunner.java false} src/test/resources:{0 0 src/test/resources true} src/test/resources/Karate-config.js:{16327507150798637260 338 src/test/resources/Karate-config.js false} src/test/resources/apis:{0 0 src/test/resources/apis true} src/test/resources/apis/features:{0 0 src/test/resources/apis/features true} src/test/resources/apis/features/DeleteRequest.feature:{7215814100712510453 302 src/test/resources/apis/features/DeleteRequest.feature false} src/test/resources/apis/features/GetRequest.feature:{15584434973548180755 977 src/test/resources/apis/features/GetRequest.feature false} src/test/resources/apis/features/PostRequest.feature:{14869628535307320508 964 src/test/resources/apis/features/PostRequest.feature false} src/test/resources/apis/features/PutRequest.feature:{12666796336522385911 357 src/test/resources/apis/features/PutRequest.feature false} src/test/resources/logback-test.xml:{6758398796316335698 711 src/test/resources/logback-test.xml false} target:{0 0 target true} target/karate.log:{16462827523834632322 448044 target/karate.log false}]"}
{"level":"debug","time":"2025-05-13T13:36:01.663+0530","caller":"archivemanager/setup.go:346","msg":"Creating archive of target directory: /Users/dhakshath/Documents/KarateAPI"}
{"level":"debug","time":"2025-05-13T13:36:01.684+0530","caller":"core/lifecycle.go:659","msg":"Zip file size: 4.72 kB"}
{"level":"debug","time":"2025-05-13T13:36:01.684+0530","caller":"core/lifecycle.go:669","msg":"Archive location: /Users/dhakshath/Documents/KarateAPI/hyperexecute-code-6ce3c98b-3d30-4646-9558-e9295e5fa61b.zip\n"}
{"level":"debug","time":"2025-05-13T13:36:01.684+0530","caller":"storage/azure.go:59","msg":"Payload size: 4.72 kB, source path /Users/dhakshath/Documents/KarateAPI/hyperexecute-code-6ce3c98b-3d30-4646-9558-e9295e5fa61b.zip"}
{"level":"debug","time":"2025-05-13T13:36:01.698+0530","caller":"events/manager.go:277","msg":"connection to hyperexecute server established successfully."}
{"level":"info","time":"2025-05-13T13:36:11.828+0530","caller":"storage/azure.go:114","msg":"File upload completed in 10.14409175s"}
{"level":"debug","time":"2025-05-13T13:36:11.829+0530","caller":"receptionmanager/setup.go:277","msg":"only one runtime entry detected, mapping it to older yaml format"}
{"level":"debug","time":"2025-05-13T13:36:11.829+0530","caller":"receptionmanager/setup.go:306","msg":"only one partialreports entry detected, mapping it to older yaml format"}
{"level":"debug","time":"2025-05-13T13:36:11.830+0530","caller":"receptionmanager/setup.go:184","msg":"Uploading yaml : /Users/dhakshath/Documents/KarateAPI/.updatedhyperexecute.yaml"}
{"level":"debug","time":"2025-05-13T13:36:11.830+0530","caller":"storage/azure.go:59","msg":"Payload size: 3.55 kB, source path /Users/dhakshath/Documents/KarateAPI/.updatedhyperexecute.yaml"}
{"level":"info","time":"2025-05-13T13:36:21.907+0530","caller":"storage/azure.go:114","msg":"File upload completed in 10.077784833s"}
{"level":"debug","time":"2025-05-13T13:36:21.908+0530","caller":"core/lifecycle.go:696","msg":"Successfully deleted code archive: /Users/dhakshath/Documents/KarateAPI/hyperexecute-code-6ce3c98b-3d30-4646-9558-e9295e5fa61b.zip\n"}
{"level":"debug","time":"2025-05-13T13:36:21.909+0530","caller":"storage/azure.go:59","msg":"Payload size: 648 B, source path mask-6ce3c98b-3d30-4646-9558-e9295e5fa61b.yaml"}
{"level":"info","time":"2025-05-13T13:36:31.981+0530","caller":"storage/azure.go:114","msg":"File upload completed in 10.072833541s"}
{"level":"debug","time":"2025-05-13T13:36:34.260+0530","caller":"jobmanager/sse_setup.go:199","msg":"Task id: HYPM-1530760-1747123593081729519FBQ"}
{"level":"debug","time":"2025-05-13T13:36:34.261+0530","caller":"jobmanager/sse_setup.go:200","msg":"Sending new task alert to stage manager for taskId: HYPM-1530760-1747123593081729519FBQ"}
{"level":"info","time":"2025-05-13T13:36:36.333+0530","caller":"jobmanager/sse_setup.go:85","msg":"\nJob \u001b[1m\u001b[4m6ce3c98b-3d30-4646-9558-e9295e5fa61b\u001b[24m\u001b[22m has started \u001b[97mRUNNING\u001b[0m"}
{"level":"info","time":"2025-05-13T13:36:36.333+0530","caller":"jobmanager/manager.go:143","msg":"Job Link: \u001b[4m\u001b[34mhttps://hyperexecute.lambdatest.com/hyperexecute/task?jobId=6ce3c98b-3d30-4646-9558-e9295e5fa61b\u001b[0m\u001b[24m\n"}
{"level":"info","time":"2025-05-13T13:36:43.060+0530","caller":"terminal/terminal.go:187","msg":"\u001b[32m✔\u001b[0m [1]  \u001b[2msetup-runtime (8s)\u001b[22m\n"}
{"level":"info","time":"2025-05-13T13:36:46.179+0530","caller":"terminal/terminal.go:187","msg":"\u001b[32m✔\u001b[0m [1]  \u001b[2mdiscovery (3s)\u001b[22m\n"}
{"level":"debug","time":"2025-05-13T13:36:47.009+0530","caller":"jobmanager/sse_setup.go:199","msg":"Task id: HYPM-1530760-1747123605377535333BBD"}
{"level":"debug","time":"2025-05-13T13:36:47.009+0530","caller":"jobmanager/sse_setup.go:200","msg":"Sending new task alert to stage manager for taskId: HYPM-1530760-1747123605377535333BBD"}
{"level":"debug","time":"2025-05-13T13:36:47.009+0530","caller":"jobmanager/sse_setup.go:199","msg":"Task id: HYPM-1530760-1747123605426018150IYC"}
{"level":"debug","time":"2025-05-13T13:36:47.009+0530","caller":"jobmanager/sse_setup.go:200","msg":"Sending new task alert to stage manager for taskId: HYPM-1530760-1747123605426018150IYC"}
{"level":"debug","time":"2025-05-13T13:36:47.009+0530","caller":"jobmanager/sse_setup.go:199","msg":"Task id: HYPM-1530760-1747123605474280411LDV"}
{"level":"debug","time":"2025-05-13T13:36:47.010+0530","caller":"jobmanager/sse_setup.go:200","msg":"Sending new task alert to stage manager for taskId: HYPM-1530760-1747123605474280411LDV"}
{"level":"debug","time":"2025-05-13T13:36:47.010+0530","caller":"jobmanager/sse_setup.go:199","msg":"Task id: HYPM-1530760-1747123605517440984EIA"}
{"level":"debug","time":"2025-05-13T13:36:47.010+0530","caller":"jobmanager/sse_setup.go:200","msg":"Sending new task alert to stage manager for taskId: HYPM-1530760-1747123605517440984EIA"}
{"level":"debug","time":"2025-05-13T13:36:47.010+0530","caller":"jobmanager/sse_setup.go:199","msg":"Task id: HYPM-1530760-1747123605564237549WPD"}
{"level":"debug","time":"2025-05-13T13:36:47.010+0530","caller":"jobmanager/sse_setup.go:200","msg":"Sending new task alert to stage manager for taskId: HYPM-1530760-1747123605564237549WPD"}
{"level":"debug","time":"2025-05-13T13:36:47.010+0530","caller":"jobmanager/sse_setup.go:199","msg":"Task id: HYPM-1530760-1747123605600574477EJV"}
{"level":"debug","time":"2025-05-13T13:36:47.010+0530","caller":"jobmanager/sse_setup.go:200","msg":"Sending new task alert to stage manager for taskId: HYPM-1530760-1747123605600574477EJV"}
{"level":"debug","time":"2025-05-13T13:36:47.010+0530","caller":"jobmanager/sse_setup.go:199","msg":"Task id: HYPM-1530760-1747123605633414640DLK"}
{"level":"debug","time":"2025-05-13T13:36:47.010+0530","caller":"jobmanager/sse_setup.go:200","msg":"Sending new task alert to stage manager for taskId: HYPM-1530760-1747123605633414640DLK"}
{"level":"debug","time":"2025-05-13T13:36:47.010+0530","caller":"jobmanager/sse_setup.go:199","msg":"Task id: HYPM-1530760-1747123605691639650HMO"}
{"level":"debug","time":"2025-05-13T13:36:47.010+0530","caller":"jobmanager/sse_setup.go:200","msg":"Sending new task alert to stage manager for taskId: HYPM-1530760-1747123605691639650HMO"}
{"level":"debug","time":"2025-05-13T13:36:47.010+0530","caller":"jobmanager/sse_setup.go:199","msg":"Task id: HYPM-1530760-1747123605735246016NVC"}
{"level":"debug","time":"2025-05-13T13:36:47.010+0530","caller":"jobmanager/sse_setup.go:200","msg":"Sending new task alert to stage manager for taskId: HYPM-1530760-1747123605735246016NVC"}
{"level":"debug","time":"2025-05-13T13:36:47.010+0530","caller":"jobmanager/sse_setup.go:199","msg":"Task id: HYPM-1530760-1747123605808260407RGL"}
{"level":"debug","time":"2025-05-13T13:36:47.010+0530","caller":"jobmanager/sse_setup.go:200","msg":"Sending new task alert to stage manager for taskId: HYPM-1530760-1747123605808260407RGL"}
{"level":"info","time":"2025-05-13T13:36:54.883+0530","caller":"terminal/terminal.go:187","msg":"\u001b[32m✔\u001b[0m [4]  \u001b[2msetup-runtime (7s)\u001b[22m\n"}
{"level":"info","time":"2025-05-13T13:36:55.284+0530","caller":"terminal/terminal.go:187","msg":"\u001b[32m✔\u001b[0m [3]  \u001b[2msetup-runtime (7s)\u001b[22m\n"}
{"level":"info","time":"2025-05-13T13:36:57.469+0530","caller":"terminal/terminal.go:187","msg":"\u001b[32m✔\u001b[0m [11]  \u001b[2msetup-runtime (7s)\u001b[22m\n"}
{"level":"info","time":"2025-05-13T13:36:57.817+0530","caller":"terminal/terminal.go:187","msg":"\u001b[32m✔\u001b[0m [7]  \u001b[2msetup-runtime (7s)\u001b[22m\n"}
{"level":"info","time":"2025-05-13T13:36:58.653+0530","caller":"terminal/terminal.go:187","msg":"\u001b[32m✔\u001b[0m [8]  \u001b[2msetup-runtime (8s)\u001b[22m\n"}
{"level":"info","time":"2025-05-13T13:36:58.747+0530","caller":"terminal/terminal.go:187","msg":"\u001b[32m✔\u001b[0m [9]  \u001b[2msetup-runtime (8s)\u001b[22m\n"}
{"level":"info","time":"2025-05-13T13:36:58.789+0530","caller":"terminal/terminal.go:187","msg":"\u001b[32m✔\u001b[0m [2]  \u001b[2msetup-runtime (8s)\u001b[22m\n"}
{"level":"info","time":"2025-05-13T13:36:58.924+0530","caller":"terminal/terminal.go:187","msg":"\u001b[32m✔\u001b[0m [6]  \u001b[2msetup-runtime (9s)\u001b[22m\n"}
{"level":"info","time":"2025-05-13T13:36:59.313+0530","caller":"terminal/terminal.go:187","msg":"\u001b[32m✔\u001b[0m [10]  \u001b[2msetup-runtime (8s)\u001b[22m\n"}
{"level":"info","time":"2025-05-13T13:37:00.751+0530","caller":"terminal/terminal.go:187","msg":"\u001b[32m✔\u001b[0m [5]  \u001b[2msetup-runtime (10s)\u001b[22m\n"}
{"level":"info","time":"2025-05-13T13:37:15.379+0530","caller":"terminal/terminal.go:187","msg":"\u001b[32m✔\u001b[0m [3]  \u001b[2msrc/test/resources/apis/features/PutRequest.feature:10 (17s)\u001b[22m\n"}
{"level":"info","time":"2025-05-13T13:37:17.803+0530","caller":"terminal/terminal.go:187","msg":"\u001b[32m✔\u001b[0m [11]  \u001b[2msrc/test/resources/apis/features/PostRequest.feature:26 (17s)\u001b[22m\n"}
{"level":"info","time":"2025-05-13T13:37:18.612+0530","caller":"terminal/terminal.go:187","msg":"\u001b[32m✔\u001b[0m [4]  \u001b[2msrc/test/resources/apis/features/GetRequest.feature:38 (21s)\u001b[22m\n"}
{"level":"info","time":"2025-05-13T13:37:19.379+0530","caller":"terminal/terminal.go:187","msg":"\u001b[32m✔\u001b[0m [7]  \u001b[2msrc/test/resources/apis/features/PostRequest.feature:10 (18s)\u001b[22m\n"}
{"level":"info","time":"2025-05-13T13:37:23.030+0530","caller":"terminal/terminal.go:187","msg":"\u001b[32m✔\u001b[0m [8]  \u001b[2msrc/test/resources/apis/features/DeleteRequest.feature:10 (20s)\u001b[22m\n"}
{"level":"info","time":"2025-05-13T13:37:23.473+0530","caller":"terminal/terminal.go:187","msg":"\u001b[32m✔\u001b[0m [6]  \u001b[2msrc/test/resources/apis/features/GetRequest.feature:16 (20s)\u001b[22m\n"}
{"level":"info","time":"2025-05-13T13:37:24.122+0530","caller":"terminal/terminal.go:187","msg":"\u001b[32m✔\u001b[0m [9]  \u001b[2msrc/test/resources/apis/features/GetRequest.feature:23 (21s)\u001b[22m\n"}
{"level":"info","time":"2025-05-13T13:37:24.643+0530","caller":"terminal/terminal.go:187","msg":"\u001b[32m✔\u001b[0m [2]  \u001b[2msrc/test/resources/apis/features/GetRequest.feature:30 (22s)\u001b[22m\n"}
{"level":"info","time":"2025-05-13T13:37:24.691+0530","caller":"terminal/terminal.go:187","msg":"\u001b[32m✔\u001b[0m [5]  \u001b[2msrc/test/resources/apis/features/PostRequest.feature:34 (20s)\u001b[22m\n"}
{"level":"info","time":"2025-05-13T13:37:25.292+0530","caller":"terminal/terminal.go:187","msg":"\u001b[32m✔\u001b[0m [10]  \u001b[2msrc/test/resources/apis/features/PostRequest.feature:18 (21s)\u001b[22m\n"}
{"level":"debug","time":"2025-05-13T13:37:27.705+0530","caller":"jobmanager/sse_setup.go:141","msg":"\n\nJob status"}
{"level":"debug","time":"2025-05-13T13:37:27.705+0530","caller":"core/lifecycle.go:874","msg":"Context canceled"}
{"level":"info","time":"2025-05-13T13:37:27.705+0530","caller":"core/lifecycle.go:877","msg":"\u001b[2mStopping pipeline gracefully\u001b[22m"}
{"level":"info","time":"2025-05-13T13:37:27.705+0530","caller":"jobmanager/manager.go:143","msg":"Job Link: \u001b[4m\u001b[34mhttps://hyperexecute.lambdatest.com/hyperexecute/task?jobId=6ce3c98b-3d30-4646-9558-e9295e5fa61b\u001b[0m\u001b[24m\n"}
{"level":"debug","time":"2025-05-13T13:37:27.706+0530","caller":"core/lifecycle.go:59","msg":"Quit requested from main goroutine...."}
{"level":"debug","time":"2025-05-13T13:37:27.706+0530","caller":"core/lifecycle.go:60","msg":"Waiting for the goroutines to exit"}
{"level":"info","time":"2025-05-13T13:37:28.536+0530","caller":"jobmanager/JobSummaryManager.go:54","msg":"\n\u001b[102m\u001b[1m\u001b[30m COMPLETED \u001b[0m\u001b[22m\u001b[0m\n"}
{"level":"info","time":"2025-05-13T13:37:28.537+0530","caller":"jobmanager/JobSummaryManager.go:113","msg":"    \u001b[1mTest Execution Time\u001b[22m:                  \u001b[92m27s\u001b[0m"}
{"level":"info","time":"2025-05-13T13:37:28.537+0530","caller":"jobmanager/JobSummaryManager.go:113","msg":"    \u001b[1mJob Duration Time\u001b[22m:                    50s"}
{"level":"info","time":"2025-05-13T13:37:28.537+0530","caller":"jobmanager/JobSummaryManager.go:113","msg":"    \u001b[1mTotal Tasks\u001b[22m:                          11"}
{"level":"info","time":"2025-05-13T13:37:28.537+0530","caller":"jobmanager/JobSummaryManager.go:113","msg":"    \u001b[1mCumulative Time Consumed\u001b[22m:             5m32s"}
{"level":"info","time":"2025-05-13T13:37:28.537+0530","caller":"jobmanager/JobSummaryManager.go:113","msg":"    \u001b[1mTotal Stages\u001b[22m:                         11"}
{"level":"info","time":"2025-05-13T13:37:28.537+0530","caller":"jobmanager/JobSummaryManager.go:113","msg":"    \u001b[1mPass discovery stage percentage\u001b[22m:      100.00%"}
{"level":"info","time":"2025-05-13T13:37:28.537+0530","caller":"jobmanager/JobSummaryManager.go:113","msg":"    \u001b[1mFailed discovery stage percentage\u001b[22m:    0.00%"}
{"level":"info","time":"2025-05-13T13:37:28.537+0530","caller":"jobmanager/JobSummaryManager.go:113","msg":"    \u001b[1mPass pre stage percentage\u001b[22m:            0.00%"}
{"level":"info","time":"2025-05-13T13:37:28.537+0530","caller":"jobmanager/JobSummaryManager.go:113","msg":"    \u001b[1mFailed pre stage percentage\u001b[22m:          0.00%"}
{"level":"info","time":"2025-05-13T13:37:28.537+0530","caller":"jobmanager/JobSummaryManager.go:113","msg":"    \u001b[1mPass test stage percentage\u001b[22m:           \u001b[92m100.00%\u001b[0m"}
{"level":"info","time":"2025-05-13T13:37:28.537+0530","caller":"jobmanager/JobSummaryManager.go:113","msg":"    \u001b[1mFailed test stage percentage\u001b[22m:         0.00%"}
{"level":"info","time":"2025-05-13T13:37:28.537+0530","caller":"jobmanager/JobSummaryManager.go:113","msg":"    \u001b[1mPass post stage percentage\u001b[22m:           0.00%"}
{"level":"info","time":"2025-05-13T13:37:28.537+0530","caller":"jobmanager/JobSummaryManager.go:113","msg":"    \u001b[1mFailed post stage percentage\u001b[22m:         0.00%"}
{"level":"info","time":"2025-05-13T13:37:28.537+0530","caller":"jobmanager/JobSummaryManager.go:113","msg":"    \u001b[1mFailed Tasks\u001b[22m:                         0"}
{"level":"info","time":"2025-05-13T13:37:28.537+0530","caller":"jobmanager/JobSummaryManager.go:58","msg":""}
{"level":"debug","time":"2025-05-13T13:37:57.707+0530","caller":"cmd/bin.go:346","msg":"main: all goroutines have finished."}
{"level":"debug","time":"2025-05-13T13:44:12.085+0530","caller":"cmd/bin.go:137","msg":"cli os: darwin, cli arch: arm64"}
{"level":"debug","time":"2025-05-13T13:44:13.337+0530","caller":"cmd/bin.go:146","msg":"Upstream version details: {Name:cli Min:0.2.195 Max:0.2.272} "}
{"level":"debug","time":"2025-05-13T13:44:16.189+0530","caller":"core/lifecycle.go:108","msg":"Setting environment"}
{"level":"debug","time":"2025-05-13T13:44:16.189+0530","caller":"core/lifecycle.go:111","msg":"Parsing config"}
{"level":"debug","time":"2025-05-13T13:44:16.190+0530","caller":"yamlconfigmanager/setup.go:717","msg":"Custom location for .hyperexecute.yaml specified. Using: hyperexecute.yaml"}
{"level":"debug","time":"2025-05-13T13:44:16.191+0530","caller":"yamlconfigmanager/setup.go:117","msg":"using hyperexecute config from : hyperexecute.yaml"}
{"level":"debug","time":"2025-05-13T13:44:17.069+0530","caller":"yamlconfigmanager/setup.go:2108","msg":"Autodetecting test type in files of path : /Users/dhakshath/Documents/KarateAPI"}
{"level":"debug","time":"2025-05-13T13:44:17.070+0530","caller":"yamlconfigmanager/setup.go:541","msg":"Tunnel: %!t(<nil>)"}
{"level":"info","time":"2025-05-13T13:44:17.071+0530","caller":"models/HypertestYamlConfig.go:874","msg":"\n\u001b[4m\u001b[1m\u001b[97mExecution Plan\u001b[0m\u001b[22m\u001b[24m"}
{"level":"info","time":"2025-05-13T13:44:17.072+0530","caller":"models/HypertestYamlConfig.go:675","msg":"Mode:    \u001b[36mautosplit\u001b[0m"}
{"level":"info","time":"2025-05-13T13:44:17.072+0530","caller":"models/HypertestYamlConfig.go:735","msg":"Runson:    \u001b[36mmac\u001b[0m"}
{"level":"info","time":"2025-05-13T13:44:17.072+0530","caller":"models/HypertestYamlConfig.go:743","msg":"Concurrency:    \u001b[36m10\u001b[0m"}
{"level":"info","time":"2025-05-13T13:44:17.072+0530","caller":"models/HypertestYamlConfig.go:807","msg":"Report:    \u001b[36menabled\u001b[0m"}
{"level":"info","time":"2025-05-13T13:44:17.072+0530","caller":"models/HypertestYamlConfig.go:887","msg":""}
{"level":"debug","time":"2025-05-13T13:44:17.072+0530","caller":"filevalidator/setup.go:49","msg":"Warning: Checking data.json file in current directory, no dataJsonPath found in .hyperexecute.yaml"}
{"level":"debug","time":"2025-05-13T13:44:17.073+0530","caller":"filevalidator/setup.go:53","msg":"Warning: data.json file doesn't exist"}
{"level":"debug","time":"2025-05-13T13:44:18.895+0530","caller":"core/lifecycle.go:516","msg":"Job ID: 5bb28c87-36f6-4c44-83f2-b3ec43b750c5"}
{"level":"debug","time":"2025-05-13T13:44:18.896+0530","caller":"events/manager.go:95","msg":"Starting event manager"}
{"level":"debug","time":"2025-05-13T13:44:18.897+0530","caller":"events/manager.go:97","msg":"SSE enabled, getting SSE connection"}
{"level":"debug","time":"2025-05-13T13:44:19.510+0530","caller":"storage/azure.go:59","msg":"Payload size: 3.69 kB, source path /var/folders/d5/vhtnmxhj2cdbdlvq4jlw4dz00000gp/T/git.diff"}
{"level":"debug","time":"2025-05-13T13:44:20.087+0530","caller":"archivemanager/setup.go:340","msg":"digestMap: map[.gitignore:{6789880119083260772 539 .gitignore false} .hyperexecute.yaml:{13678632345023859274 3570 .hyperexecute.yaml false} .idea:{0 0 .idea true} .idea/.gitignore:{16279786366844463540 122 .idea/.gitignore false} .idea/gradle.xml:{4659657774069657883 558 .idea/gradle.xml false} .idea/misc.xml:{16225606672018911431 354 .idea/misc.xml false} .idea/vcs.xml:{1050702912331171404 180 .idea/vcs.xml false} .idea/workspace.xml:{11263615008326874944 10261 .idea/workspace.xml false} build.gradle:{6402680117770863533 524 build.gradle false} cucumber_context.json:{10190887627203814083 8228 cucumber_context.json false} gradle:{0 0 gradle true} gradle/wrapper:{0 0 gradle/wrapper true} gradle/wrapper/gradle-wrapper.jar:{8142569059071412300 60756 gradle/wrapper/gradle-wrapper.jar false} gradle/wrapper/gradle-wrapper.properties:{5454816729783508739 231 gradle/wrapper/gradle-wrapper.properties false} gradlew:{7922637049471180284 8070 gradlew false} gradlew.bat:{16664544825820606439 2763 gradlew.bat false} hyperexecute.yaml:{17671303604798835291 685 hyperexecute.yaml false} settings.gradle:{14290926963802788158 30 settings.gradle false} snooper.log:{10362262988316453443 14464 snooper.log false} src:{0 0 src true} src/test:{0 0 src/test true} src/test/java:{0 0 src/test/java true} src/test/java/APIRunner.java:{7850812801501036521 1032 src/test/java/APIRunner.java false} src/test/java/ParallelRunner.java:{15835990256694852921 643 src/test/java/ParallelRunner.java false} src/test/java/TagRunner.java:{16225404343123923587 824 src/test/java/TagRunner.java false} src/test/java/TestRunner.java:{9767021977487237997 793 src/test/java/TestRunner.java false} src/test/resources:{0 0 src/test/resources true} src/test/resources/Karate-config.js:{16327507150798637260 338 src/test/resources/Karate-config.js false} src/test/resources/apis:{0 0 src/test/resources/apis true} src/test/resources/apis/features:{0 0 src/test/resources/apis/features true} src/test/resources/apis/features/DeleteRequest.feature:{7215814100712510453 302 src/test/resources/apis/features/DeleteRequest.feature false} src/test/resources/apis/features/GetRequest.feature:{15584434973548180755 977 src/test/resources/apis/features/GetRequest.feature false} src/test/resources/apis/features/PostRequest.feature:{14869628535307320508 964 src/test/resources/apis/features/PostRequest.feature false} src/test/resources/apis/features/PutRequest.feature:{12666796336522385911 357 src/test/resources/apis/features/PutRequest.feature false} src/test/resources/logback-test.xml:{6758398796316335698 711 src/test/resources/logback-test.xml false} target:{0 0 target true} target/karate.log:{16462827523834632322 448044 target/karate.log false}]"}
{"level":"debug","time":"2025-05-13T13:44:20.087+0530","caller":"archivemanager/setup.go:346","msg":"Creating archive of target directory: /Users/dhakshath/Documents/KarateAPI"}
{"level":"debug","time":"2025-05-13T13:44:20.096+0530","caller":"core/lifecycle.go:659","msg":"Zip file size: 4.74 kB"}
{"level":"debug","time":"2025-05-13T13:44:20.096+0530","caller":"core/lifecycle.go:669","msg":"Archive location: /Users/dhakshath/Documents/KarateAPI/hyperexecute-code-5bb28c87-36f6-4c44-83f2-b3ec43b750c5.zip\n"}
{"level":"debug","time":"2025-05-13T13:44:20.096+0530","caller":"storage/azure.go:59","msg":"Payload size: 4.74 kB, source path /Users/dhakshath/Documents/KarateAPI/hyperexecute-code-5bb28c87-36f6-4c44-83f2-b3ec43b750c5.zip"}
{"level":"debug","time":"2025-05-13T13:44:20.172+0530","caller":"events/manager.go:277","msg":"connection to hyperexecute server established successfully."}
{"level":"info","time":"2025-05-13T13:44:29.601+0530","caller":"storage/azure.go:114","msg":"File upload completed in 10.091915625s"}
{"level":"info","time":"2025-05-13T13:44:37.657+0530","caller":"storage/azure.go:114","msg":"File upload completed in 17.561363375s"}
{"level":"debug","time":"2025-05-13T13:44:37.658+0530","caller":"receptionmanager/setup.go:277","msg":"only one runtime entry detected, mapping it to older yaml format"}
{"level":"debug","time":"2025-05-13T13:44:37.659+0530","caller":"receptionmanager/setup.go:306","msg":"only one partialreports entry detected, mapping it to older yaml format"}
{"level":"debug","time":"2025-05-13T13:44:37.659+0530","caller":"receptionmanager/setup.go:184","msg":"Uploading yaml : /Users/dhakshath/Documents/KarateAPI/.updatedhyperexecute.yaml"}
{"level":"debug","time":"2025-05-13T13:44:37.659+0530","caller":"storage/azure.go:59","msg":"Payload size: 3.52 kB, source path /Users/dhakshath/Documents/KarateAPI/.updatedhyperexecute.yaml"}
{"level":"info","time":"2025-05-13T13:44:47.692+0530","caller":"storage/azure.go:114","msg":"File upload completed in 10.03286575s"}
{"level":"debug","time":"2025-05-13T13:44:47.692+0530","caller":"core/lifecycle.go:696","msg":"Successfully deleted code archive: /Users/dhakshath/Documents/KarateAPI/hyperexecute-code-5bb28c87-36f6-4c44-83f2-b3ec43b750c5.zip\n"}
{"level":"debug","time":"2025-05-13T13:44:47.694+0530","caller":"storage/azure.go:59","msg":"Payload size: 613 B, source path mask-5bb28c87-36f6-4c44-83f2-b3ec43b750c5.yaml"}
{"level":"info","time":"2025-05-13T13:44:57.803+0530","caller":"storage/azure.go:114","msg":"File upload completed in 10.109137625s"}
{"level":"debug","time":"2025-05-13T13:45:00.037+0530","caller":"jobmanager/sse_setup.go:199","msg":"Task id: HYPM-1530760-1747124098931603348YMO"}
{"level":"debug","time":"2025-05-13T13:45:00.038+0530","caller":"jobmanager/sse_setup.go:200","msg":"Sending new task alert to stage manager for taskId: HYPM-1530760-1747124098931603348YMO"}
{"level":"info","time":"2025-05-13T13:45:02.440+0530","caller":"jobmanager/sse_setup.go:85","msg":"\nJob \u001b[1m\u001b[4m5bb28c87-36f6-4c44-83f2-b3ec43b750c5\u001b[24m\u001b[22m has started \u001b[97mRUNNING\u001b[0m"}
{"level":"info","time":"2025-05-13T13:45:02.440+0530","caller":"jobmanager/manager.go:143","msg":"Job Link: \u001b[4m\u001b[34mhttps://hyperexecute.lambdatest.com/hyperexecute/task?jobId=5bb28c87-36f6-4c44-83f2-b3ec43b750c5\u001b[0m\u001b[24m\n"}
{"level":"info","time":"2025-05-13T13:45:10.599+0530","caller":"terminal/terminal.go:187","msg":"\u001b[32m✔\u001b[0m [1]  \u001b[2msetup-runtime (10s)\u001b[22m\n"}
{"level":"info","time":"2025-05-13T13:45:13.716+0530","caller":"terminal/terminal.go:187","msg":"\u001b[32m✔\u001b[0m [1]  \u001b[2mdiscovery (4s)\u001b[22m\n"}
{"level":"debug","time":"2025-05-13T13:45:14.579+0530","caller":"jobmanager/sse_setup.go:199","msg":"Task id: HYPM-1530760-1747124112923901567SYX"}
{"level":"debug","time":"2025-05-13T13:45:14.580+0530","caller":"jobmanager/sse_setup.go:200","msg":"Sending new task alert to stage manager for taskId: HYPM-1530760-1747124112923901567SYX"}
{"level":"debug","time":"2025-05-13T13:45:14.580+0530","caller":"jobmanager/sse_setup.go:199","msg":"Task id: HYPM-1530760-1747124112985906702LTM"}
{"level":"debug","time":"2025-05-13T13:45:14.580+0530","caller":"jobmanager/sse_setup.go:200","msg":"Sending new task alert to stage manager for taskId: HYPM-1530760-1747124112985906702LTM"}
{"level":"debug","time":"2025-05-13T13:45:14.580+0530","caller":"jobmanager/sse_setup.go:199","msg":"Task id: HYPM-1530760-1747124113034615831OVJ"}
{"level":"debug","time":"2025-05-13T13:45:14.580+0530","caller":"jobmanager/sse_setup.go:200","msg":"Sending new task alert to stage manager for taskId: HYPM-1530760-1747124113034615831OVJ"}
{"level":"debug","time":"2025-05-13T13:45:14.580+0530","caller":"jobmanager/sse_setup.go:199","msg":"Task id: HYPM-1530760-1747124113083295935YYW"}
{"level":"debug","time":"2025-05-13T13:45:14.580+0530","caller":"jobmanager/sse_setup.go:200","msg":"Sending new task alert to stage manager for taskId: HYPM-1530760-1747124113083295935YYW"}
{"level":"debug","time":"2025-05-13T13:45:14.580+0530","caller":"jobmanager/sse_setup.go:199","msg":"Task id: HYPM-1530760-1747124113132631030VJN"}
{"level":"debug","time":"2025-05-13T13:45:14.580+0530","caller":"jobmanager/sse_setup.go:200","msg":"Sending new task alert to stage manager for taskId: HYPM-1530760-1747124113132631030VJN"}
{"level":"debug","time":"2025-05-13T13:45:14.580+0530","caller":"jobmanager/sse_setup.go:199","msg":"Task id: HYPM-1530760-1747124113175233990CQP"}
{"level":"debug","time":"2025-05-13T13:45:14.580+0530","caller":"jobmanager/sse_setup.go:200","msg":"Sending new task alert to stage manager for taskId: HYPM-1530760-1747124113175233990CQP"}
{"level":"debug","time":"2025-05-13T13:45:14.580+0530","caller":"jobmanager/sse_setup.go:199","msg":"Task id: HYPM-1530760-1747124113216716211ZJU"}
{"level":"debug","time":"2025-05-13T13:45:14.580+0530","caller":"jobmanager/sse_setup.go:200","msg":"Sending new task alert to stage manager for taskId: HYPM-1530760-1747124113216716211ZJU"}
{"level":"debug","time":"2025-05-13T13:45:14.580+0530","caller":"jobmanager/sse_setup.go:199","msg":"Task id: HYPM-1530760-1747124113256702332ORB"}
{"level":"debug","time":"2025-05-13T13:45:14.580+0530","caller":"jobmanager/sse_setup.go:200","msg":"Sending new task alert to stage manager for taskId: HYPM-1530760-1747124113256702332ORB"}
{"level":"debug","time":"2025-05-13T13:45:14.580+0530","caller":"jobmanager/sse_setup.go:199","msg":"Task id: HYPM-1530760-1747124113296410360UEK"}
{"level":"debug","time":"2025-05-13T13:45:14.580+0530","caller":"jobmanager/sse_setup.go:200","msg":"Sending new task alert to stage manager for taskId: HYPM-1530760-1747124113296410360UEK"}
{"level":"debug","time":"2025-05-13T13:45:14.580+0530","caller":"jobmanager/sse_setup.go:199","msg":"Task id: HYPM-1530760-1747124113352176976WZF"}
{"level":"debug","time":"2025-05-13T13:45:14.580+0530","caller":"jobmanager/sse_setup.go:200","msg":"Sending new task alert to stage manager for taskId: HYPM-1530760-1747124113352176976WZF"}
{"level":"info","time":"2025-05-13T13:45:22.926+0530","caller":"terminal/terminal.go:187","msg":"\u001b[32m✔\u001b[0m [7]  \u001b[2msetup-runtime (7s)\u001b[22m\n"}
{"level":"info","time":"2025-05-13T13:45:23.735+0530","caller":"terminal/terminal.go:187","msg":"\u001b[32m✔\u001b[0m [9]  \u001b[2msetup-runtime (7s)\u001b[22m\n"}
{"level":"info","time":"2025-05-13T13:45:24.052+0530","caller":"terminal/terminal.go:187","msg":"\u001b[32m✔\u001b[0m [6]  \u001b[2msetup-runtime (8s)\u001b[22m\n"}
{"level":"info","time":"2025-05-13T13:45:24.602+0530","caller":"terminal/terminal.go:187","msg":"\u001b[32m✔\u001b[0m [2]  \u001b[2msetup-runtime (8s)\u001b[22m\n"}
{"level":"info","time":"2025-05-13T13:45:24.631+0530","caller":"terminal/terminal.go:187","msg":"\u001b[32m✔\u001b[0m [4]  \u001b[2msetup-runtime (8s)\u001b[22m\n"}
{"level":"info","time":"2025-05-13T13:45:25.264+0530","caller":"terminal/terminal.go:187","msg":"\u001b[32m✔\u001b[0m [10]  \u001b[2msetup-runtime (7s)\u001b[22m\n"}
{"level":"info","time":"2025-05-13T13:45:25.676+0530","caller":"terminal/terminal.go:187","msg":"\u001b[32m✔\u001b[0m [5]  \u001b[2msetup-runtime (7s)\u001b[22m\n"}
{"level":"info","time":"2025-05-13T13:45:26.149+0530","caller":"terminal/terminal.go:187","msg":"\u001b[32m✔\u001b[0m [11]  \u001b[2msetup-runtime (8s)\u001b[22m\n"}
{"level":"info","time":"2025-05-13T13:45:26.340+0530","caller":"terminal/terminal.go:187","msg":"\u001b[32m✔\u001b[0m [3]  \u001b[2msetup-runtime (8s)\u001b[22m\n"}
{"level":"info","time":"2025-05-13T13:45:26.906+0530","caller":"terminal/terminal.go:187","msg":"\u001b[32m✔\u001b[0m [8]  \u001b[2msetup-runtime (10s)\u001b[22m\n"}
{"level":"info","time":"2025-05-13T13:45:46.610+0530","caller":"terminal/terminal.go:187","msg":"\u001b[32m✔\u001b[0m [2]  \u001b[2msrc/test/resources/apis/features/GetRequest.feature:16 (19s)\u001b[22m\n"}
{"level":"info","time":"2025-05-13T13:45:47.027+0530","caller":"terminal/terminal.go:187","msg":"\u001b[32m✔\u001b[0m [6]  \u001b[2msrc/test/resources/apis/features/PostRequest.feature:34 (20s)\u001b[22m\n"}
{"level":"info","time":"2025-05-13T13:45:47.169+0530","caller":"terminal/terminal.go:187","msg":"\u001b[32m✔\u001b[0m [9]  \u001b[2msrc/test/resources/apis/features/PutRequest.feature:10 (20s)\u001b[22m\n"}
{"level":"info","time":"2025-05-13T13:45:47.283+0530","caller":"terminal/terminal.go:187","msg":"\u001b[32m✔\u001b[0m [4]  \u001b[2msrc/test/resources/apis/features/GetRequest.feature:23 (19s)\u001b[22m\n"}
{"level":"info","time":"2025-05-13T13:45:49.284+0530","caller":"terminal/terminal.go:187","msg":"\u001b[32m✔\u001b[0m [7]  \u001b[2msrc/test/resources/apis/features/GetRequest.feature:38 (23s)\u001b[22m\n"}
{"level":"info","time":"2025-05-13T13:45:50.295+0530","caller":"terminal/terminal.go:187","msg":"\u001b[32m✔\u001b[0m [8]  \u001b[2msrc/test/resources/apis/features/PostRequest.feature:18 (20s)\u001b[22m\n"}
{"level":"info","time":"2025-05-13T13:45:50.624+0530","caller":"terminal/terminal.go:187","msg":"\u001b[32m✔\u001b[0m [10]  \u001b[2msrc/test/resources/apis/features/DeleteRequest.feature:10 (22s)\u001b[22m\n"}
{"level":"info","time":"2025-05-13T13:45:52.365+0530","caller":"terminal/terminal.go:187","msg":"\u001b[32m✔\u001b[0m [5]  \u001b[2msrc/test/resources/apis/features/PostRequest.feature:10 (22s)\u001b[22m\n"}
{"level":"info","time":"2025-05-13T13:45:55.213+0530","caller":"terminal/terminal.go:187","msg":"\u001b[32m✔\u001b[0m [3]  \u001b[2msrc/test/resources/apis/features/GetRequest.feature:30 (22s)\u001b[22m\n"}
{"level":"info","time":"2025-05-13T13:45:55.231+0530","caller":"terminal/terminal.go:187","msg":"\u001b[32m✔\u001b[0m [11]  \u001b[2msrc/test/resources/apis/features/PostRequest.feature:26 (22s)\u001b[22m\n"}
{"level":"debug","time":"2025-05-13T13:45:57.645+0530","caller":"jobmanager/sse_setup.go:141","msg":"\n\nJob status"}
{"level":"debug","time":"2025-05-13T13:45:57.645+0530","caller":"core/lifecycle.go:874","msg":"Context canceled"}
{"level":"info","time":"2025-05-13T13:45:57.645+0530","caller":"core/lifecycle.go:877","msg":"\u001b[2mStopping pipeline gracefully\u001b[22m"}
{"level":"info","time":"2025-05-13T13:45:57.645+0530","caller":"jobmanager/manager.go:143","msg":"Job Link: \u001b[4m\u001b[34mhttps://hyperexecute.lambdatest.com/hyperexecute/task?jobId=5bb28c87-36f6-4c44-83f2-b3ec43b750c5\u001b[0m\u001b[24m\n"}
{"level":"debug","time":"2025-05-13T13:45:57.645+0530","caller":"core/lifecycle.go:59","msg":"Quit requested from main goroutine...."}
{"level":"debug","time":"2025-05-13T13:45:57.646+0530","caller":"core/lifecycle.go:60","msg":"Waiting for the goroutines to exit"}
{"level":"info","time":"2025-05-13T13:45:58.424+0530","caller":"jobmanager/JobSummaryManager.go:54","msg":"\n\u001b[102m\u001b[1m\u001b[30m COMPLETED \u001b[0m\u001b[22m\u001b[0m\n"}
{"level":"info","time":"2025-05-13T13:45:58.425+0530","caller":"jobmanager/JobSummaryManager.go:113","msg":"    \u001b[1mTest Execution Time\u001b[22m:                  \u001b[92m29s\u001b[0m"}
{"level":"info","time":"2025-05-13T13:45:58.425+0530","caller":"jobmanager/JobSummaryManager.go:113","msg":"    \u001b[1mJob Duration Time\u001b[22m:                    54s"}
{"level":"info","time":"2025-05-13T13:45:58.425+0530","caller":"jobmanager/JobSummaryManager.go:113","msg":"    \u001b[1mTotal Tasks\u001b[22m:                          11"}
{"level":"info","time":"2025-05-13T13:45:58.426+0530","caller":"jobmanager/JobSummaryManager.go:113","msg":"    \u001b[1mCumulative Time Consumed\u001b[22m:             5m47s"}
{"level":"info","time":"2025-05-13T13:45:58.426+0530","caller":"jobmanager/JobSummaryManager.go:113","msg":"    \u001b[1mTotal Stages\u001b[22m:                         11"}
{"level":"info","time":"2025-05-13T13:45:58.426+0530","caller":"jobmanager/JobSummaryManager.go:113","msg":"    \u001b[1mPass discovery stage percentage\u001b[22m:      100.00%"}
{"level":"info","time":"2025-05-13T13:45:58.426+0530","caller":"jobmanager/JobSummaryManager.go:113","msg":"    \u001b[1mFailed discovery stage percentage\u001b[22m:    0.00%"}
{"level":"info","time":"2025-05-13T13:45:58.426+0530","caller":"jobmanager/JobSummaryManager.go:113","msg":"    \u001b[1mPass pre stage percentage\u001b[22m:            0.00%"}
{"level":"info","time":"2025-05-13T13:45:58.426+0530","caller":"jobmanager/JobSummaryManager.go:113","msg":"    \u001b[1mFailed pre stage percentage\u001b[22m:          0.00%"}
{"level":"info","time":"2025-05-13T13:45:58.426+0530","caller":"jobmanager/JobSummaryManager.go:113","msg":"    \u001b[1mPass test stage percentage\u001b[22m:           \u001b[92m100.00%\u001b[0m"}
{"level":"info","time":"2025-05-13T13:45:58.426+0530","caller":"jobmanager/JobSummaryManager.go:113","msg":"    \u001b[1mFailed test stage percentage\u001b[22m:         0.00%"}
{"level":"info","time":"2025-05-13T13:45:58.426+0530","caller":"jobmanager/JobSummaryManager.go:113","msg":"    \u001b[1mPass post stage percentage\u001b[22m:           0.00%"}
{"level":"info","time":"2025-05-13T13:45:58.426+0530","caller":"jobmanager/JobSummaryManager.go:113","msg":"    \u001b[1mFailed post stage percentage\u001b[22m:         0.00%"}
{"level":"info","time":"2025-05-13T13:45:58.426+0530","caller":"jobmanager/JobSummaryManager.go:113","msg":"    \u001b[1mFailed Tasks\u001b[22m:                         0"}
{"level":"info","time":"2025-05-13T13:45:58.426+0530","caller":"jobmanager/JobSummaryManager.go:58","msg":""}
{"level":"debug","time":"2025-05-13T13:46:27.646+0530","caller":"cmd/bin.go:346","msg":"main: all goroutines have finished."}
{"level":"debug","time":"2025-05-13T13:48:38.429+0530","caller":"cmd/bin.go:137","msg":"cli os: darwin, cli arch: arm64"}
{"level":"debug","time":"2025-05-13T13:48:39.324+0530","caller":"cmd/bin.go:146","msg":"Upstream version details: {Name:cli Min:0.2.195 Max:0.2.272} "}
{"level":"debug","time":"2025-05-13T13:48:42.332+0530","caller":"core/lifecycle.go:108","msg":"Setting environment"}
{"level":"debug","time":"2025-05-13T13:48:42.333+0530","caller":"core/lifecycle.go:111","msg":"Parsing config"}
{"level":"debug","time":"2025-05-13T13:48:42.333+0530","caller":"yamlconfigmanager/setup.go:717","msg":"Custom location for .hyperexecute.yaml specified. Using: hyperexecute.yaml"}
{"level":"debug","time":"2025-05-13T13:48:42.334+0530","caller":"yamlconfigmanager/setup.go:117","msg":"using hyperexecute config from : hyperexecute.yaml"}
{"level":"debug","time":"2025-05-13T13:48:43.220+0530","caller":"yamlconfigmanager/setup.go:2108","msg":"Autodetecting test type in files of path : /Users/dhakshath/Documents/KarateAPI"}
{"level":"debug","time":"2025-05-13T13:48:43.221+0530","caller":"yamlconfigmanager/setup.go:541","msg":"Tunnel: %!t(<nil>)"}
{"level":"info","time":"2025-05-13T13:48:43.221+0530","caller":"models/HypertestYamlConfig.go:874","msg":"\n\u001b[4m\u001b[1m\u001b[97mExecution Plan\u001b[0m\u001b[22m\u001b[24m"}
{"level":"info","time":"2025-05-13T13:48:43.221+0530","caller":"models/HypertestYamlConfig.go:675","msg":"Mode:    \u001b[36mautosplit\u001b[0m"}
{"level":"info","time":"2025-05-13T13:48:43.221+0530","caller":"models/HypertestYamlConfig.go:735","msg":"Runson:    \u001b[36mmac\u001b[0m"}
{"level":"info","time":"2025-05-13T13:48:43.222+0530","caller":"models/HypertestYamlConfig.go:743","msg":"Concurrency:    \u001b[36m10\u001b[0m"}
{"level":"info","time":"2025-05-13T13:48:43.222+0530","caller":"models/HypertestYamlConfig.go:807","msg":"Report:    \u001b[36menabled\u001b[0m"}
{"level":"info","time":"2025-05-13T13:48:43.222+0530","caller":"models/HypertestYamlConfig.go:887","msg":""}
{"level":"debug","time":"2025-05-13T13:48:43.222+0530","caller":"filevalidator/setup.go:49","msg":"Warning: Checking data.json file in current directory, no dataJsonPath found in .hyperexecute.yaml"}
{"level":"debug","time":"2025-05-13T13:48:43.222+0530","caller":"filevalidator/setup.go:53","msg":"Warning: data.json file doesn't exist"}
{"level":"debug","time":"2025-05-13T13:48:44.987+0530","caller":"core/lifecycle.go:516","msg":"Job ID: 29660e0a-d2fe-4fb5-8795-c1ce25a8528d"}
{"level":"debug","time":"2025-05-13T13:48:44.988+0530","caller":"events/manager.go:95","msg":"Starting event manager"}
{"level":"debug","time":"2025-05-13T13:48:44.989+0530","caller":"events/manager.go:97","msg":"SSE enabled, getting SSE connection"}
{"level":"debug","time":"2025-05-13T13:48:45.653+0530","caller":"storage/azure.go:59","msg":"Payload size: 44.62 kB, source path /var/folders/d5/vhtnmxhj2cdbdlvq4jlw4dz00000gp/T/git.diff"}
{"level":"debug","time":"2025-05-13T13:48:46.050+0530","caller":"archivemanager/setup.go:340","msg":"digestMap: map[.gitignore:{6789880119083260772 539 .gitignore false} .idea:{0 0 .idea true} .idea/.gitignore:{16279786366844463540 122 .idea/.gitignore false} .idea/gradle.xml:{4659657774069657883 558 .idea/gradle.xml false} .idea/misc.xml:{16225606672018911431 354 .idea/misc.xml false} .idea/vcs.xml:{110729305571302532 242 .idea/vcs.xml false} .idea/workspace.xml:{16892895975328241120 10412 .idea/workspace.xml false} build.gradle:{6402680117770863533 524 build.gradle false} cucumber_context.json:{10190887627203814083 8228 cucumber_context.json false} gradle:{0 0 gradle true} gradle/wrapper:{0 0 gradle/wrapper true} gradle/wrapper/gradle-wrapper.jar:{8142569059071412300 60756 gradle/wrapper/gradle-wrapper.jar false} gradle/wrapper/gradle-wrapper.properties:{5454816729783508739 231 gradle/wrapper/gradle-wrapper.properties false} gradlew:{7922637049471180284 8070 gradlew false} gradlew.bat:{16664544825820606439 2763 gradlew.bat false} hyperexecute.yaml:{2200143411507561283 650 hyperexecute.yaml false} hyperexecute__metadata__.json:{8720704765352721524 51 hyperexecute__metadata__.json false} settings.gradle:{14290926963802788158 30 settings.gradle false} snooper.log:{10362262988316453443 14464 snooper.log false} src:{0 0 src true} src/test:{0 0 src/test true} src/test/java:{0 0 src/test/java true} src/test/java/APIRunner.java:{7850812801501036521 1032 src/test/java/APIRunner.java false} src/test/java/ParallelRunner.java:{15835990256694852921 643 src/test/java/ParallelRunner.java false} src/test/java/TagRunner.java:{16225404343123923587 824 src/test/java/TagRunner.java false} src/test/java/TestRunner.java:{9767021977487237997 793 src/test/java/TestRunner.java false} src/test/resources:{0 0 src/test/resources true} src/test/resources/Karate-config.js:{16327507150798637260 338 src/test/resources/Karate-config.js false} src/test/resources/apis:{0 0 src/test/resources/apis true} src/test/resources/apis/features:{0 0 src/test/resources/apis/features true} src/test/resources/apis/features/DeleteRequest.feature:{7215814100712510453 302 src/test/resources/apis/features/DeleteRequest.feature false} src/test/resources/apis/features/GetRequest.feature:{15584434973548180755 977 src/test/resources/apis/features/GetRequest.feature false} src/test/resources/apis/features/PostRequest.feature:{14869628535307320508 964 src/test/resources/apis/features/PostRequest.feature false} src/test/resources/apis/features/PutRequest.feature:{12666796336522385911 357 src/test/resources/apis/features/PutRequest.feature false} src/test/resources/logback-test.xml:{6758398796316335698 711 src/test/resources/logback-test.xml false} target:{0 0 target true} target/karate.log:{16462827523834632322 448044 target/karate.log false}]"}
{"level":"debug","time":"2025-05-13T13:48:46.051+0530","caller":"archivemanager/setup.go:346","msg":"Creating archive of target directory: /Users/dhakshath/Documents/KarateAPI"}
{"level":"debug","time":"2025-05-13T13:48:46.061+0530","caller":"core/lifecycle.go:659","msg":"Zip file size: 4.49 kB"}
{"level":"debug","time":"2025-05-13T13:48:46.061+0530","caller":"core/lifecycle.go:669","msg":"Archive location: /Users/dhakshath/Documents/KarateAPI/hyperexecute-code-29660e0a-d2fe-4fb5-8795-c1ce25a8528d.zip\n"}
{"level":"debug","time":"2025-05-13T13:48:46.061+0530","caller":"storage/azure.go:59","msg":"Payload size: 4.49 kB, source path /Users/dhakshath/Documents/KarateAPI/hyperexecute-code-29660e0a-d2fe-4fb5-8795-c1ce25a8528d.zip"}
{"level":"debug","time":"2025-05-13T13:48:46.148+0530","caller":"events/manager.go:277","msg":"connection to hyperexecute server established successfully."}
{"level":"info","time":"2025-05-13T13:48:57.752+0530","caller":"storage/azure.go:114","msg":"File upload completed in 12.098398292s"}
{"level":"info","time":"2025-05-13T13:49:03.807+0530","caller":"storage/azure.go:114","msg":"File upload completed in 17.746299s"}
{"level":"debug","time":"2025-05-13T13:49:03.808+0530","caller":"receptionmanager/setup.go:277","msg":"only one runtime entry detected, mapping it to older yaml format"}
{"level":"debug","time":"2025-05-13T13:49:03.808+0530","caller":"receptionmanager/setup.go:306","msg":"only one partialreports entry detected, mapping it to older yaml format"}
{"level":"debug","time":"2025-05-13T13:49:03.809+0530","caller":"receptionmanager/setup.go:184","msg":"Uploading yaml : /Users/dhakshath/Documents/KarateAPI/.updatedhyperexecute.yaml"}
{"level":"debug","time":"2025-05-13T13:49:03.809+0530","caller":"storage/azure.go:59","msg":"Payload size: 3.51 kB, source path /Users/dhakshath/Documents/KarateAPI/.updatedhyperexecute.yaml"}
{"level":"info","time":"2025-05-13T13:49:13.892+0530","caller":"storage/azure.go:114","msg":"File upload completed in 10.083048708s"}
{"level":"debug","time":"2025-05-13T13:49:13.892+0530","caller":"core/lifecycle.go:696","msg":"Successfully deleted code archive: /Users/dhakshath/Documents/KarateAPI/hyperexecute-code-29660e0a-d2fe-4fb5-8795-c1ce25a8528d.zip\n"}
{"level":"debug","time":"2025-05-13T13:49:13.893+0530","caller":"storage/azure.go:59","msg":"Payload size: 611 B, source path mask-29660e0a-d2fe-4fb5-8795-c1ce25a8528d.yaml"}
{"level":"info","time":"2025-05-13T13:49:23.954+0530","caller":"storage/azure.go:114","msg":"File upload completed in 10.061878167s"}
{"level":"debug","time":"2025-05-13T13:49:26.168+0530","caller":"jobmanager/sse_setup.go:199","msg":"Task id: HYPM-1530760-1747124365059610980ORK"}
{"level":"debug","time":"2025-05-13T13:49:26.169+0530","caller":"jobmanager/sse_setup.go:200","msg":"Sending new task alert to stage manager for taskId: HYPM-1530760-1747124365059610980ORK"}
{"level":"info","time":"2025-05-13T13:49:29.448+0530","caller":"jobmanager/sse_setup.go:85","msg":"\nJob \u001b[1m\u001b[4m29660e0a-d2fe-4fb5-8795-c1ce25a8528d\u001b[24m\u001b[22m has started \u001b[97mRUNNING\u001b[0m"}
{"level":"info","time":"2025-05-13T13:49:29.448+0530","caller":"jobmanager/manager.go:143","msg":"Job Link: \u001b[4m\u001b[34mhttps://hyperexecute.lambdatest.com/hyperexecute/task?jobId=29660e0a-d2fe-4fb5-8795-c1ce25a8528d\u001b[0m\u001b[24m\n"}
{"level":"info","time":"2025-05-13T13:49:36.348+0530","caller":"terminal/terminal.go:187","msg":"\u001b[32m✔\u001b[0m [1]  \u001b[2msetup-runtime (7s)\u001b[22m\n"}
{"level":"info","time":"2025-05-13T13:49:40.193+0530","caller":"terminal/terminal.go:187","msg":"\u001b[32m✔\u001b[0m [1]  \u001b[2mdiscovery (4s)\u001b[22m\n"}
{"level":"debug","time":"2025-05-13T13:49:41.133+0530","caller":"jobmanager/sse_setup.go:199","msg":"Task id: HYPM-1530760-1747124379483374396JCJ"}
{"level":"debug","time":"2025-05-13T13:49:41.134+0530","caller":"jobmanager/sse_setup.go:200","msg":"Sending new task alert to stage manager for taskId: HYPM-1530760-1747124379483374396JCJ"}
{"level":"debug","time":"2025-05-13T13:49:41.134+0530","caller":"jobmanager/sse_setup.go:199","msg":"Task id: HYPM-1530760-1747124379533037375MSC"}
{"level":"debug","time":"2025-05-13T13:49:41.134+0530","caller":"jobmanager/sse_setup.go:200","msg":"Sending new task alert to stage manager for taskId: HYPM-1530760-1747124379533037375MSC"}
{"level":"debug","time":"2025-05-13T13:49:41.134+0530","caller":"jobmanager/sse_setup.go:199","msg":"Task id: HYPM-1530760-1747124379579429676RGG"}
{"level":"debug","time":"2025-05-13T13:49:41.134+0530","caller":"jobmanager/sse_setup.go:200","msg":"Sending new task alert to stage manager for taskId: HYPM-1530760-1747124379579429676RGG"}
{"level":"debug","time":"2025-05-13T13:49:41.134+0530","caller":"jobmanager/sse_setup.go:199","msg":"Task id: HYPM-1530760-1747124379627388662BOO"}
{"level":"debug","time":"2025-05-13T13:49:41.134+0530","caller":"jobmanager/sse_setup.go:200","msg":"Sending new task alert to stage manager for taskId: HYPM-1530760-1747124379627388662BOO"}
{"level":"debug","time":"2025-05-13T13:49:41.134+0530","caller":"jobmanager/sse_setup.go:199","msg":"Task id: HYPM-1530760-1747124379678818821SZP"}
{"level":"debug","time":"2025-05-13T13:49:41.134+0530","caller":"jobmanager/sse_setup.go:200","msg":"Sending new task alert to stage manager for taskId: HYPM-1530760-1747124379678818821SZP"}
{"level":"debug","time":"2025-05-13T13:49:41.134+0530","caller":"jobmanager/sse_setup.go:199","msg":"Task id: HYPM-1530760-1747124379717868233JXD"}
{"level":"debug","time":"2025-05-13T13:49:41.134+0530","caller":"jobmanager/sse_setup.go:200","msg":"Sending new task alert to stage manager for taskId: HYPM-1530760-1747124379717868233JXD"}
{"level":"debug","time":"2025-05-13T13:49:41.134+0530","caller":"jobmanager/sse_setup.go:199","msg":"Task id: HYPM-1530760-1747124379761043685BKX"}
{"level":"debug","time":"2025-05-13T13:49:41.134+0530","caller":"jobmanager/sse_setup.go:200","msg":"Sending new task alert to stage manager for taskId: HYPM-1530760-1747124379761043685BKX"}
{"level":"debug","time":"2025-05-13T13:49:41.134+0530","caller":"jobmanager/sse_setup.go:199","msg":"Task id: HYPM-1530760-1747124379815907447USF"}
{"level":"debug","time":"2025-05-13T13:49:41.134+0530","caller":"jobmanager/sse_setup.go:200","msg":"Sending new task alert to stage manager for taskId: HYPM-1530760-1747124379815907447USF"}
{"level":"debug","time":"2025-05-13T13:49:41.134+0530","caller":"jobmanager/sse_setup.go:199","msg":"Task id: HYPM-1530760-1747124379869948685ZWT"}
{"level":"debug","time":"2025-05-13T13:49:41.134+0530","caller":"jobmanager/sse_setup.go:200","msg":"Sending new task alert to stage manager for taskId: HYPM-1530760-1747124379869948685ZWT"}
{"level":"debug","time":"2025-05-13T13:49:41.134+0530","caller":"jobmanager/sse_setup.go:199","msg":"Task id: HYPM-1530760-1747124379917445562ATM"}
{"level":"debug","time":"2025-05-13T13:49:41.134+0530","caller":"jobmanager/sse_setup.go:200","msg":"Sending new task alert to stage manager for taskId: HYPM-1530760-1747124379917445562ATM"}
{"level":"info","time":"2025-05-13T13:49:49.498+0530","caller":"terminal/terminal.go:187","msg":"\u001b[32m✔\u001b[0m [6]  \u001b[2msetup-runtime (6s)\u001b[22m\n"}
{"level":"info","time":"2025-05-13T13:49:49.855+0530","caller":"terminal/terminal.go:187","msg":"\u001b[32m✔\u001b[0m [3]  \u001b[2msetup-runtime (7s)\u001b[22m\n"}
{"level":"info","time":"2025-05-13T13:49:50.082+0530","caller":"terminal/terminal.go:187","msg":"\u001b[32m✔\u001b[0m [8]  \u001b[2msetup-runtime (6s)\u001b[22m\n"}
{"level":"info","time":"2025-05-13T13:49:50.446+0530","caller":"terminal/terminal.go:187","msg":"\u001b[32m✔\u001b[0m [4]  \u001b[2msetup-runtime (7s)\u001b[22m\n"}
{"level":"info","time":"2025-05-13T13:49:52.307+0530","caller":"terminal/terminal.go:187","msg":"\u001b[32m✔\u001b[0m [7]  \u001b[2msetup-runtime (7s)\u001b[22m\n"}
{"level":"info","time":"2025-05-13T13:49:52.899+0530","caller":"terminal/terminal.go:187","msg":"\u001b[32m✔\u001b[0m [9]  \u001b[2msetup-runtime (8s)\u001b[22m\n"}
{"level":"info","time":"2025-05-13T13:49:53.105+0530","caller":"terminal/terminal.go:187","msg":"\u001b[32m✔\u001b[0m [2]  \u001b[2msetup-runtime (8s)\u001b[22m\n"}
{"level":"info","time":"2025-05-13T13:49:53.396+0530","caller":"terminal/terminal.go:187","msg":"\u001b[32m✔\u001b[0m [5]  \u001b[2msetup-runtime (8s)\u001b[22m\n"}
{"level":"info","time":"2025-05-13T13:49:53.551+0530","caller":"terminal/terminal.go:187","msg":"\u001b[32m✔\u001b[0m [10]  \u001b[2msetup-runtime (8s)\u001b[22m\n"}
{"level":"info","time":"2025-05-13T13:49:56.073+0530","caller":"terminal/terminal.go:187","msg":"\u001b[32m✔\u001b[0m [11]  \u001b[2msetup-runtime (11s)\u001b[22m\n"}
{"level":"info","time":"2025-05-13T13:50:10.170+0530","caller":"terminal/terminal.go:187","msg":"\u001b[32m✔\u001b[0m [6]  \u001b[2msrc/test/resources/apis/features/PutRequest.feature:10 (18s)\u001b[22m\n"}
{"level":"info","time":"2025-05-13T13:50:10.347+0530","caller":"terminal/terminal.go:187","msg":"\u001b[32m✔\u001b[0m [8]  \u001b[2msrc/test/resources/apis/features/PostRequest.feature:10 (17s)\u001b[22m\n"}
{"level":"info","time":"2025-05-13T13:50:11.383+0530","caller":"terminal/terminal.go:187","msg":"\u001b[32m✔\u001b[0m [3]  \u001b[2msrc/test/resources/apis/features/GetRequest.feature:30 (18s)\u001b[22m\n"}
{"level":"info","time":"2025-05-13T13:50:14.239+0530","caller":"terminal/terminal.go:187","msg":"\u001b[32m✔\u001b[0m [4]  \u001b[2msrc/test/resources/apis/features/GetRequest.feature:38 (21s)\u001b[22m\n"}
{"level":"info","time":"2025-05-13T13:50:16.518+0530","caller":"terminal/terminal.go:187","msg":"\u001b[32m✔\u001b[0m [7]  \u001b[2msrc/test/resources/apis/features/DeleteRequest.feature:10 (20s)\u001b[22m\n"}
{"level":"info","time":"2025-05-13T13:50:17.170+0530","caller":"terminal/terminal.go:187","msg":"\u001b[32m✔\u001b[0m [10]  \u001b[2msrc/test/resources/apis/features/PostRequest.feature:18 (19s)\u001b[22m\n"}
{"level":"info","time":"2025-05-13T13:50:17.241+0530","caller":"terminal/terminal.go:187","msg":"\u001b[32m✔\u001b[0m [5]  \u001b[2msrc/test/resources/apis/features/GetRequest.feature:23 (19s)\u001b[22m\n"}
{"level":"info","time":"2025-05-13T13:50:17.688+0530","caller":"terminal/terminal.go:187","msg":"\u001b[32m✔\u001b[0m [2]  \u001b[2msrc/test/resources/apis/features/PostRequest.feature:26 (21s)\u001b[22m\n"}
{"level":"info","time":"2025-05-13T13:50:18.647+0530","caller":"terminal/terminal.go:187","msg":"\u001b[32m✔\u001b[0m [9]  \u001b[2msrc/test/resources/apis/features/PostRequest.feature:34 (22s)\u001b[22m\n"}
{"level":"info","time":"2025-05-13T13:50:24.666+0530","caller":"terminal/terminal.go:187","msg":"\u001b[32m✔\u001b[0m [11]  \u001b[2msrc/test/resources/apis/features/GetRequest.feature:16 (25s)\u001b[22m\n"}
{"level":"debug","time":"2025-05-13T13:50:27.182+0530","caller":"jobmanager/sse_setup.go:141","msg":"\n\nJob status"}
{"level":"debug","time":"2025-05-13T13:50:27.182+0530","caller":"core/lifecycle.go:874","msg":"Context canceled"}
{"level":"info","time":"2025-05-13T13:50:27.182+0530","caller":"core/lifecycle.go:877","msg":"\u001b[2mStopping pipeline gracefully\u001b[22m"}
{"level":"info","time":"2025-05-13T13:50:27.182+0530","caller":"jobmanager/manager.go:143","msg":"Job Link: \u001b[4m\u001b[34mhttps://hyperexecute.lambdatest.com/hyperexecute/task?jobId=29660e0a-d2fe-4fb5-8795-c1ce25a8528d\u001b[0m\u001b[24m\n"}
{"level":"debug","time":"2025-05-13T13:50:27.183+0530","caller":"core/lifecycle.go:59","msg":"Quit requested from main goroutine...."}
{"level":"debug","time":"2025-05-13T13:50:27.183+0530","caller":"core/lifecycle.go:60","msg":"Waiting for the goroutines to exit"}
{"level":"info","time":"2025-05-13T13:50:27.945+0530","caller":"jobmanager/JobSummaryManager.go:54","msg":"\n\u001b[102m\u001b[1m\u001b[30m COMPLETED \u001b[0m\u001b[22m\u001b[0m\n"}
{"level":"info","time":"2025-05-13T13:50:27.946+0530","caller":"jobmanager/JobSummaryManager.go:113","msg":"    \u001b[1mTest Execution Time\u001b[22m:                  \u001b[92m32s\u001b[0m"}
{"level":"info","time":"2025-05-13T13:50:27.947+0530","caller":"jobmanager/JobSummaryManager.go:113","msg":"    \u001b[1mJob Duration Time\u001b[22m:                    57s"}
{"level":"info","time":"2025-05-13T13:50:27.947+0530","caller":"jobmanager/JobSummaryManager.go:113","msg":"    \u001b[1mTotal Tasks\u001b[22m:                          11"}
{"level":"info","time":"2025-05-13T13:50:27.947+0530","caller":"jobmanager/JobSummaryManager.go:113","msg":"    \u001b[1mCumulative Time Consumed\u001b[22m:             5m36s"}
{"level":"info","time":"2025-05-13T13:50:27.947+0530","caller":"jobmanager/JobSummaryManager.go:113","msg":"    \u001b[1mTotal Stages\u001b[22m:                         11"}
{"level":"info","time":"2025-05-13T13:50:27.947+0530","caller":"jobmanager/JobSummaryManager.go:113","msg":"    \u001b[1mPass discovery stage percentage\u001b[22m:      100.00%"}
{"level":"info","time":"2025-05-13T13:50:27.947+0530","caller":"jobmanager/JobSummaryManager.go:113","msg":"    \u001b[1mFailed discovery stage percentage\u001b[22m:    0.00%"}
{"level":"info","time":"2025-05-13T13:50:27.947+0530","caller":"jobmanager/JobSummaryManager.go:113","msg":"    \u001b[1mPass pre stage percentage\u001b[22m:            0.00%"}
{"level":"info","time":"2025-05-13T13:50:27.947+0530","caller":"jobmanager/JobSummaryManager.go:113","msg":"    \u001b[1mFailed pre stage percentage\u001b[22m:          0.00%"}
{"level":"info","time":"2025-05-13T13:50:27.947+0530","caller":"jobmanager/JobSummaryManager.go:113","msg":"    \u001b[1mPass test stage percentage\u001b[22m:           \u001b[92m100.00%\u001b[0m"}
{"level":"info","time":"2025-05-13T13:50:27.947+0530","caller":"jobmanager/JobSummaryManager.go:113","msg":"    \u001b[1mFailed test stage percentage\u001b[22m:         0.00%"}
{"level":"info","time":"2025-05-13T13:50:27.947+0530","caller":"jobmanager/JobSummaryManager.go:113","msg":"    \u001b[1mPass post stage percentage\u001b[22m:           0.00%"}
{"level":"info","time":"2025-05-13T13:50:27.947+0530","caller":"jobmanager/JobSummaryManager.go:113","msg":"    \u001b[1mFailed post stage percentage\u001b[22m:         0.00%"}
{"level":"info","time":"2025-05-13T13:50:27.947+0530","caller":"jobmanager/JobSummaryManager.go:113","msg":"    \u001b[1mFailed Tasks\u001b[22m:                         0"}
{"level":"info","time":"2025-05-13T13:50:27.947+0530","caller":"jobmanager/JobSummaryManager.go:58","msg":""}
{"level":"debug","time":"2025-05-13T13:50:57.183+0530","caller":"cmd/bin.go:346","msg":"main: all goroutines have finished."}
{"level":"debug","time":"2025-05-13T13:54:12.504+0530","caller":"cmd/bin.go:137","msg":"cli os: darwin, cli arch: arm64"}
{"level":"debug","time":"2025-05-13T13:54:13.277+0530","caller":"cmd/bin.go:146","msg":"Upstream version details: {Name:cli Min:0.2.195 Max:0.2.272} "}
{"level":"debug","time":"2025-05-13T13:54:16.344+0530","caller":"core/lifecycle.go:108","msg":"Setting environment"}
{"level":"debug","time":"2025-05-13T13:54:16.345+0530","caller":"core/lifecycle.go:111","msg":"Parsing config"}
{"level":"debug","time":"2025-05-13T13:54:16.345+0530","caller":"yamlconfigmanager/setup.go:717","msg":"Custom location for .hyperexecute.yaml specified. Using: hyperexecute.yaml"}
{"level":"debug","time":"2025-05-13T13:54:16.346+0530","caller":"yamlconfigmanager/setup.go:117","msg":"using hyperexecute config from : hyperexecute.yaml"}
{"level":"debug","time":"2025-05-13T13:54:17.237+0530","caller":"yamlconfigmanager/setup.go:2108","msg":"Autodetecting test type in files of path : /Users/dhakshath/Documents/KarateAPI"}
{"level":"debug","time":"2025-05-13T13:54:17.240+0530","caller":"yamlconfigmanager/setup.go:541","msg":"Tunnel: %!t(<nil>)"}
{"level":"info","time":"2025-05-13T13:54:17.240+0530","caller":"models/HypertestYamlConfig.go:874","msg":"\n\u001b[4m\u001b[1m\u001b[97mExecution Plan\u001b[0m\u001b[22m\u001b[24m"}
{"level":"info","time":"2025-05-13T13:54:17.240+0530","caller":"models/HypertestYamlConfig.go:675","msg":"Mode:    \u001b[36mautosplit\u001b[0m"}
{"level":"info","time":"2025-05-13T13:54:17.240+0530","caller":"models/HypertestYamlConfig.go:735","msg":"Runson:    \u001b[36mmac\u001b[0m"}
{"level":"info","time":"2025-05-13T13:54:17.241+0530","caller":"models/HypertestYamlConfig.go:743","msg":"Concurrency:    \u001b[36m10\u001b[0m"}
{"level":"info","time":"2025-05-13T13:54:17.241+0530","caller":"models/HypertestYamlConfig.go:807","msg":"Report:    \u001b[36menabled\u001b[0m"}
{"level":"info","time":"2025-05-13T13:54:17.241+0530","caller":"models/HypertestYamlConfig.go:887","msg":""}
{"level":"debug","time":"2025-05-13T13:54:17.241+0530","caller":"filevalidator/setup.go:49","msg":"Warning: Checking data.json file in current directory, no dataJsonPath found in .hyperexecute.yaml"}
{"level":"debug","time":"2025-05-13T13:54:17.241+0530","caller":"filevalidator/setup.go:53","msg":"Warning: data.json file doesn't exist"}
{"level":"debug","time":"2025-05-13T13:54:19.079+0530","caller":"core/lifecycle.go:516","msg":"Job ID: 5f47833b-8bb9-440d-9435-0dfc2ca5afb0"}
{"level":"debug","time":"2025-05-13T13:54:19.079+0530","caller":"events/manager.go:95","msg":"Starting event manager"}
{"level":"debug","time":"2025-05-13T13:54:19.080+0530","caller":"events/manager.go:97","msg":"SSE enabled, getting SSE connection"}
{"level":"debug","time":"2025-05-13T13:54:19.692+0530","caller":"storage/azure.go:59","msg":"Payload size: 65.24 kB, source path /var/folders/d5/vhtnmxhj2cdbdlvq4jlw4dz00000gp/T/git.diff"}
{"level":"debug","time":"2025-05-13T13:54:20.190+0530","caller":"archivemanager/setup.go:340","msg":"digestMap: map[.gitignore:{6789880119083260772 539 .gitignore false} .hyperexecute.yaml:{803157865312125659 3533 .hyperexecute.yaml false} .idea:{0 0 .idea true} .idea/.gitignore:{16279786366844463540 122 .idea/.gitignore false} .idea/gradle.xml:{4659657774069657883 558 .idea/gradle.xml false} .idea/misc.xml:{16225606672018911431 354 .idea/misc.xml false} .idea/vcs.xml:{110729305571302532 242 .idea/vcs.xml false} .idea/workspace.xml:{4422743183823632250 10873 .idea/workspace.xml false} build.gradle:{6402680117770863533 524 build.gradle false} cucumber_context.json:{10190887627203814083 8228 cucumber_context.json false} gradle:{0 0 gradle true} gradle/wrapper:{0 0 gradle/wrapper true} gradle/wrapper/gradle-wrapper.jar:{8142569059071412300 60756 gradle/wrapper/gradle-wrapper.jar false} gradle/wrapper/gradle-wrapper.properties:{5454816729783508739 231 gradle/wrapper/gradle-wrapper.properties false} gradlew:{7922637049471180284 8070 gradlew false} gradlew.bat:{16664544825820606439 2763 gradlew.bat false} hyperexecute.yaml:{630467824398886518 648 hyperexecute.yaml false} settings.gradle:{14290926963802788158 30 settings.gradle false} snooper.log:{10362262988316453443 14464 snooper.log false} src:{0 0 src true} src/test:{0 0 src/test true} src/test/java:{0 0 src/test/java true} src/test/java/APIRunner.java:{7850812801501036521 1032 src/test/java/APIRunner.java false} src/test/java/ParallelRunner.java:{15835990256694852921 643 src/test/java/ParallelRunner.java false} src/test/java/TagRunner.java:{16225404343123923587 824 src/test/java/TagRunner.java false} src/test/java/TestRunner.java:{9767021977487237997 793 src/test/java/TestRunner.java false} src/test/resources:{0 0 src/test/resources true} src/test/resources/Karate-config.js:{16327507150798637260 338 src/test/resources/Karate-config.js false} src/test/resources/apis:{0 0 src/test/resources/apis true} src/test/resources/apis/features:{0 0 src/test/resources/apis/features true} src/test/resources/apis/features/DeleteRequest.feature:{7215814100712510453 302 src/test/resources/apis/features/DeleteRequest.feature false} src/test/resources/apis/features/GetRequest.feature:{15584434973548180755 977 src/test/resources/apis/features/GetRequest.feature false} src/test/resources/apis/features/PostRequest.feature:{14869628535307320508 964 src/test/resources/apis/features/PostRequest.feature false} src/test/resources/apis/features/PutRequest.feature:{12666796336522385911 357 src/test/resources/apis/features/PutRequest.feature false} src/test/resources/logback-test.xml:{6758398796316335698 711 src/test/resources/logback-test.xml false} target:{0 0 target true} target/karate.log:{16462827523834632322 448044 target/karate.log false}]"}
{"level":"debug","time":"2025-05-13T13:54:20.190+0530","caller":"archivemanager/setup.go:346","msg":"Creating archive of target directory: /Users/dhakshath/Documents/KarateAPI"}
{"level":"debug","time":"2025-05-13T13:54:20.204+0530","caller":"core/lifecycle.go:659","msg":"Zip file size: 2.43 kB"}
{"level":"debug","time":"2025-05-13T13:54:20.204+0530","caller":"core/lifecycle.go:669","msg":"Archive location: /Users/dhakshath/Documents/KarateAPI/hyperexecute-code-5f47833b-8bb9-440d-9435-0dfc2ca5afb0.zip\n"}
{"level":"debug","time":"2025-05-13T13:54:20.204+0530","caller":"storage/azure.go:59","msg":"Payload size: 2.43 kB, source path /Users/dhakshath/Documents/KarateAPI/hyperexecute-code-5f47833b-8bb9-440d-9435-0dfc2ca5afb0.zip"}
{"level":"debug","time":"2025-05-13T13:54:20.520+0530","caller":"events/manager.go:277","msg":"connection to hyperexecute server established successfully."}
{"level":"info","time":"2025-05-13T13:54:29.782+0530","caller":"storage/azure.go:114","msg":"File upload completed in 10.090297791s"}
{"level":"info","time":"2025-05-13T13:54:37.819+0530","caller":"storage/azure.go:114","msg":"File upload completed in 17.615358s"}
{"level":"debug","time":"2025-05-13T13:54:37.820+0530","caller":"receptionmanager/setup.go:277","msg":"only one runtime entry detected, mapping it to older yaml format"}
{"level":"debug","time":"2025-05-13T13:54:37.820+0530","caller":"receptionmanager/setup.go:306","msg":"only one partialreports entry detected, mapping it to older yaml format"}
{"level":"debug","time":"2025-05-13T13:54:37.821+0530","caller":"receptionmanager/setup.go:184","msg":"Uploading yaml : /Users/dhakshath/Documents/KarateAPI/.updatedhyperexecute.yaml"}
{"level":"debug","time":"2025-05-13T13:54:37.821+0530","caller":"storage/azure.go:59","msg":"Payload size: 3.60 kB, source path /Users/dhakshath/Documents/KarateAPI/.updatedhyperexecute.yaml"}
{"level":"info","time":"2025-05-13T13:54:47.881+0530","caller":"storage/azure.go:114","msg":"File upload completed in 10.060816625s"}
{"level":"debug","time":"2025-05-13T13:54:47.882+0530","caller":"core/lifecycle.go:696","msg":"Successfully deleted code archive: /Users/dhakshath/Documents/KarateAPI/hyperexecute-code-5f47833b-8bb9-440d-9435-0dfc2ca5afb0.zip\n"}
{"level":"debug","time":"2025-05-13T13:54:47.882+0530","caller":"storage/azure.go:59","msg":"Payload size: 657 B, source path mask-5f47833b-8bb9-440d-9435-0dfc2ca5afb0.yaml"}
{"level":"info","time":"2025-05-13T13:54:57.962+0530","caller":"storage/azure.go:114","msg":"File upload completed in 10.079642459s"}
{"level":"debug","time":"2025-05-13T13:55:00.108+0530","caller":"jobmanager/sse_setup.go:199","msg":"Task id: HYPM-1530760-1747124698948146904KCF"}
{"level":"debug","time":"2025-05-13T13:55:00.109+0530","caller":"jobmanager/sse_setup.go:200","msg":"Sending new task alert to stage manager for taskId: HYPM-1530760-1747124698948146904KCF"}
{"level":"info","time":"2025-05-13T13:55:02.569+0530","caller":"jobmanager/sse_setup.go:85","msg":"\nJob \u001b[1m\u001b[4m5f47833b-8bb9-440d-9435-0dfc2ca5afb0\u001b[24m\u001b[22m has started \u001b[97mRUNNING\u001b[0m"}
{"level":"info","time":"2025-05-13T13:55:02.569+0530","caller":"jobmanager/manager.go:143","msg":"Job Link: \u001b[4m\u001b[34mhttps://hyperexecute.lambdatest.com/hyperexecute/task?jobId=5f47833b-8bb9-440d-9435-0dfc2ca5afb0\u001b[0m\u001b[24m\n"}
{"level":"info","time":"2025-05-13T13:55:08.080+0530","caller":"terminal/terminal.go:187","msg":"\u001b[32m✔\u001b[0m [1]  \u001b[2msetup-runtime (7s)\u001b[22m\n"}
{"level":"info","time":"2025-05-13T13:55:11.266+0530","caller":"terminal/terminal.go:187","msg":"\u001b[32m✔\u001b[0m [1]  \u001b[2mdiscovery (3s)\u001b[22m\n"}
{"level":"debug","time":"2025-05-13T13:55:12.169+0530","caller":"jobmanager/sse_setup.go:199","msg":"Task id: HYPM-1530760-1747124710487518092BPJ"}
{"level":"debug","time":"2025-05-13T13:55:12.169+0530","caller":"jobmanager/sse_setup.go:200","msg":"Sending new task alert to stage manager for taskId: HYPM-1530760-1747124710487518092BPJ"}
{"level":"debug","time":"2025-05-13T13:55:12.169+0530","caller":"jobmanager/sse_setup.go:199","msg":"Task id: HYPM-1530760-1747124710539521795HQJ"}
{"level":"debug","time":"2025-05-13T13:55:12.169+0530","caller":"jobmanager/sse_setup.go:200","msg":"Sending new task alert to stage manager for taskId: HYPM-1530760-1747124710539521795HQJ"}
{"level":"debug","time":"2025-05-13T13:55:12.169+0530","caller":"jobmanager/sse_setup.go:199","msg":"Task id: HYPM-1530760-1747124710593413986BQR"}
{"level":"debug","time":"2025-05-13T13:55:12.169+0530","caller":"jobmanager/sse_setup.go:200","msg":"Sending new task alert to stage manager for taskId: HYPM-1530760-1747124710593413986BQR"}
{"level":"debug","time":"2025-05-13T13:55:12.169+0530","caller":"jobmanager/sse_setup.go:199","msg":"Task id: HYPM-1530760-1747124710639185920EJO"}
{"level":"debug","time":"2025-05-13T13:55:12.169+0530","caller":"jobmanager/sse_setup.go:200","msg":"Sending new task alert to stage manager for taskId: HYPM-1530760-1747124710639185920EJO"}
{"level":"debug","time":"2025-05-13T13:55:12.169+0530","caller":"jobmanager/sse_setup.go:199","msg":"Task id: HYPM-1530760-1747124710684274718BLB"}
{"level":"debug","time":"2025-05-13T13:55:12.169+0530","caller":"jobmanager/sse_setup.go:200","msg":"Sending new task alert to stage manager for taskId: HYPM-1530760-1747124710684274718BLB"}
{"level":"debug","time":"2025-05-13T13:55:12.169+0530","caller":"jobmanager/sse_setup.go:199","msg":"Task id: HYPM-1530760-1747124710729209779SOY"}
{"level":"debug","time":"2025-05-13T13:55:12.169+0530","caller":"jobmanager/sse_setup.go:200","msg":"Sending new task alert to stage manager for taskId: HYPM-1530760-1747124710729209779SOY"}
{"level":"debug","time":"2025-05-13T13:55:12.169+0530","caller":"jobmanager/sse_setup.go:199","msg":"Task id: HYPM-1530760-1747124710785663943ZQW"}
{"level":"debug","time":"2025-05-13T13:55:12.169+0530","caller":"jobmanager/sse_setup.go:200","msg":"Sending new task alert to stage manager for taskId: HYPM-1530760-1747124710785663943ZQW"}
{"level":"debug","time":"2025-05-13T13:55:12.169+0530","caller":"jobmanager/sse_setup.go:199","msg":"Task id: HYPM-1530760-1747124710826001479STN"}
{"level":"debug","time":"2025-05-13T13:55:12.169+0530","caller":"jobmanager/sse_setup.go:200","msg":"Sending new task alert to stage manager for taskId: HYPM-1530760-1747124710826001479STN"}
{"level":"debug","time":"2025-05-13T13:55:12.169+0530","caller":"jobmanager/sse_setup.go:199","msg":"Task id: HYPM-1530760-1747124710863238139EHY"}
{"level":"debug","time":"2025-05-13T13:55:12.169+0530","caller":"jobmanager/sse_setup.go:200","msg":"Sending new task alert to stage manager for taskId: HYPM-1530760-1747124710863238139EHY"}
{"level":"debug","time":"2025-05-13T13:55:12.169+0530","caller":"jobmanager/sse_setup.go:199","msg":"Task id: HYPM-1530760-1747124710917553984IHQ"}
{"level":"debug","time":"2025-05-13T13:55:12.169+0530","caller":"jobmanager/sse_setup.go:200","msg":"Sending new task alert to stage manager for taskId: HYPM-1530760-1747124710917553984IHQ"}
{"level":"info","time":"2025-05-13T13:55:22.433+0530","caller":"terminal/terminal.go:187","msg":"\u001b[32m✔\u001b[0m [7]  \u001b[2msetup-runtime (7s)\u001b[22m\n"}
{"level":"info","time":"2025-05-13T13:55:22.838+0530","caller":"terminal/terminal.go:187","msg":"\u001b[32m✔\u001b[0m [11]  \u001b[2msetup-runtime (8s)\u001b[22m\n"}
{"level":"info","time":"2025-05-13T13:55:23.351+0530","caller":"terminal/terminal.go:187","msg":"\u001b[32m✔\u001b[0m [4]  \u001b[2msetup-runtime (7s)\u001b[22m\n"}
{"level":"info","time":"2025-05-13T13:55:23.968+0530","caller":"terminal/terminal.go:187","msg":"\u001b[32m✔\u001b[0m [3]  \u001b[2msetup-runtime (8s)\u001b[22m\n"}
{"level":"info","time":"2025-05-13T13:55:24.271+0530","caller":"terminal/terminal.go:187","msg":"\u001b[32m✔\u001b[0m [8]  \u001b[2msetup-runtime (7s)\u001b[22m\n"}
{"level":"info","time":"2025-05-13T13:55:25.471+0530","caller":"terminal/terminal.go:187","msg":"\u001b[32m✔\u001b[0m [6]  \u001b[2msetup-runtime (8s)\u001b[22m\n"}
{"level":"info","time":"2025-05-13T13:55:25.784+0530","caller":"terminal/terminal.go:187","msg":"\u001b[32m✔\u001b[0m [10]  \u001b[2msetup-runtime (9s)\u001b[22m\n"}
{"level":"info","time":"2025-05-13T13:55:26.155+0530","caller":"terminal/terminal.go:187","msg":"\u001b[32m✔\u001b[0m [9]  \u001b[2msetup-runtime (9s)\u001b[22m\n"}
{"level":"info","time":"2025-05-13T13:55:26.303+0530","caller":"terminal/terminal.go:187","msg":"\u001b[32m✔\u001b[0m [5]  \u001b[2msetup-runtime (10s)\u001b[22m\n"}
{"level":"info","time":"2025-05-13T13:55:29.978+0530","caller":"terminal/terminal.go:187","msg":"\u001b[32m✔\u001b[0m [2]  \u001b[2msetup-runtime (13s)\u001b[22m\n"}
{"level":"info","time":"2025-05-13T13:55:45.387+0530","caller":"terminal/terminal.go:187","msg":"\u001b[32m✔\u001b[0m [11]  \u001b[2msrc/test/resources/apis/features/PostRequest.feature:10 (19s)\u001b[22m\n"}
{"level":"info","time":"2025-05-13T13:55:45.607+0530","caller":"terminal/terminal.go:187","msg":"\u001b[32m✔\u001b[0m [7]  \u001b[2msrc/test/resources/apis/features/PostRequest.feature:26 (20s)\u001b[22m\n"}
{"level":"info","time":"2025-05-13T13:55:45.786+0530","caller":"terminal/terminal.go:187","msg":"\u001b[32m✔\u001b[0m [11]  \u001b[2mpost (1s)\u001b[22m\n"}
{"level":"info","time":"2025-05-13T13:55:46.130+0530","caller":"terminal/terminal.go:187","msg":"\u001b[32m✔\u001b[0m [7]  \u001b[2mpost (1s)\u001b[22m\n"}
{"level":"info","time":"2025-05-13T13:55:50.089+0530","caller":"terminal/terminal.go:187","msg":"\u001b[32m✔\u001b[0m [4]  \u001b[2msrc/test/resources/apis/features/GetRequest.feature:16 (22s)\u001b[22m\n"}
{"level":"info","time":"2025-05-13T13:55:50.635+0530","caller":"terminal/terminal.go:187","msg":"\u001b[32m✔\u001b[0m [8]  \u001b[2msrc/test/resources/apis/features/PostRequest.feature:34 (22s)\u001b[22m\n"}
{"level":"info","time":"2025-05-13T13:55:51.028+0530","caller":"terminal/terminal.go:187","msg":"\u001b[32m✔\u001b[0m [4]  \u001b[2mpost (1s)\u001b[22m\n"}
{"level":"info","time":"2025-05-13T13:55:51.614+0530","caller":"terminal/terminal.go:187","msg":"\u001b[32m✔\u001b[0m [8]  \u001b[2mpost (0s)\u001b[22m\n"}
{"level":"info","time":"2025-05-13T13:55:51.614+0530","caller":"terminal/terminal.go:187","msg":"\u001b[32m✔\u001b[0m [5]  \u001b[2msrc/test/resources/apis/features/PostRequest.feature:18 (21s)\u001b[22m\n"}
{"level":"info","time":"2025-05-13T13:55:52.082+0530","caller":"terminal/terminal.go:187","msg":"\u001b[32m✔\u001b[0m [6]  \u001b[2msrc/test/resources/apis/features/GetRequest.feature:30 (22s)\u001b[22m\n"}
{"level":"info","time":"2025-05-13T13:55:52.723+0530","caller":"terminal/terminal.go:187","msg":"\u001b[32m✔\u001b[0m [5]  \u001b[2mpost (0s)\u001b[22m\n"}
{"level":"info","time":"2025-05-13T13:55:52.819+0530","caller":"terminal/terminal.go:187","msg":"\u001b[32m✔\u001b[0m [3]  \u001b[2msrc/test/resources/apis/features/GetRequest.feature:38 (25s)\u001b[22m\n"}
{"level":"info","time":"2025-05-13T13:55:52.903+0530","caller":"terminal/terminal.go:187","msg":"\u001b[32m✔\u001b[0m [10]  \u001b[2msrc/test/resources/apis/features/GetRequest.feature:23 (23s)\u001b[22m\n"}
{"level":"info","time":"2025-05-13T13:55:53.218+0530","caller":"terminal/terminal.go:187","msg":"\u001b[32m✔\u001b[0m [6]  \u001b[2mpost (1s)\u001b[22m\n"}
{"level":"info","time":"2025-05-13T13:55:53.611+0530","caller":"terminal/terminal.go:187","msg":"\u001b[32m✔\u001b[0m [3]  \u001b[2mpost (0s)\u001b[22m\n"}
{"level":"info","time":"2025-05-13T13:55:53.738+0530","caller":"terminal/terminal.go:187","msg":"\u001b[32m✔\u001b[0m [10]  \u001b[2mpost (1s)\u001b[22m\n"}
{"level":"info","time":"2025-05-13T13:55:55.948+0530","caller":"terminal/terminal.go:187","msg":"\u001b[32m✔\u001b[0m [9]  \u001b[2msrc/test/resources/apis/features/PutRequest.feature:10 (23s)\u001b[22m\n"}
{"level":"info","time":"2025-05-13T13:55:56.938+0530","caller":"terminal/terminal.go:187","msg":"\u001b[32m✔\u001b[0m [9]  \u001b[2mpost (1s)\u001b[22m\n"}
{"level":"info","time":"2025-05-13T13:56:01.443+0530","caller":"terminal/terminal.go:187","msg":"\u001b[32m✔\u001b[0m [2]  \u001b[2msrc/test/resources/apis/features/DeleteRequest.feature:10 (24s)\u001b[22m\n"}
{"level":"info","time":"2025-05-13T13:56:02.364+0530","caller":"terminal/terminal.go:187","msg":"\u001b[32m✔\u001b[0m [2]  \u001b[2mpost (1s)\u001b[22m\n"}
{"level":"debug","time":"2025-05-13T13:56:04.338+0530","caller":"jobmanager/sse_setup.go:141","msg":"\n\nJob status"}
{"level":"debug","time":"2025-05-13T13:56:04.339+0530","caller":"core/lifecycle.go:874","msg":"Context canceled"}
{"level":"info","time":"2025-05-13T13:56:04.339+0530","caller":"core/lifecycle.go:877","msg":"\u001b[2mStopping pipeline gracefully\u001b[22m"}
{"level":"info","time":"2025-05-13T13:56:04.339+0530","caller":"jobmanager/manager.go:143","msg":"Job Link: \u001b[4m\u001b[34mhttps://hyperexecute.lambdatest.com/hyperexecute/task?jobId=5f47833b-8bb9-440d-9435-0dfc2ca5afb0\u001b[0m\u001b[24m\n"}
{"level":"debug","time":"2025-05-13T13:56:04.339+0530","caller":"core/lifecycle.go:59","msg":"Quit requested from main goroutine...."}
{"level":"debug","time":"2025-05-13T13:56:04.339+0530","caller":"core/lifecycle.go:60","msg":"Waiting for the goroutines to exit"}
{"level":"info","time":"2025-05-13T13:56:05.115+0530","caller":"jobmanager/JobSummaryManager.go:54","msg":"\n\u001b[102m\u001b[1m\u001b[30m COMPLETED \u001b[0m\u001b[22m\u001b[0m\n"}
{"level":"info","time":"2025-05-13T13:56:05.116+0530","caller":"jobmanager/JobSummaryManager.go:113","msg":"    \u001b[1mTest Execution Time\u001b[22m:                  \u001b[92m35s\u001b[0m"}
{"level":"info","time":"2025-05-13T13:56:05.117+0530","caller":"jobmanager/JobSummaryManager.go:113","msg":"    \u001b[1mJob Duration Time\u001b[22m:                    1m1s"}
{"level":"info","time":"2025-05-13T13:56:05.117+0530","caller":"jobmanager/JobSummaryManager.go:113","msg":"    \u001b[1mTotal Tasks\u001b[22m:                          11"}
{"level":"info","time":"2025-05-13T13:56:05.117+0530","caller":"jobmanager/JobSummaryManager.go:113","msg":"    \u001b[1mCumulative Time Consumed\u001b[22m:             6m21s"}
{"level":"info","time":"2025-05-13T13:56:05.117+0530","caller":"jobmanager/JobSummaryManager.go:113","msg":"    \u001b[1mTotal Stages\u001b[22m:                         21"}
{"level":"info","time":"2025-05-13T13:56:05.117+0530","caller":"jobmanager/JobSummaryManager.go:113","msg":"    \u001b[1mPass discovery stage percentage\u001b[22m:      100.00%"}
{"level":"info","time":"2025-05-13T13:56:05.117+0530","caller":"jobmanager/JobSummaryManager.go:113","msg":"    \u001b[1mFailed discovery stage percentage\u001b[22m:    0.00%"}
{"level":"info","time":"2025-05-13T13:56:05.117+0530","caller":"jobmanager/JobSummaryManager.go:113","msg":"    \u001b[1mPass pre stage percentage\u001b[22m:            0.00%"}
{"level":"info","time":"2025-05-13T13:56:05.117+0530","caller":"jobmanager/JobSummaryManager.go:113","msg":"    \u001b[1mFailed pre stage percentage\u001b[22m:          0.00%"}
{"level":"info","time":"2025-05-13T13:56:05.117+0530","caller":"jobmanager/JobSummaryManager.go:113","msg":"    \u001b[1mPass test stage percentage\u001b[22m:           \u001b[92m100.00%\u001b[0m"}
{"level":"info","time":"2025-05-13T13:56:05.117+0530","caller":"jobmanager/JobSummaryManager.go:113","msg":"    \u001b[1mFailed test stage percentage\u001b[22m:         0.00%"}
{"level":"info","time":"2025-05-13T13:56:05.117+0530","caller":"jobmanager/JobSummaryManager.go:113","msg":"    \u001b[1mPass post stage percentage\u001b[22m:           \u001b[92m100.00%\u001b[0m"}
{"level":"info","time":"2025-05-13T13:56:05.117+0530","caller":"jobmanager/JobSummaryManager.go:113","msg":"    \u001b[1mFailed post stage percentage\u001b[22m:         0.00%"}
{"level":"info","time":"2025-05-13T13:56:05.117+0530","caller":"jobmanager/JobSummaryManager.go:113","msg":"    \u001b[1mFailed Tasks\u001b[22m:                         0"}
{"level":"info","time":"2025-05-13T13:56:05.117+0530","caller":"jobmanager/JobSummaryManager.go:58","msg":""}
{"level":"debug","time":"2025-05-13T13:56:34.339+0530","caller":"cmd/bin.go:346","msg":"main: all goroutines have finished."}
{"level":"debug","time":"2025-05-13T13:59:31.677+0530","caller":"cmd/bin.go:137","msg":"cli os: darwin, cli arch: arm64"}
{"level":"debug","time":"2025-05-13T13:59:32.550+0530","caller":"cmd/bin.go:146","msg":"Upstream version details: {Name:cli Min:0.2.195 Max:0.2.272} "}
{"level":"debug","time":"2025-05-13T13:59:35.673+0530","caller":"core/lifecycle.go:108","msg":"Setting environment"}
{"level":"debug","time":"2025-05-13T13:59:35.674+0530","caller":"core/lifecycle.go:111","msg":"Parsing config"}
{"level":"debug","time":"2025-05-13T13:59:35.674+0530","caller":"yamlconfigmanager/setup.go:717","msg":"Custom location for .hyperexecute.yaml specified. Using: hyperexecute.yaml"}
{"level":"debug","time":"2025-05-13T13:59:35.674+0530","caller":"yamlconfigmanager/setup.go:117","msg":"using hyperexecute config from : hyperexecute.yaml"}
{"level":"debug","time":"2025-05-13T13:59:36.559+0530","caller":"yamlconfigmanager/setup.go:2108","msg":"Autodetecting test type in files of path : /Users/dhakshath/Documents/KarateAPI"}
{"level":"debug","time":"2025-05-13T13:59:36.560+0530","caller":"yamlconfigmanager/setup.go:541","msg":"Tunnel: %!t(<nil>)"}
{"level":"info","time":"2025-05-13T13:59:36.560+0530","caller":"models/HypertestYamlConfig.go:874","msg":"\n\u001b[4m\u001b[1m\u001b[97mExecution Plan\u001b[0m\u001b[22m\u001b[24m"}
{"level":"info","time":"2025-05-13T13:59:36.561+0530","caller":"models/HypertestYamlConfig.go:675","msg":"Mode:    \u001b[36mautosplit\u001b[0m"}
{"level":"info","time":"2025-05-13T13:59:36.561+0530","caller":"models/HypertestYamlConfig.go:735","msg":"Runson:    \u001b[36mmac\u001b[0m"}
{"level":"info","time":"2025-05-13T13:59:36.561+0530","caller":"models/HypertestYamlConfig.go:743","msg":"Concurrency:    \u001b[36m10\u001b[0m"}
{"level":"info","time":"2025-05-13T13:59:36.561+0530","caller":"models/HypertestYamlConfig.go:807","msg":"Report:    \u001b[36menabled\u001b[0m"}
{"level":"info","time":"2025-05-13T13:59:36.561+0530","caller":"models/HypertestYamlConfig.go:887","msg":""}
{"level":"debug","time":"2025-05-13T13:59:36.561+0530","caller":"filevalidator/setup.go:49","msg":"Warning: Checking data.json file in current directory, no dataJsonPath found in .hyperexecute.yaml"}
{"level":"debug","time":"2025-05-13T13:59:36.562+0530","caller":"filevalidator/setup.go:53","msg":"Warning: data.json file doesn't exist"}
{"level":"debug","time":"2025-05-13T13:59:38.405+0530","caller":"core/lifecycle.go:516","msg":"Job ID: 3ae8a4ff-c52b-4a14-a2e4-6d009c6e0d7a"}
{"level":"debug","time":"2025-05-13T13:59:38.406+0530","caller":"events/manager.go:95","msg":"Starting event manager"}
{"level":"debug","time":"2025-05-13T13:59:38.407+0530","caller":"events/manager.go:97","msg":"SSE enabled, getting SSE connection"}
{"level":"debug","time":"2025-05-13T13:59:38.994+0530","caller":"storage/azure.go:59","msg":"Payload size: 93.62 kB, source path /var/folders/d5/vhtnmxhj2cdbdlvq4jlw4dz00000gp/T/git.diff"}
{"level":"debug","time":"2025-05-13T13:59:39.533+0530","caller":"archivemanager/setup.go:340","msg":"digestMap: map[.gitignore:{6789880119083260772 539 .gitignore false} .idea:{0 0 .idea true} .idea/.gitignore:{16279786366844463540 122 .idea/.gitignore false} .idea/gradle.xml:{4659657774069657883 558 .idea/gradle.xml false} .idea/misc.xml:{16225606672018911431 354 .idea/misc.xml false} .idea/vcs.xml:{110729305571302532 242 .idea/vcs.xml false} .idea/workspace.xml:{4422743183823632250 10873 .idea/workspace.xml false} build.gradle:{6402680117770863533 524 build.gradle false} cucumber_context.json:{10190887627203814083 8228 cucumber_context.json false} gradle:{0 0 gradle true} gradle/wrapper:{0 0 gradle/wrapper true} gradle/wrapper/gradle-wrapper.jar:{8142569059071412300 60756 gradle/wrapper/gradle-wrapper.jar false} gradle/wrapper/gradle-wrapper.properties:{5454816729783508739 231 gradle/wrapper/gradle-wrapper.properties false} gradlew:{7922637049471180284 8070 gradlew false} gradlew.bat:{16664544825820606439 2763 gradlew.bat false} hyperexecute.yaml:{5050797123884528021 691 hyperexecute.yaml false} hyperexecute__metadata__.json:{8720704765352721524 51 hyperexecute__metadata__.json false} settings.gradle:{14290926963802788158 30 settings.gradle false} snooper.log:{10362262988316453443 14464 snooper.log false} src:{0 0 src true} src/test:{0 0 src/test true} src/test/java:{0 0 src/test/java true} src/test/java/APIRunner.java:{7850812801501036521 1032 src/test/java/APIRunner.java false} src/test/java/ParallelRunner.java:{15835990256694852921 643 src/test/java/ParallelRunner.java false} src/test/java/TagRunner.java:{16225404343123923587 824 src/test/java/TagRunner.java false} src/test/java/TestRunner.java:{9767021977487237997 793 src/test/java/TestRunner.java false} src/test/resources:{0 0 src/test/resources true} src/test/resources/Karate-config.js:{16327507150798637260 338 src/test/resources/Karate-config.js false} src/test/resources/apis:{0 0 src/test/resources/apis true} src/test/resources/apis/features:{0 0 src/test/resources/apis/features true} src/test/resources/apis/features/DeleteRequest.feature:{7215814100712510453 302 src/test/resources/apis/features/DeleteRequest.feature false} src/test/resources/apis/features/GetRequest.feature:{15584434973548180755 977 src/test/resources/apis/features/GetRequest.feature false} src/test/resources/apis/features/PostRequest.feature:{14869628535307320508 964 src/test/resources/apis/features/PostRequest.feature false} src/test/resources/apis/features/PutRequest.feature:{12666796336522385911 357 src/test/resources/apis/features/PutRequest.feature false} src/test/resources/logback-test.xml:{6758398796316335698 711 src/test/resources/logback-test.xml false} target:{0 0 target true} target/karate.log:{16462827523834632322 448044 target/karate.log false}]"}
{"level":"debug","time":"2025-05-13T13:59:39.534+0530","caller":"archivemanager/setup.go:346","msg":"Creating archive of target directory: /Users/dhakshath/Documents/KarateAPI"}
{"level":"debug","time":"2025-05-13T13:59:39.546+0530","caller":"core/lifecycle.go:659","msg":"Zip file size: 2.43 kB"}
{"level":"debug","time":"2025-05-13T13:59:39.546+0530","caller":"core/lifecycle.go:669","msg":"Archive location: /Users/dhakshath/Documents/KarateAPI/hyperexecute-code-3ae8a4ff-c52b-4a14-a2e4-6d009c6e0d7a.zip\n"}
{"level":"debug","time":"2025-05-13T13:59:39.546+0530","caller":"storage/azure.go:59","msg":"Payload size: 2.43 kB, source path /Users/dhakshath/Documents/KarateAPI/hyperexecute-code-3ae8a4ff-c52b-4a14-a2e4-6d009c6e0d7a.zip"}
{"level":"debug","time":"2025-05-13T13:59:39.626+0530","caller":"events/manager.go:277","msg":"connection to hyperexecute server established successfully."}
{"level":"info","time":"2025-05-13T13:59:51.111+0530","caller":"storage/azure.go:114","msg":"File upload completed in 12.11769s"}
{"level":"info","time":"2025-05-13T13:59:57.154+0530","caller":"storage/azure.go:114","msg":"File upload completed in 17.608242042s"}
{"level":"debug","time":"2025-05-13T13:59:57.154+0530","caller":"receptionmanager/setup.go:277","msg":"only one runtime entry detected, mapping it to older yaml format"}
{"level":"debug","time":"2025-05-13T13:59:57.155+0530","caller":"receptionmanager/setup.go:306","msg":"only one partialreports entry detected, mapping it to older yaml format"}
{"level":"debug","time":"2025-05-13T13:59:57.155+0530","caller":"receptionmanager/setup.go:184","msg":"Uploading yaml : /Users/dhakshath/Documents/KarateAPI/.updatedhyperexecute.yaml"}
{"level":"debug","time":"2025-05-13T13:59:57.155+0530","caller":"storage/azure.go:59","msg":"Payload size: 3.60 kB, source path /Users/dhakshath/Documents/KarateAPI/.updatedhyperexecute.yaml"}
{"level":"info","time":"2025-05-13T14:00:07.213+0530","caller":"storage/azure.go:114","msg":"File upload completed in 10.057681209s"}
{"level":"debug","time":"2025-05-13T14:00:07.213+0530","caller":"core/lifecycle.go:696","msg":"Successfully deleted code archive: /Users/dhakshath/Documents/KarateAPI/hyperexecute-code-3ae8a4ff-c52b-4a14-a2e4-6d009c6e0d7a.zip\n"}
{"level":"debug","time":"2025-05-13T14:00:07.214+0530","caller":"storage/azure.go:59","msg":"Payload size: 656 B, source path mask-3ae8a4ff-c52b-4a14-a2e4-6d009c6e0d7a.yaml"}
{"level":"info","time":"2025-05-13T14:00:17.276+0530","caller":"storage/azure.go:114","msg":"File upload completed in 10.062266625s"}
{"level":"debug","time":"2025-05-13T14:00:19.420+0530","caller":"jobmanager/sse_setup.go:199","msg":"Task id: HYPM-1530760-1747125018319373225DSL"}
{"level":"debug","time":"2025-05-13T14:00:19.422+0530","caller":"jobmanager/sse_setup.go:200","msg":"Sending new task alert to stage manager for taskId: HYPM-1530760-1747125018319373225DSL"}
{"level":"info","time":"2025-05-13T14:00:22.591+0530","caller":"jobmanager/sse_setup.go:85","msg":"\nJob \u001b[1m\u001b[4m3ae8a4ff-c52b-4a14-a2e4-6d009c6e0d7a\u001b[24m\u001b[22m has started \u001b[97mRUNNING\u001b[0m"}
{"level":"info","time":"2025-05-13T14:00:22.591+0530","caller":"jobmanager/manager.go:143","msg":"Job Link: \u001b[4m\u001b[34mhttps://hyperexecute.lambdatest.com/hyperexecute/task?jobId=3ae8a4ff-c52b-4a14-a2e4-6d009c6e0d7a\u001b[0m\u001b[24m\n"}
{"level":"info","time":"2025-05-13T14:00:30.520+0530","caller":"terminal/terminal.go:187","msg":"\u001b[32m✔\u001b[0m [1]  \u001b[2msetup-runtime (8s)\u001b[22m\n"}
{"level":"info","time":"2025-05-13T14:00:34.384+0530","caller":"terminal/terminal.go:187","msg":"\u001b[32m✔\u001b[0m [1]  \u001b[2mdiscovery (4s)\u001b[22m\n"}
{"level":"debug","time":"2025-05-13T14:00:35.334+0530","caller":"jobmanager/sse_setup.go:199","msg":"Task id: HYPM-1530760-1747125033701932958VXJ"}
{"level":"debug","time":"2025-05-13T14:00:35.334+0530","caller":"jobmanager/sse_setup.go:200","msg":"Sending new task alert to stage manager for taskId: HYPM-1530760-1747125033701932958VXJ"}
{"level":"debug","time":"2025-05-13T14:00:35.334+0530","caller":"jobmanager/sse_setup.go:199","msg":"Task id: HYPM-1530760-1747125033752545840HPZ"}
{"level":"debug","time":"2025-05-13T14:00:35.334+0530","caller":"jobmanager/sse_setup.go:200","msg":"Sending new task alert to stage manager for taskId: HYPM-1530760-1747125033752545840HPZ"}
{"level":"debug","time":"2025-05-13T14:00:35.335+0530","caller":"jobmanager/sse_setup.go:199","msg":"Task id: HYPM-1530760-1747125033793128003BUK"}
{"level":"debug","time":"2025-05-13T14:00:35.335+0530","caller":"jobmanager/sse_setup.go:200","msg":"Sending new task alert to stage manager for taskId: HYPM-1530760-1747125033793128003BUK"}
{"level":"debug","time":"2025-05-13T14:00:35.335+0530","caller":"jobmanager/sse_setup.go:199","msg":"Task id: HYPM-1530760-1747125033832143724XYM"}
{"level":"debug","time":"2025-05-13T14:00:35.335+0530","caller":"jobmanager/sse_setup.go:200","msg":"Sending new task alert to stage manager for taskId: HYPM-1530760-1747125033832143724XYM"}
{"level":"debug","time":"2025-05-13T14:00:35.335+0530","caller":"jobmanager/sse_setup.go:199","msg":"Task id: HYPM-1530760-1747125033868189002BGQ"}
{"level":"debug","time":"2025-05-13T14:00:35.335+0530","caller":"jobmanager/sse_setup.go:200","msg":"Sending new task alert to stage manager for taskId: HYPM-1530760-1747125033868189002BGQ"}
{"level":"debug","time":"2025-05-13T14:00:35.335+0530","caller":"jobmanager/sse_setup.go:199","msg":"Task id: HYPM-1530760-1747125033909190227ONS"}
{"level":"debug","time":"2025-05-13T14:00:35.335+0530","caller":"jobmanager/sse_setup.go:200","msg":"Sending new task alert to stage manager for taskId: HYPM-1530760-1747125033909190227ONS"}
{"level":"debug","time":"2025-05-13T14:00:35.335+0530","caller":"jobmanager/sse_setup.go:199","msg":"Task id: HYPM-1530760-1747125033979294788BJD"}
{"level":"debug","time":"2025-05-13T14:00:35.335+0530","caller":"jobmanager/sse_setup.go:200","msg":"Sending new task alert to stage manager for taskId: HYPM-1530760-1747125033979294788BJD"}
{"level":"debug","time":"2025-05-13T14:00:35.335+0530","caller":"jobmanager/sse_setup.go:199","msg":"Task id: HYPM-1530760-1747125034028219743YAF"}
{"level":"debug","time":"2025-05-13T14:00:35.335+0530","caller":"jobmanager/sse_setup.go:200","msg":"Sending new task alert to stage manager for taskId: HYPM-1530760-1747125034028219743YAF"}
{"level":"debug","time":"2025-05-13T14:00:35.335+0530","caller":"jobmanager/sse_setup.go:199","msg":"Task id: HYPM-1530760-1747125034073804411DMR"}
{"level":"debug","time":"2025-05-13T14:00:35.335+0530","caller":"jobmanager/sse_setup.go:200","msg":"Sending new task alert to stage manager for taskId: HYPM-1530760-1747125034073804411DMR"}
{"level":"debug","time":"2025-05-13T14:00:35.335+0530","caller":"jobmanager/sse_setup.go:199","msg":"Task id: HYPM-1530760-1747125034106846197RNI"}
{"level":"debug","time":"2025-05-13T14:00:35.335+0530","caller":"jobmanager/sse_setup.go:200","msg":"Sending new task alert to stage manager for taskId: HYPM-1530760-1747125034106846197RNI"}
{"level":"info","time":"2025-05-13T14:00:44.359+0530","caller":"terminal/terminal.go:187","msg":"\u001b[32m✔\u001b[0m [4]  \u001b[2msetup-runtime (7s)\u001b[22m\n"}
{"level":"info","time":"2025-05-13T14:00:45.849+0530","caller":"terminal/terminal.go:187","msg":"\u001b[32m✔\u001b[0m [8]  \u001b[2msetup-runtime (8s)\u001b[22m\n"}
{"level":"info","time":"2025-05-13T14:01:07.134+0530","caller":"terminal/terminal.go:187","msg":"\u001b[32m✔\u001b[0m [4]  \u001b[2msrc/test/resources/apis/features/DeleteRequest.feature:10 (20s)\u001b[22m\n"}
{"level":"info","time":"2025-05-13T14:01:07.516+0530","caller":"terminal/terminal.go:187","msg":"\u001b[32m✔\u001b[0m [4]  \u001b[2mpost (0s)\u001b[22m\n"}
{"level":"info","time":"2025-05-13T14:01:14.892+0530","caller":"terminal/terminal.go:187","msg":"\u001b[32m✔\u001b[0m [8]  \u001b[2msrc/test/resources/apis/features/GetRequest.feature:23 (25s)\u001b[22m\n"}
{"level":"info","time":"2025-05-13T14:01:15.813+0530","caller":"terminal/terminal.go:187","msg":"\u001b[32m✔\u001b[0m [8]  \u001b[2mpost (1s)\u001b[22m\n"}
{"level":"info","time":"2025-05-13T14:01:39.675+0530","caller":"terminal/terminal.go:187","msg":"\u001b[32m✔\u001b[0m [2]  \u001b[2msetup-runtime (8s)\u001b[22m\n"}
{"level":"info","time":"2025-05-13T14:02:05.444+0530","caller":"terminal/terminal.go:187","msg":"\u001b[32m✔\u001b[0m [2]  \u001b[2msrc/test/resources/apis/features/PutRequest.feature:10 (21s)\u001b[22m\n"}
{"level":"info","time":"2025-05-13T14:02:06.089+0530","caller":"terminal/terminal.go:187","msg":"\u001b[32m✔\u001b[0m [6]  \u001b[2msetup-runtime (7s)\u001b[22m\n"}
{"level":"info","time":"2025-05-13T14:02:06.290+0530","caller":"terminal/terminal.go:187","msg":"\u001b[32m✔\u001b[0m [2]  \u001b[2mpost (1s)\u001b[22m\n"}
{"level":"info","time":"2025-05-13T14:02:06.420+0530","caller":"terminal/terminal.go:187","msg":"\u001b[32m✔\u001b[0m [3]  \u001b[2msetup-runtime (7s)\u001b[22m\n"}
{"level":"info","time":"2025-05-13T14:02:08.859+0530","caller":"terminal/terminal.go:187","msg":"\u001b[32m✔\u001b[0m [10]  \u001b[2msetup-runtime (9s)\u001b[22m\n"}
{"level":"info","time":"2025-05-13T14:02:10.477+0530","caller":"terminal/terminal.go:187","msg":"\u001b[32m✔\u001b[0m [9]  \u001b[2msetup-runtime (10s)\u001b[22m\n"}
{"level":"info","time":"2025-05-13T14:02:12.398+0530","caller":"terminal/terminal.go:187","msg":"\u001b[32m✔\u001b[0m [11]  \u001b[2msetup-runtime (6s)\u001b[22m\n"}
{"level":"info","time":"2025-05-13T14:02:13.857+0530","caller":"terminal/terminal.go:187","msg":"\u001b[32m✔\u001b[0m [7]  \u001b[2msetup-runtime (8s)\u001b[22m\n"}
{"level":"info","time":"2025-05-13T14:02:15.652+0530","caller":"terminal/terminal.go:187","msg":"\u001b[32m✔\u001b[0m [5]  \u001b[2msetup-runtime (9s)\u001b[22m\n"}
{"level":"info","time":"2025-05-13T14:02:29.975+0530","caller":"terminal/terminal.go:187","msg":"\u001b[32m✔\u001b[0m [6]  \u001b[2msrc/test/resources/apis/features/PostRequest.feature:18 (20s)\u001b[22m\n"}
{"level":"info","time":"2025-05-13T14:02:30.278+0530","caller":"terminal/terminal.go:187","msg":"\u001b[32m✔\u001b[0m [6]  \u001b[2mpost (0s)\u001b[22m\n"}
{"level":"info","time":"2025-05-13T14:02:32.154+0530","caller":"terminal/terminal.go:187","msg":"\u001b[32m✔\u001b[0m [10]  \u001b[2msrc/test/resources/apis/features/GetRequest.feature:30 (19s)\u001b[22m\n"}
{"level":"info","time":"2025-05-13T14:02:32.473+0530","caller":"terminal/terminal.go:187","msg":"\u001b[32m✔\u001b[0m [10]  \u001b[2mpost (0s)\u001b[22m\n"}
{"level":"info","time":"2025-05-13T14:02:33.999+0530","caller":"terminal/terminal.go:187","msg":"\u001b[32m✔\u001b[0m [9]  \u001b[2msrc/test/resources/apis/features/PostRequest.feature:10 (20s)\u001b[22m\n"}
{"level":"info","time":"2025-05-13T14:02:34.290+0530","caller":"terminal/terminal.go:187","msg":"\u001b[32m✔\u001b[0m [9]  \u001b[2mpost (0s)\u001b[22m\n"}
{"level":"info","time":"2025-05-13T14:02:34.728+0530","caller":"terminal/terminal.go:187","msg":"\u001b[32m✔\u001b[0m [3]  \u001b[2msrc/test/resources/apis/features/GetRequest.feature:38 (25s)\u001b[22m\n"}
{"level":"info","time":"2025-05-13T14:02:34.926+0530","caller":"terminal/terminal.go:187","msg":"\u001b[32m✔\u001b[0m [11]  \u001b[2msrc/test/resources/apis/features/PostRequest.feature:26 (20s)\u001b[22m\n"}
{"level":"info","time":"2025-05-13T14:02:35.074+0530","caller":"terminal/terminal.go:187","msg":"\u001b[32m✔\u001b[0m [3]  \u001b[2mpost (1s)\u001b[22m\n"}
{"level":"info","time":"2025-05-13T14:02:35.260+0530","caller":"terminal/terminal.go:187","msg":"\u001b[32m✔\u001b[0m [11]  \u001b[2mpost (0s)\u001b[22m\n"}
{"level":"info","time":"2025-05-13T14:02:39.059+0530","caller":"terminal/terminal.go:187","msg":"\u001b[32m✔\u001b[0m [7]  \u001b[2msrc/test/resources/apis/features/GetRequest.feature:16 (21s)\u001b[22m\n"}
{"level":"info","time":"2025-05-13T14:02:39.918+0530","caller":"terminal/terminal.go:187","msg":"\u001b[32m✔\u001b[0m [7]  \u001b[2mpost (1s)\u001b[22m\n"}
{"level":"info","time":"2025-05-13T14:02:41.374+0530","caller":"terminal/terminal.go:187","msg":"\u001b[32m✔\u001b[0m [5]  \u001b[2msrc/test/resources/apis/features/PostRequest.feature:34 (21s)\u001b[22m\n"}
{"level":"info","time":"2025-05-13T14:02:42.238+0530","caller":"terminal/terminal.go:187","msg":"\u001b[32m✔\u001b[0m [5]  \u001b[2mpost (1s)\u001b[22m\n"}
{"level":"debug","time":"2025-05-13T14:02:44.452+0530","caller":"jobmanager/sse_setup.go:141","msg":"\n\nJob status"}
{"level":"debug","time":"2025-05-13T14:02:44.452+0530","caller":"core/lifecycle.go:874","msg":"Context canceled"}
{"level":"info","time":"2025-05-13T14:02:44.452+0530","caller":"core/lifecycle.go:877","msg":"\u001b[2mStopping pipeline gracefully\u001b[22m"}
{"level":"info","time":"2025-05-13T14:02:44.452+0530","caller":"jobmanager/manager.go:143","msg":"Job Link: \u001b[4m\u001b[34mhttps://hyperexecute.lambdatest.com/hyperexecute/task?jobId=3ae8a4ff-c52b-4a14-a2e4-6d009c6e0d7a\u001b[0m\u001b[24m\n"}
{"level":"debug","time":"2025-05-13T14:02:44.452+0530","caller":"core/lifecycle.go:59","msg":"Quit requested from main goroutine...."}
{"level":"debug","time":"2025-05-13T14:02:44.452+0530","caller":"core/lifecycle.go:60","msg":"Waiting for the goroutines to exit"}
{"level":"info","time":"2025-05-13T14:02:45.314+0530","caller":"jobmanager/JobSummaryManager.go:54","msg":"\n\u001b[102m\u001b[1m\u001b[30m COMPLETED \u001b[0m\u001b[22m\u001b[0m\n"}
{"level":"info","time":"2025-05-13T14:02:45.315+0530","caller":"jobmanager/JobSummaryManager.go:113","msg":"    \u001b[1mTest Execution Time\u001b[22m:                  \u001b[92m1m54s\u001b[0m"}
{"level":"info","time":"2025-05-13T14:02:45.315+0530","caller":"jobmanager/JobSummaryManager.go:113","msg":"    \u001b[1mJob Duration Time\u001b[22m:                    2m21s"}
{"level":"info","time":"2025-05-13T14:02:45.315+0530","caller":"jobmanager/JobSummaryManager.go:113","msg":"    \u001b[1mTotal Tasks\u001b[22m:                          11"}
{"level":"info","time":"2025-05-13T14:02:45.315+0530","caller":"jobmanager/JobSummaryManager.go:113","msg":"    \u001b[1mCumulative Time Consumed\u001b[22m:             5m51s"}
{"level":"info","time":"2025-05-13T14:02:45.315+0530","caller":"jobmanager/JobSummaryManager.go:113","msg":"    \u001b[1mTotal Stages\u001b[22m:                         21"}
{"level":"info","time":"2025-05-13T14:02:45.315+0530","caller":"jobmanager/JobSummaryManager.go:113","msg":"    \u001b[1mPass discovery stage percentage\u001b[22m:      100.00%"}
{"level":"info","time":"2025-05-13T14:02:45.315+0530","caller":"jobmanager/JobSummaryManager.go:113","msg":"    \u001b[1mFailed discovery stage percentage\u001b[22m:    0.00%"}
{"level":"info","time":"2025-05-13T14:02:45.315+0530","caller":"jobmanager/JobSummaryManager.go:113","msg":"    \u001b[1mPass pre stage percentage\u001b[22m:            0.00%"}
{"level":"info","time":"2025-05-13T14:02:45.315+0530","caller":"jobmanager/JobSummaryManager.go:113","msg":"    \u001b[1mFailed pre stage percentage\u001b[22m:          0.00%"}
{"level":"info","time":"2025-05-13T14:02:45.315+0530","caller":"jobmanager/JobSummaryManager.go:113","msg":"    \u001b[1mPass test stage percentage\u001b[22m:           \u001b[92m100.00%\u001b[0m"}
{"level":"info","time":"2025-05-13T14:02:45.315+0530","caller":"jobmanager/JobSummaryManager.go:113","msg":"    \u001b[1mFailed test stage percentage\u001b[22m:         0.00%"}
{"level":"info","time":"2025-05-13T14:02:45.315+0530","caller":"jobmanager/JobSummaryManager.go:113","msg":"    \u001b[1mPass post stage percentage\u001b[22m:           \u001b[92m100.00%\u001b[0m"}
{"level":"info","time":"2025-05-13T14:02:45.315+0530","caller":"jobmanager/JobSummaryManager.go:113","msg":"    \u001b[1mFailed post stage percentage\u001b[22m:         0.00%"}
{"level":"info","time":"2025-05-13T14:02:45.315+0530","caller":"jobmanager/JobSummaryManager.go:113","msg":"    \u001b[1mFailed Tasks\u001b[22m:                         0"}
{"level":"info","time":"2025-05-13T14:02:45.315+0530","caller":"jobmanager/JobSummaryManager.go:58","msg":""}
{"level":"debug","time":"2025-05-13T14:03:14.453+0530","caller":"cmd/bin.go:346","msg":"main: all goroutines have finished."}
{"level":"debug","time":"2025-05-13T14:05:42.751+0530","caller":"cmd/bin.go:137","msg":"cli os: darwin, cli arch: arm64"}
{"level":"debug","time":"2025-05-13T14:05:43.583+0530","caller":"cmd/bin.go:146","msg":"Upstream version details: {Name:cli Min:0.2.195 Max:0.2.272} "}
{"level":"debug","time":"2025-05-13T14:05:47.044+0530","caller":"core/lifecycle.go:108","msg":"Setting environment"}
{"level":"debug","time":"2025-05-13T14:05:47.046+0530","caller":"core/lifecycle.go:111","msg":"Parsing config"}
{"level":"debug","time":"2025-05-13T14:05:47.046+0530","caller":"yamlconfigmanager/setup.go:717","msg":"Custom location for .hyperexecute.yaml specified. Using: hyperexecute.yaml"}
{"level":"debug","time":"2025-05-13T14:05:47.046+0530","caller":"yamlconfigmanager/setup.go:117","msg":"using hyperexecute config from : hyperexecute.yaml"}
{"level":"debug","time":"2025-05-13T14:05:48.065+0530","caller":"yamlconfigmanager/setup.go:2108","msg":"Autodetecting test type in files of path : /Users/dhakshath/Documents/KarateAPI"}
{"level":"debug","time":"2025-05-13T14:05:48.067+0530","caller":"yamlconfigmanager/setup.go:541","msg":"Tunnel: %!t(<nil>)"}
{"level":"info","time":"2025-05-13T14:05:48.067+0530","caller":"models/HypertestYamlConfig.go:874","msg":"\n\u001b[4m\u001b[1m\u001b[97mExecution Plan\u001b[0m\u001b[22m\u001b[24m"}
{"level":"info","time":"2025-05-13T14:05:48.067+0530","caller":"models/HypertestYamlConfig.go:675","msg":"Mode:    \u001b[36mautosplit\u001b[0m"}
{"level":"info","time":"2025-05-13T14:05:48.067+0530","caller":"models/HypertestYamlConfig.go:735","msg":"Runson:    \u001b[36mmac\u001b[0m"}
{"level":"info","time":"2025-05-13T14:05:48.068+0530","caller":"models/HypertestYamlConfig.go:743","msg":"Concurrency:    \u001b[36m10\u001b[0m"}
{"level":"info","time":"2025-05-13T14:05:48.068+0530","caller":"models/HypertestYamlConfig.go:807","msg":"Report:    \u001b[36menabled\u001b[0m"}
{"level":"info","time":"2025-05-13T14:05:48.068+0530","caller":"models/HypertestYamlConfig.go:887","msg":""}
{"level":"debug","time":"2025-05-13T14:05:48.068+0530","caller":"filevalidator/setup.go:49","msg":"Warning: Checking data.json file in current directory, no dataJsonPath found in .hyperexecute.yaml"}
{"level":"debug","time":"2025-05-13T14:05:48.068+0530","caller":"filevalidator/setup.go:53","msg":"Warning: data.json file doesn't exist"}
{"level":"debug","time":"2025-05-13T14:05:50.087+0530","caller":"core/lifecycle.go:516","msg":"Job ID: 9dc1eab2-38e4-4137-a981-597aa6362a46"}
{"level":"debug","time":"2025-05-13T14:05:50.087+0530","caller":"events/manager.go:95","msg":"Starting event manager"}
{"level":"debug","time":"2025-05-13T14:05:50.087+0530","caller":"events/manager.go:97","msg":"SSE enabled, getting SSE connection"}
{"level":"debug","time":"2025-05-13T14:05:50.661+0530","caller":"storage/azure.go:59","msg":"Payload size: 115.62 kB, source path /var/folders/d5/vhtnmxhj2cdbdlvq4jlw4dz00000gp/T/git.diff"}
{"level":"debug","time":"2025-05-13T14:05:51.166+0530","caller":"archivemanager/setup.go:340","msg":"digestMap: map[.gitignore:{6789880119083260772 539 .gitignore false} .hyperexecute.yaml:{15228906693109743024 3594 .hyperexecute.yaml false} .idea:{0 0 .idea true} .idea/.gitignore:{16279786366844463540 122 .idea/.gitignore false} .idea/gradle.xml:{4659657774069657883 558 .idea/gradle.xml false} .idea/misc.xml:{16225606672018911431 354 .idea/misc.xml false} .idea/vcs.xml:{110729305571302532 242 .idea/vcs.xml false} .idea/workspace.xml:{4422743183823632250 10873 .idea/workspace.xml false} build.gradle:{6402680117770863533 524 build.gradle false} cucumber_context.json:{10190887627203814083 8228 cucumber_context.json false} gradle:{0 0 gradle true} gradle/wrapper:{0 0 gradle/wrapper true} gradle/wrapper/gradle-wrapper.jar:{8142569059071412300 60756 gradle/wrapper/gradle-wrapper.jar false} gradle/wrapper/gradle-wrapper.properties:{5454816729783508739 231 gradle/wrapper/gradle-wrapper.properties false} gradlew:{7922637049471180284 8070 gradlew false} gradlew.bat:{16664544825820606439 2763 gradlew.bat false} hyperexecute.yaml:{6876820903909331080 690 hyperexecute.yaml false} settings.gradle:{14290926963802788158 30 settings.gradle false} snooper.log:{10362262988316453443 14464 snooper.log false} src:{0 0 src true} src/test:{0 0 src/test true} src/test/java:{0 0 src/test/java true} src/test/java/APIRunner.java:{7850812801501036521 1032 src/test/java/APIRunner.java false} src/test/java/ParallelRunner.java:{15835990256694852921 643 src/test/java/ParallelRunner.java false} src/test/java/TagRunner.java:{16225404343123923587 824 src/test/java/TagRunner.java false} src/test/java/TestRunner.java:{9767021977487237997 793 src/test/java/TestRunner.java false} src/test/resources:{0 0 src/test/resources true} src/test/resources/Karate-config.js:{16327507150798637260 338 src/test/resources/Karate-config.js false} src/test/resources/apis:{0 0 src/test/resources/apis true} src/test/resources/apis/features:{0 0 src/test/resources/apis/features true} src/test/resources/apis/features/DeleteRequest.feature:{7215814100712510453 302 src/test/resources/apis/features/DeleteRequest.feature false} src/test/resources/apis/features/GetRequest.feature:{15584434973548180755 977 src/test/resources/apis/features/GetRequest.feature false} src/test/resources/apis/features/PostRequest.feature:{14869628535307320508 964 src/test/resources/apis/features/PostRequest.feature false} src/test/resources/apis/features/PutRequest.feature:{12666796336522385911 357 src/test/resources/apis/features/PutRequest.feature false} src/test/resources/logback-test.xml:{6758398796316335698 711 src/test/resources/logback-test.xml false} target:{0 0 target true} target/karate.log:{16462827523834632322 448044 target/karate.log false}]"}
{"level":"debug","time":"2025-05-13T14:05:51.166+0530","caller":"archivemanager/setup.go:346","msg":"Creating archive of target directory: /Users/dhakshath/Documents/KarateAPI"}
{"level":"debug","time":"2025-05-13T14:05:51.175+0530","caller":"core/lifecycle.go:659","msg":"Zip file size: 2.42 kB"}
{"level":"debug","time":"2025-05-13T14:05:51.175+0530","caller":"core/lifecycle.go:669","msg":"Archive location: /Users/dhakshath/Documents/KarateAPI/hyperexecute-code-9dc1eab2-38e4-4137-a981-597aa6362a46.zip\n"}
{"level":"debug","time":"2025-05-13T14:05:51.175+0530","caller":"storage/azure.go:59","msg":"Payload size: 2.42 kB, source path /Users/dhakshath/Documents/KarateAPI/hyperexecute-code-9dc1eab2-38e4-4137-a981-597aa6362a46.zip"}
{"level":"debug","time":"2025-05-13T14:05:51.335+0530","caller":"events/manager.go:277","msg":"connection to hyperexecute server established successfully."}
{"level":"info","time":"2025-05-13T14:06:02.765+0530","caller":"storage/azure.go:114","msg":"File upload completed in 12.103856875s"}
{"level":"info","time":"2025-05-13T14:06:08.821+0530","caller":"storage/azure.go:114","msg":"File upload completed in 17.645985583s"}
{"level":"debug","time":"2025-05-13T14:06:08.823+0530","caller":"receptionmanager/setup.go:277","msg":"only one runtime entry detected, mapping it to older yaml format"}
{"level":"debug","time":"2025-05-13T14:06:08.824+0530","caller":"receptionmanager/setup.go:306","msg":"only one partialreports entry detected, mapping it to older yaml format"}
{"level":"debug","time":"2025-05-13T14:06:08.824+0530","caller":"receptionmanager/setup.go:184","msg":"Uploading yaml : /Users/dhakshath/Documents/KarateAPI/.updatedhyperexecute.yaml"}
{"level":"debug","time":"2025-05-13T14:06:08.824+0530","caller":"storage/azure.go:59","msg":"Payload size: 3.60 kB, source path /Users/dhakshath/Documents/KarateAPI/.updatedhyperexecute.yaml"}
{"level":"info","time":"2025-05-13T14:06:18.954+0530","caller":"storage/azure.go:114","msg":"File upload completed in 10.130402541s"}
{"level":"debug","time":"2025-05-13T14:06:18.955+0530","caller":"core/lifecycle.go:696","msg":"Successfully deleted code archive: /Users/dhakshath/Documents/KarateAPI/hyperexecute-code-9dc1eab2-38e4-4137-a981-597aa6362a46.zip\n"}
{"level":"debug","time":"2025-05-13T14:06:18.956+0530","caller":"storage/azure.go:59","msg":"Payload size: 655 B, source path mask-9dc1eab2-38e4-4137-a981-597aa6362a46.yaml"}
{"level":"info","time":"2025-05-13T14:06:29.028+0530","caller":"storage/azure.go:114","msg":"File upload completed in 10.072512666s"}
{"level":"debug","time":"2025-05-13T14:06:31.230+0530","caller":"jobmanager/sse_setup.go:199","msg":"Task id: HYPM-1530760-1747125390029332526HAA"}
{"level":"debug","time":"2025-05-13T14:06:31.231+0530","caller":"jobmanager/sse_setup.go:200","msg":"Sending new task alert to stage manager for taskId: HYPM-1530760-1747125390029332526HAA"}
{"level":"info","time":"2025-05-13T14:07:50.238+0530","caller":"jobmanager/sse_setup.go:85","msg":"\nJob \u001b[1m\u001b[4m9dc1eab2-38e4-4137-a981-597aa6362a46\u001b[24m\u001b[22m has started \u001b[97mRUNNING\u001b[0m"}
{"level":"info","time":"2025-05-13T14:07:50.239+0530","caller":"jobmanager/manager.go:143","msg":"Job Link: \u001b[4m\u001b[34mhttps://hyperexecute.lambdatest.com/hyperexecute/task?jobId=9dc1eab2-38e4-4137-a981-597aa6362a46\u001b[0m\u001b[24m\n"}
{"level":"info","time":"2025-05-13T14:07:56.184+0530","caller":"terminal/terminal.go:187","msg":"\u001b[32m✔\u001b[0m [1]  \u001b[2msetup-runtime (7s)\u001b[22m\n"}
{"level":"info","time":"2025-05-13T14:07:59.470+0530","caller":"terminal/terminal.go:187","msg":"\u001b[32m✔\u001b[0m [1]  \u001b[2mdiscovery (3s)\u001b[22m\n"}
{"level":"debug","time":"2025-05-13T14:08:00.433+0530","caller":"jobmanager/sse_setup.go:199","msg":"Task id: HYPM-1530760-1747125478678458619YZH"}
{"level":"debug","time":"2025-05-13T14:08:00.433+0530","caller":"jobmanager/sse_setup.go:200","msg":"Sending new task alert to stage manager for taskId: HYPM-1530760-1747125478678458619YZH"}
{"level":"debug","time":"2025-05-13T14:08:00.433+0530","caller":"jobmanager/sse_setup.go:199","msg":"Task id: HYPM-1530760-1747125478852594726TEP"}
{"level":"debug","time":"2025-05-13T14:08:00.433+0530","caller":"jobmanager/sse_setup.go:200","msg":"Sending new task alert to stage manager for taskId: HYPM-1530760-1747125478852594726TEP"}
{"level":"debug","time":"2025-05-13T14:08:00.433+0530","caller":"jobmanager/sse_setup.go:199","msg":"Task id: HYPM-1530760-1747125478897383118EMU"}
{"level":"debug","time":"2025-05-13T14:08:00.433+0530","caller":"jobmanager/sse_setup.go:200","msg":"Sending new task alert to stage manager for taskId: HYPM-1530760-1747125478897383118EMU"}
{"level":"debug","time":"2025-05-13T14:08:00.433+0530","caller":"jobmanager/sse_setup.go:199","msg":"Task id: HYPM-1530760-1747125478942141105KLF"}
{"level":"debug","time":"2025-05-13T14:08:00.433+0530","caller":"jobmanager/sse_setup.go:200","msg":"Sending new task alert to stage manager for taskId: HYPM-1530760-1747125478942141105KLF"}
{"level":"debug","time":"2025-05-13T14:08:00.433+0530","caller":"jobmanager/sse_setup.go:199","msg":"Task id: HYPM-1530760-1747125478994802683MAB"}
{"level":"debug","time":"2025-05-13T14:08:00.433+0530","caller":"jobmanager/sse_setup.go:200","msg":"Sending new task alert to stage manager for taskId: HYPM-1530760-1747125478994802683MAB"}
{"level":"debug","time":"2025-05-13T14:08:00.433+0530","caller":"jobmanager/sse_setup.go:199","msg":"Task id: HYPM-1530760-1747125479039231165VJV"}
{"level":"debug","time":"2025-05-13T14:08:00.433+0530","caller":"jobmanager/sse_setup.go:200","msg":"Sending new task alert to stage manager for taskId: HYPM-1530760-1747125479039231165VJV"}
{"level":"debug","time":"2025-05-13T14:08:00.434+0530","caller":"jobmanager/sse_setup.go:199","msg":"Task id: HYPM-1530760-1747125479088338767CBW"}
{"level":"debug","time":"2025-05-13T14:08:00.434+0530","caller":"jobmanager/sse_setup.go:200","msg":"Sending new task alert to stage manager for taskId: HYPM-1530760-1747125479088338767CBW"}
{"level":"debug","time":"2025-05-13T14:08:00.434+0530","caller":"jobmanager/sse_setup.go:199","msg":"Task id: HYPM-1530760-1747125479139461894RUH"}
{"level":"debug","time":"2025-05-13T14:08:00.434+0530","caller":"jobmanager/sse_setup.go:200","msg":"Sending new task alert to stage manager for taskId: HYPM-1530760-1747125479139461894RUH"}
{"level":"debug","time":"2025-05-13T14:08:00.434+0530","caller":"jobmanager/sse_setup.go:199","msg":"Task id: HYPM-1530760-1747125479177394238GXP"}
{"level":"debug","time":"2025-05-13T14:08:00.434+0530","caller":"jobmanager/sse_setup.go:200","msg":"Sending new task alert to stage manager for taskId: HYPM-1530760-1747125479177394238GXP"}
{"level":"debug","time":"2025-05-13T14:08:00.434+0530","caller":"jobmanager/sse_setup.go:199","msg":"Task id: HYPM-1530760-1747125479213333724AKL"}
{"level":"debug","time":"2025-05-13T14:08:00.434+0530","caller":"jobmanager/sse_setup.go:200","msg":"Sending new task alert to stage manager for taskId: HYPM-1530760-1747125479213333724AKL"}
{"level":"info","time":"2025-05-13T14:08:46.821+0530","caller":"terminal/terminal.go:187","msg":"\u001b[32m✔\u001b[0m [9]  \u001b[2msetup-runtime (8s)\u001b[22m\n"}
{"level":"info","time":"2025-05-13T14:08:56.056+0530","caller":"terminal/terminal.go:187","msg":"\u001b[32m✔\u001b[0m [3]  \u001b[2msetup-runtime (8s)\u001b[22m\n"}
{"level":"info","time":"2025-05-13T14:09:05.430+0530","caller":"terminal/terminal.go:187","msg":"\u001b[32m✔\u001b[0m [6]  \u001b[2msetup-runtime (6s)\u001b[22m\n"}
{"level":"info","time":"2025-05-13T14:09:09.565+0530","caller":"terminal/terminal.go:187","msg":"\u001b[32m✔\u001b[0m [9]  \u001b[2msrc/test/resources/apis/features/PostRequest.feature:18 (19s)\u001b[22m\n"}
{"level":"info","time":"2025-05-13T14:09:09.857+0530","caller":"terminal/terminal.go:187","msg":"\u001b[91mx\u001b[0m [9]  \u001b[2mpost (1s)\u001b[22m\n"}
{"level":"info","time":"2025-05-13T14:09:13.022+0530","caller":"terminal/terminal.go:187","msg":"\u001b[32m✔\u001b[0m [2]  \u001b[2msetup-runtime (9s)\u001b[22m\n"}
{"level":"info","time":"2025-05-13T14:09:13.559+0530","caller":"terminal/terminal.go:187","msg":"\u001b[32m✔\u001b[0m [11]  \u001b[2msetup-runtime (8s)\u001b[22m\n"}
{"level":"info","time":"2025-05-13T14:09:15.690+0530","caller":"terminal/terminal.go:187","msg":"\u001b[32m✔\u001b[0m [4]  \u001b[2msetup-runtime (9s)\u001b[22m\n"}
{"level":"info","time":"2025-05-13T14:09:17.345+0530","caller":"terminal/terminal.go:187","msg":"\u001b[32m✔\u001b[0m [10]  \u001b[2msetup-runtime (7s)\u001b[22m\n"}
{"level":"info","time":"2025-05-13T14:09:18.582+0530","caller":"terminal/terminal.go:187","msg":"\u001b[32m✔\u001b[0m [7]  \u001b[2msetup-runtime (8s)\u001b[22m\n"}
{"level":"info","time":"2025-05-13T14:09:19.879+0530","caller":"terminal/terminal.go:187","msg":"\u001b[32m✔\u001b[0m [5]  \u001b[2msetup-runtime (9s)\u001b[22m\n"}
{"level":"info","time":"2025-05-13T14:09:22.018+0530","caller":"terminal/terminal.go:187","msg":"\u001b[32m✔\u001b[0m [8]  \u001b[2msetup-runtime (12s)\u001b[22m\n"}
{"level":"info","time":"2025-05-13T14:09:29.042+0530","caller":"terminal/terminal.go:187","msg":"\u001b[32m✔\u001b[0m [3]  \u001b[2msrc/test/resources/apis/features/GetRequest.feature:38 (29s)\u001b[22m\n"}
{"level":"info","time":"2025-05-13T14:09:29.226+0530","caller":"terminal/terminal.go:187","msg":"\u001b[32m✔\u001b[0m [6]  \u001b[2msrc/test/resources/apis/features/GetRequest.feature:30 (20s)\u001b[22m\n"}
{"level":"info","time":"2025-05-13T14:09:29.501+0530","caller":"terminal/terminal.go:187","msg":"\u001b[91mx\u001b[0m [6]  \u001b[2mpost (0s)\u001b[22m\n"}
{"level":"info","time":"2025-05-13T14:09:29.894+0530","caller":"terminal/terminal.go:187","msg":"\u001b[91mx\u001b[0m [3]  \u001b[2mpost (1s)\u001b[22m\n"}
{"level":"info","time":"2025-05-13T14:09:39.798+0530","caller":"terminal/terminal.go:187","msg":"\u001b[32m✔\u001b[0m [11]  \u001b[2msrc/test/resources/apis/features/PostRequest.feature:26 (22s)\u001b[22m\n"}
{"level":"info","time":"2025-05-13T14:09:39.983+0530","caller":"terminal/terminal.go:187","msg":"\u001b[32m✔\u001b[0m [2]  \u001b[2msrc/test/resources/apis/features/PutRequest.feature:10 (22s)\u001b[22m\n"}
{"level":"info","time":"2025-05-13T14:09:40.613+0530","caller":"terminal/terminal.go:187","msg":"\u001b[91mx\u001b[0m [11]  \u001b[2mpost (1s)\u001b[22m\n"}
{"level":"info","time":"2025-05-13T14:09:40.769+0530","caller":"terminal/terminal.go:187","msg":"\u001b[91mx\u001b[0m [2]  \u001b[2mpost (1s)\u001b[22m\n"}
{"level":"info","time":"2025-05-13T14:09:42.056+0530","caller":"terminal/terminal.go:187","msg":"\u001b[32m✔\u001b[0m [4]  \u001b[2msrc/test/resources/apis/features/GetRequest.feature:23 (22s)\u001b[22m\n"}
{"level":"info","time":"2025-05-13T14:09:42.848+0530","caller":"terminal/terminal.go:187","msg":"\u001b[91mx\u001b[0m [4]  \u001b[2mpost (1s)\u001b[22m\n"}
{"level":"info","time":"2025-05-13T14:09:43.490+0530","caller":"terminal/terminal.go:187","msg":"\u001b[32m✔\u001b[0m [10]  \u001b[2msrc/test/resources/apis/features/GetRequest.feature:16 (21s)\u001b[22m\n"}
{"level":"info","time":"2025-05-13T14:09:44.302+0530","caller":"terminal/terminal.go:187","msg":"\u001b[91mx\u001b[0m [10]  \u001b[2mpost (1s)\u001b[22m\n"}
{"level":"info","time":"2025-05-13T14:09:45.587+0530","caller":"terminal/terminal.go:187","msg":"\u001b[32m✔\u001b[0m [7]  \u001b[2msrc/test/resources/apis/features/DeleteRequest.feature:10 (22s)\u001b[22m\n"}
{"level":"info","time":"2025-05-13T14:09:45.806+0530","caller":"terminal/terminal.go:187","msg":"\u001b[32m✔\u001b[0m [5]  \u001b[2msrc/test/resources/apis/features/PostRequest.feature:10 (22s)\u001b[22m\n"}
{"level":"info","time":"2025-05-13T14:09:46.367+0530","caller":"terminal/terminal.go:187","msg":"\u001b[91mx\u001b[0m [7]  \u001b[2mpost (1s)\u001b[22m\n"}
{"level":"info","time":"2025-05-13T14:09:46.716+0530","caller":"terminal/terminal.go:187","msg":"\u001b[91mx\u001b[0m [5]  \u001b[2mpost (1s)\u001b[22m\n"}
{"level":"info","time":"2025-05-13T14:09:48.872+0530","caller":"terminal/terminal.go:187","msg":"\u001b[32m✔\u001b[0m [8]  \u001b[2msrc/test/resources/apis/features/PostRequest.feature:34 (23s)\u001b[22m\n"}
{"level":"info","time":"2025-05-13T14:09:49.814+0530","caller":"terminal/terminal.go:187","msg":"\u001b[91mx\u001b[0m [8]  \u001b[2mpost (1s)\u001b[22m\n"}
{"level":"debug","time":"2025-05-13T14:09:51.949+0530","caller":"jobmanager/sse_setup.go:141","msg":"\n\nJob status"}
{"level":"info","time":"2025-05-13T14:09:51.950+0530","caller":"core/lifecycle.go:781","msg":"taskId:HYPM-1530760-1747125478678458619YZH has failed with remark: error in running post steps - step 2 - exit status 1\n"}
{"level":"info","time":"2025-05-13T14:09:51.950+0530","caller":"core/lifecycle.go:781","msg":"taskId:HYPM-1530760-1747125478852594726TEP has failed with remark: error in running post steps - step 2 - exit status 1\n"}
{"level":"info","time":"2025-05-13T14:09:51.950+0530","caller":"core/lifecycle.go:781","msg":"taskId:HYPM-1530760-1747125478897383118EMU has failed with remark: error in running post steps - step 2 - exit status 1\n"}
{"level":"info","time":"2025-05-13T14:09:51.950+0530","caller":"core/lifecycle.go:781","msg":"taskId:HYPM-1530760-1747125478942141105KLF has failed with remark: error in running post steps - step 2 - exit status 1\n"}
{"level":"info","time":"2025-05-13T14:09:51.950+0530","caller":"core/lifecycle.go:781","msg":"taskId:HYPM-1530760-1747125478994802683MAB has failed with remark: error in running post steps - step 2 - exit status 1\n"}
{"level":"info","time":"2025-05-13T14:09:51.950+0530","caller":"core/lifecycle.go:781","msg":"taskId:HYPM-1530760-1747125479039231165VJV has failed with remark: error in running post steps - step 2 - exit status 1\n"}
{"level":"info","time":"2025-05-13T14:09:51.950+0530","caller":"core/lifecycle.go:781","msg":"taskId:HYPM-1530760-1747125479088338767CBW has failed with remark: error in running post steps - step 2 - exit status 1\n"}
{"level":"info","time":"2025-05-13T14:09:51.950+0530","caller":"core/lifecycle.go:781","msg":"taskId:HYPM-1530760-1747125479139461894RUH has failed with remark: error in running post steps - step 2 - exit status 1\n"}
{"level":"info","time":"2025-05-13T14:09:51.950+0530","caller":"core/lifecycle.go:781","msg":"taskId:HYPM-1530760-1747125479177394238GXP has failed with remark: error in running post steps - step 2 - exit status 1\n"}
{"level":"info","time":"2025-05-13T14:09:51.950+0530","caller":"core/lifecycle.go:781","msg":"taskId:HYPM-1530760-1747125479213333724AKL has failed with remark: error in running post steps - step 2 - exit status 1\n"}
{"level":"debug","time":"2025-05-13T14:09:51.950+0530","caller":"core/lifecycle.go:874","msg":"Context canceled"}
{"level":"info","time":"2025-05-13T14:09:51.950+0530","caller":"core/lifecycle.go:877","msg":"\u001b[2mStopping pipeline gracefully\u001b[22m"}
{"level":"error","time":"2025-05-13T14:09:51.950+0530","caller":"core/lifecycle.go:880","msg":"2025-05-13T14:05:41+05:30    error    Exiting with error: Failed tasks found."}
{"level":"info","time":"2025-05-13T14:09:51.950+0530","caller":"jobmanager/manager.go:143","msg":"Job Link: \u001b[4m\u001b[34mhttps://hyperexecute.lambdatest.com/hyperexecute/task?jobId=9dc1eab2-38e4-4137-a981-597aa6362a46\u001b[0m\u001b[24m\n"}
{"level":"debug","time":"2025-05-13T14:09:51.950+0530","caller":"core/lifecycle.go:59","msg":"Quit requested from main goroutine...."}
{"level":"debug","time":"2025-05-13T14:09:51.950+0530","caller":"core/lifecycle.go:60","msg":"Waiting for the goroutines to exit"}
{"level":"info","time":"2025-05-13T14:09:52.757+0530","caller":"jobmanager/JobSummaryManager.go:54","msg":"\n\u001b[101m FAILED \u001b[0m\n"}
{"level":"info","time":"2025-05-13T14:09:52.759+0530","caller":"jobmanager/JobSummaryManager.go:113","msg":"    \u001b[1mTest Execution Time\u001b[22m:                  \u001b[91m58s\u001b[0m"}
{"level":"info","time":"2025-05-13T14:09:52.759+0530","caller":"jobmanager/JobSummaryManager.go:113","msg":"    \u001b[1mJob Duration Time\u001b[22m:                    2m0s"}
{"level":"info","time":"2025-05-13T14:09:52.759+0530","caller":"jobmanager/JobSummaryManager.go:113","msg":"    \u001b[1mTotal Tasks\u001b[22m:                          11"}
{"level":"info","time":"2025-05-13T14:09:52.759+0530","caller":"jobmanager/JobSummaryManager.go:113","msg":"    \u001b[1mCumulative Time Consumed\u001b[22m:             6m9s"}
{"level":"info","time":"2025-05-13T14:09:52.759+0530","caller":"jobmanager/JobSummaryManager.go:113","msg":"    \u001b[1mTotal Stages\u001b[22m:                         21"}
{"level":"info","time":"2025-05-13T14:09:52.759+0530","caller":"jobmanager/JobSummaryManager.go:113","msg":"    \u001b[1mPass discovery stage percentage\u001b[22m:      100.00%"}
{"level":"info","time":"2025-05-13T14:09:52.759+0530","caller":"jobmanager/JobSummaryManager.go:113","msg":"    \u001b[1mFailed discovery stage percentage\u001b[22m:    0.00%"}
{"level":"info","time":"2025-05-13T14:09:52.759+0530","caller":"jobmanager/JobSummaryManager.go:113","msg":"    \u001b[1mPass pre stage percentage\u001b[22m:            0.00%"}
{"level":"info","time":"2025-05-13T14:09:52.759+0530","caller":"jobmanager/JobSummaryManager.go:113","msg":"    \u001b[1mFailed pre stage percentage\u001b[22m:          0.00%"}
{"level":"info","time":"2025-05-13T14:09:52.759+0530","caller":"jobmanager/JobSummaryManager.go:113","msg":"    \u001b[1mPass test stage percentage\u001b[22m:           \u001b[92m100.00%\u001b[0m"}
{"level":"info","time":"2025-05-13T14:09:52.759+0530","caller":"jobmanager/JobSummaryManager.go:113","msg":"    \u001b[1mFailed test stage percentage\u001b[22m:         0.00%"}
{"level":"info","time":"2025-05-13T14:09:52.759+0530","caller":"jobmanager/JobSummaryManager.go:113","msg":"    \u001b[1mPass post stage percentage\u001b[22m:           0.00%"}
{"level":"info","time":"2025-05-13T14:09:52.759+0530","caller":"jobmanager/JobSummaryManager.go:113","msg":"    \u001b[1mFailed post stage percentage\u001b[22m:         \u001b[91m100.00%\u001b[0m"}
{"level":"info","time":"2025-05-13T14:09:52.759+0530","caller":"jobmanager/JobSummaryManager.go:113","msg":"    \u001b[1mFailed Tasks\u001b[22m:                         10"}
{"level":"info","time":"2025-05-13T14:09:52.759+0530","caller":"jobmanager/JobSummaryManager.go:58","msg":""}
{"level":"debug","time":"2025-05-13T14:10:21.951+0530","caller":"cmd/bin.go:346","msg":"main: all goroutines have finished."}
{"level":"debug","time":"2025-05-13T14:10:21.951+0530","caller":"cmd/bin.go:385","msg":"Exiting application due to error Failed tasks found."}
{"level":"debug","time":"2025-05-13T14:10:57.434+0530","caller":"cmd/bin.go:137","msg":"cli os: darwin, cli arch: arm64"}
{"level":"debug","time":"2025-05-13T14:10:58.359+0530","caller":"cmd/bin.go:146","msg":"Upstream version details: {Name:cli Min:0.2.195 Max:0.2.272} "}
{"level":"debug","time":"2025-05-13T14:11:02.135+0530","caller":"core/lifecycle.go:108","msg":"Setting environment"}
{"level":"debug","time":"2025-05-13T14:11:02.135+0530","caller":"core/lifecycle.go:111","msg":"Parsing config"}
{"level":"debug","time":"2025-05-13T14:11:02.136+0530","caller":"yamlconfigmanager/setup.go:717","msg":"Custom location for .hyperexecute.yaml specified. Using: hyperexecute.yaml"}
{"level":"debug","time":"2025-05-13T14:11:02.137+0530","caller":"yamlconfigmanager/setup.go:117","msg":"using hyperexecute config from : hyperexecute.yaml"}
{"level":"debug","time":"2025-05-13T14:11:03.479+0530","caller":"yamlconfigmanager/setup.go:2108","msg":"Autodetecting test type in files of path : /Users/dhakshath/Documents/KarateAPI"}
{"level":"debug","time":"2025-05-13T14:11:03.481+0530","caller":"yamlconfigmanager/setup.go:541","msg":"Tunnel: %!t(<nil>)"}
{"level":"info","time":"2025-05-13T14:11:03.481+0530","caller":"models/HypertestYamlConfig.go:874","msg":"\n\u001b[4m\u001b[1m\u001b[97mExecution Plan\u001b[0m\u001b[22m\u001b[24m"}
{"level":"info","time":"2025-05-13T14:11:03.482+0530","caller":"models/HypertestYamlConfig.go:675","msg":"Mode:    \u001b[36mautosplit\u001b[0m"}
{"level":"info","time":"2025-05-13T14:11:03.482+0530","caller":"models/HypertestYamlConfig.go:735","msg":"Runson:    \u001b[36mlinux\u001b[0m"}
{"level":"info","time":"2025-05-13T14:11:03.483+0530","caller":"models/HypertestYamlConfig.go:743","msg":"Concurrency:    \u001b[36m10\u001b[0m"}
{"level":"info","time":"2025-05-13T14:11:03.483+0530","caller":"models/HypertestYamlConfig.go:807","msg":"Report:    \u001b[36menabled\u001b[0m"}
{"level":"info","time":"2025-05-13T14:11:03.483+0530","caller":"models/HypertestYamlConfig.go:887","msg":""}
{"level":"debug","time":"2025-05-13T14:11:03.483+0530","caller":"filevalidator/setup.go:49","msg":"Warning: Checking data.json file in current directory, no dataJsonPath found in .hyperexecute.yaml"}
{"level":"debug","time":"2025-05-13T14:11:03.483+0530","caller":"filevalidator/setup.go:53","msg":"Warning: data.json file doesn't exist"}
{"level":"debug","time":"2025-05-13T14:11:06.096+0530","caller":"core/lifecycle.go:516","msg":"Job ID: a78fcaa8-1567-40a4-9b16-026a68b95334"}
{"level":"debug","time":"2025-05-13T14:11:06.096+0530","caller":"events/manager.go:95","msg":"Starting event manager"}
{"level":"debug","time":"2025-05-13T14:11:06.097+0530","caller":"events/manager.go:97","msg":"SSE enabled, getting SSE connection"}
{"level":"debug","time":"2025-05-13T14:11:06.694+0530","caller":"storage/azure.go:59","msg":"Payload size: 141.60 kB, source path /var/folders/d5/vhtnmxhj2cdbdlvq4jlw4dz00000gp/T/git.diff"}
{"level":"debug","time":"2025-05-13T14:11:07.222+0530","caller":"archivemanager/setup.go:340","msg":"digestMap: map[.gitignore:{6789880119083260772 539 .gitignore false} .idea:{0 0 .idea true} .idea/.gitignore:{16279786366844463540 122 .idea/.gitignore false} .idea/gradle.xml:{4659657774069657883 558 .idea/gradle.xml false} .idea/misc.xml:{16225606672018911431 354 .idea/misc.xml false} .idea/vcs.xml:{110729305571302532 242 .idea/vcs.xml false} .idea/workspace.xml:{4422743183823632250 10873 .idea/workspace.xml false} build.gradle:{6402680117770863533 524 build.gradle false} cucumber_context.json:{10190887627203814083 8228 cucumber_context.json false} gradle:{0 0 gradle true} gradle/wrapper:{0 0 gradle/wrapper true} gradle/wrapper/gradle-wrapper.jar:{8142569059071412300 60756 gradle/wrapper/gradle-wrapper.jar false} gradle/wrapper/gradle-wrapper.properties:{5454816729783508739 231 gradle/wrapper/gradle-wrapper.properties false} gradlew:{7922637049471180284 8070 gradlew false} gradlew.bat:{16664544825820606439 2763 gradlew.bat false} hyperexecute.yaml:{475823345518845890 689 hyperexecute.yaml false} hyperexecute__metadata__.json:{8720704765352721524 51 hyperexecute__metadata__.json false} settings.gradle:{14290926963802788158 30 settings.gradle false} snooper.log:{10362262988316453443 14464 snooper.log false} src:{0 0 src true} src/test:{0 0 src/test true} src/test/java:{0 0 src/test/java true} src/test/java/APIRunner.java:{7850812801501036521 1032 src/test/java/APIRunner.java false} src/test/java/ParallelRunner.java:{15835990256694852921 643 src/test/java/ParallelRunner.java false} src/test/java/TagRunner.java:{16225404343123923587 824 src/test/java/TagRunner.java false} src/test/java/TestRunner.java:{9767021977487237997 793 src/test/java/TestRunner.java false} src/test/resources:{0 0 src/test/resources true} src/test/resources/Karate-config.js:{16327507150798637260 338 src/test/resources/Karate-config.js false} src/test/resources/apis:{0 0 src/test/resources/apis true} src/test/resources/apis/features:{0 0 src/test/resources/apis/features true} src/test/resources/apis/features/DeleteRequest.feature:{7215814100712510453 302 src/test/resources/apis/features/DeleteRequest.feature false} src/test/resources/apis/features/GetRequest.feature:{15584434973548180755 977 src/test/resources/apis/features/GetRequest.feature false} src/test/resources/apis/features/PostRequest.feature:{14869628535307320508 964 src/test/resources/apis/features/PostRequest.feature false} src/test/resources/apis/features/PutRequest.feature:{12666796336522385911 357 src/test/resources/apis/features/PutRequest.feature false} src/test/resources/logback-test.xml:{6758398796316335698 711 src/test/resources/logback-test.xml false} target:{0 0 target true} target/karate.log:{16462827523834632322 448044 target/karate.log false}]"}
{"level":"debug","time":"2025-05-13T14:11:07.222+0530","caller":"archivemanager/setup.go:346","msg":"Creating archive of target directory: /Users/dhakshath/Documents/KarateAPI"}
{"level":"debug","time":"2025-05-13T14:11:07.233+0530","caller":"core/lifecycle.go:659","msg":"Zip file size: 2.44 kB"}
{"level":"debug","time":"2025-05-13T14:11:07.234+0530","caller":"core/lifecycle.go:669","msg":"Archive location: /Users/dhakshath/Documents/KarateAPI/hyperexecute-code-a78fcaa8-1567-40a4-9b16-026a68b95334.zip\n"}
{"level":"debug","time":"2025-05-13T14:11:07.234+0530","caller":"storage/azure.go:59","msg":"Payload size: 2.44 kB, source path /Users/dhakshath/Documents/KarateAPI/hyperexecute-code-a78fcaa8-1567-40a4-9b16-026a68b95334.zip"}
{"level":"debug","time":"2025-05-13T14:11:07.398+0530","caller":"events/manager.go:277","msg":"connection to hyperexecute server established successfully."}
{"level":"info","time":"2025-05-13T14:11:18.795+0530","caller":"storage/azure.go:114","msg":"File upload completed in 12.10165425s"}
{"level":"info","time":"2025-05-13T14:11:24.849+0530","caller":"storage/azure.go:114","msg":"File upload completed in 17.615741s"}
{"level":"debug","time":"2025-05-13T14:11:24.850+0530","caller":"receptionmanager/setup.go:277","msg":"only one runtime entry detected, mapping it to older yaml format"}
{"level":"debug","time":"2025-05-13T14:11:24.850+0530","caller":"receptionmanager/setup.go:306","msg":"only one partialreports entry detected, mapping it to older yaml format"}
{"level":"debug","time":"2025-05-13T14:11:24.851+0530","caller":"receptionmanager/setup.go:184","msg":"Uploading yaml : /Users/dhakshath/Documents/KarateAPI/.updatedhyperexecute.yaml"}
{"level":"debug","time":"2025-05-13T14:11:24.851+0530","caller":"storage/azure.go:59","msg":"Payload size: 3.62 kB, source path /Users/dhakshath/Documents/KarateAPI/.updatedhyperexecute.yaml"}
{"level":"info","time":"2025-05-13T14:11:34.923+0530","caller":"storage/azure.go:114","msg":"File upload completed in 10.0726605s"}
{"level":"debug","time":"2025-05-13T14:11:34.924+0530","caller":"core/lifecycle.go:696","msg":"Successfully deleted code archive: /Users/dhakshath/Documents/KarateAPI/hyperexecute-code-a78fcaa8-1567-40a4-9b16-026a68b95334.zip\n"}
{"level":"debug","time":"2025-05-13T14:11:34.924+0530","caller":"storage/azure.go:59","msg":"Payload size: 667 B, source path mask-a78fcaa8-1567-40a4-9b16-026a68b95334.yaml"}
{"level":"info","time":"2025-05-13T14:11:44.991+0530","caller":"storage/azure.go:114","msg":"File upload completed in 10.066499417s"}
{"level":"debug","time":"2025-05-13T14:11:47.225+0530","caller":"jobmanager/sse_setup.go:199","msg":"Task id: HYPL-1530760-1747125706099978593YAA"}
{"level":"debug","time":"2025-05-13T14:11:47.226+0530","caller":"jobmanager/sse_setup.go:200","msg":"Sending new task alert to stage manager for taskId: HYPL-1530760-1747125706099978593YAA"}
{"level":"info","time":"2025-05-13T14:11:49.100+0530","caller":"jobmanager/sse_setup.go:85","msg":"\nJob \u001b[1m\u001b[4ma78fcaa8-1567-40a4-9b16-026a68b95334\u001b[24m\u001b[22m has started \u001b[97mRUNNING\u001b[0m"}
{"level":"info","time":"2025-05-13T14:11:49.100+0530","caller":"jobmanager/manager.go:143","msg":"Job Link: \u001b[4m\u001b[34mhttps://hyperexecute.lambdatest.com/hyperexecute/task?jobId=a78fcaa8-1567-40a4-9b16-026a68b95334\u001b[0m\u001b[24m\n"}
{"level":"info","time":"2025-05-13T14:11:54.575+0530","caller":"terminal/terminal.go:187","msg":"\u001b[32m✔\u001b[0m [1]  \u001b[2msetup-runtime (7s)\u001b[22m\n"}
{"level":"info","time":"2025-05-13T14:11:54.976+0530","caller":"terminal/terminal.go:187","msg":"\u001b[32m✔\u001b[0m [1]  \u001b[2mdiscovery (1s)\u001b[22m\n"}
{"level":"debug","time":"2025-05-13T14:11:55.945+0530","caller":"jobmanager/sse_setup.go:199","msg":"Task id: HYPL-1530760-1747125714183369250SPF"}
{"level":"debug","time":"2025-05-13T14:11:55.945+0530","caller":"jobmanager/sse_setup.go:200","msg":"Sending new task alert to stage manager for taskId: HYPL-1530760-1747125714183369250SPF"}
{"level":"debug","time":"2025-05-13T14:11:55.945+0530","caller":"jobmanager/sse_setup.go:199","msg":"Task id: HYPL-1530760-1747125714233842986DMP"}
{"level":"debug","time":"2025-05-13T14:11:55.945+0530","caller":"jobmanager/sse_setup.go:200","msg":"Sending new task alert to stage manager for taskId: HYPL-1530760-1747125714233842986DMP"}
{"level":"debug","time":"2025-05-13T14:11:55.945+0530","caller":"jobmanager/sse_setup.go:199","msg":"Task id: HYPL-1530760-1747125714277513470SPZ"}
{"level":"debug","time":"2025-05-13T14:11:55.945+0530","caller":"jobmanager/sse_setup.go:200","msg":"Sending new task alert to stage manager for taskId: HYPL-1530760-1747125714277513470SPZ"}
{"level":"debug","time":"2025-05-13T14:11:55.945+0530","caller":"jobmanager/sse_setup.go:199","msg":"Task id: HYPL-1530760-1747125714343821225ELL"}
{"level":"debug","time":"2025-05-13T14:11:55.945+0530","caller":"jobmanager/sse_setup.go:200","msg":"Sending new task alert to stage manager for taskId: HYPL-1530760-1747125714343821225ELL"}
{"level":"debug","time":"2025-05-13T14:11:55.945+0530","caller":"jobmanager/sse_setup.go:199","msg":"Task id: HYPL-1530760-1747125714405537679SIJ"}
{"level":"debug","time":"2025-05-13T14:11:55.945+0530","caller":"jobmanager/sse_setup.go:200","msg":"Sending new task alert to stage manager for taskId: HYPL-1530760-1747125714405537679SIJ"}
{"level":"debug","time":"2025-05-13T14:11:55.945+0530","caller":"jobmanager/sse_setup.go:199","msg":"Task id: HYPL-1530760-1747125714456763781SSP"}
{"level":"debug","time":"2025-05-13T14:11:55.946+0530","caller":"jobmanager/sse_setup.go:200","msg":"Sending new task alert to stage manager for taskId: HYPL-1530760-1747125714456763781SSP"}
{"level":"debug","time":"2025-05-13T14:11:55.946+0530","caller":"jobmanager/sse_setup.go:199","msg":"Task id: HYPL-1530760-1747125714559235700RMG"}
{"level":"debug","time":"2025-05-13T14:11:55.946+0530","caller":"jobmanager/sse_setup.go:200","msg":"Sending new task alert to stage manager for taskId: HYPL-1530760-1747125714559235700RMG"}
{"level":"debug","time":"2025-05-13T14:11:55.946+0530","caller":"jobmanager/sse_setup.go:199","msg":"Task id: HYPL-1530760-1747125714612356157RPP"}
{"level":"debug","time":"2025-05-13T14:11:55.946+0530","caller":"jobmanager/sse_setup.go:200","msg":"Sending new task alert to stage manager for taskId: HYPL-1530760-1747125714612356157RPP"}
{"level":"debug","time":"2025-05-13T14:11:55.946+0530","caller":"jobmanager/sse_setup.go:199","msg":"Task id: HYPL-1530760-1747125714659131404ORW"}
{"level":"debug","time":"2025-05-13T14:11:55.946+0530","caller":"jobmanager/sse_setup.go:200","msg":"Sending new task alert to stage manager for taskId: HYPL-1530760-1747125714659131404ORW"}
{"level":"debug","time":"2025-05-13T14:11:55.946+0530","caller":"jobmanager/sse_setup.go:199","msg":"Task id: HYPL-1530760-1747125714727721228KQT"}
{"level":"debug","time":"2025-05-13T14:11:55.946+0530","caller":"jobmanager/sse_setup.go:200","msg":"Sending new task alert to stage manager for taskId: HYPL-1530760-1747125714727721228KQT"}
{"level":"info","time":"2025-05-13T14:12:03.397+0530","caller":"terminal/terminal.go:187","msg":"\u001b[32m✔\u001b[0m [2]  \u001b[2msetup-runtime (6s)\u001b[22m\n"}
{"level":"info","time":"2025-05-13T14:12:03.727+0530","caller":"terminal/terminal.go:187","msg":"\u001b[32m✔\u001b[0m [8]  \u001b[2msetup-runtime (7s)\u001b[22m\n"}
{"level":"info","time":"2025-05-13T14:12:03.880+0530","caller":"terminal/terminal.go:187","msg":"\u001b[32m✔\u001b[0m [9]  \u001b[2msetup-runtime (7s)\u001b[22m\n"}
{"level":"info","time":"2025-05-13T14:12:03.940+0530","caller":"terminal/terminal.go:187","msg":"\u001b[32m✔\u001b[0m [11]  \u001b[2msetup-runtime (7s)\u001b[22m\n"}
{"level":"info","time":"2025-05-13T14:12:04.009+0530","caller":"terminal/terminal.go:187","msg":"\u001b[32m✔\u001b[0m [4]  \u001b[2msetup-runtime (7s)\u001b[22m\n"}
{"level":"info","time":"2025-05-13T14:12:04.405+0530","caller":"terminal/terminal.go:187","msg":"\u001b[32m✔\u001b[0m [3]  \u001b[2msetup-runtime (7s)\u001b[22m\n"}
{"level":"info","time":"2025-05-13T14:12:09.490+0530","caller":"terminal/terminal.go:187","msg":"\u001b[32m✔\u001b[0m [5]  \u001b[2msetup-runtime (12s)\u001b[22m\n"}
{"level":"info","time":"2025-05-13T14:12:09.514+0530","caller":"terminal/terminal.go:187","msg":"\u001b[32m✔\u001b[0m [10]  \u001b[2msetup-runtime (12s)\u001b[22m\n"}
{"level":"info","time":"2025-05-13T14:12:10.596+0530","caller":"terminal/terminal.go:187","msg":"\u001b[32m✔\u001b[0m [6]  \u001b[2msetup-runtime (14s)\u001b[22m\n"}
{"level":"info","time":"2025-05-13T14:12:11.849+0530","caller":"terminal/terminal.go:187","msg":"\u001b[32m✔\u001b[0m [7]  \u001b[2msetup-runtime (15s)\u001b[22m\n"}
{"level":"info","time":"2025-05-13T14:12:24.393+0530","caller":"terminal/terminal.go:187","msg":"\u001b[91mx\u001b[0m [8]  \u001b[2msrc/test/resources/apis/features/PostRequest.feature:34 (20s)\u001b[22m\n"}
{"level":"info","time":"2025-05-13T14:12:24.675+0530","caller":"terminal/terminal.go:187","msg":"\u001b[91mx\u001b[0m [2]  \u001b[2msrc/test/resources/apis/features/GetRequest.feature:16 (20s)\u001b[22m\n"}
{"level":"info","time":"2025-05-13T14:12:24.774+0530","caller":"terminal/terminal.go:187","msg":"\u001b[91mx\u001b[0m [9]  \u001b[2msrc/test/resources/apis/features/GetRequest.feature:30 (20s)\u001b[22m\n"}
{"level":"info","time":"2025-05-13T14:12:26.745+0530","caller":"terminal/terminal.go:187","msg":"\u001b[91mx\u001b[0m [4]  \u001b[2msrc/test/resources/apis/features/GetRequest.feature:38 (22s)\u001b[22m\n"}
{"level":"info","time":"2025-05-13T14:12:27.330+0530","caller":"terminal/terminal.go:187","msg":"\u001b[91mx\u001b[0m [11]  \u001b[2msrc/test/resources/apis/features/PostRequest.feature:18 (22s)\u001b[22m\n"}
{"level":"info","time":"2025-05-13T14:12:28.336+0530","caller":"terminal/terminal.go:187","msg":"\u001b[91mx\u001b[0m [3]  \u001b[2msrc/test/resources/apis/features/DeleteRequest.feature:10 (23s)\u001b[22m\n"}
{"level":"info","time":"2025-05-13T14:12:36.925+0530","caller":"terminal/terminal.go:187","msg":"\u001b[91mx\u001b[0m [10]  \u001b[2msrc/test/resources/apis/features/PostRequest.feature:10 (27s)\u001b[22m\n"}
{"level":"info","time":"2025-05-13T14:12:37.423+0530","caller":"terminal/terminal.go:187","msg":"\u001b[91mx\u001b[0m [5]  \u001b[2msrc/test/resources/apis/features/PutRequest.feature:10 (27s)\u001b[22m\n"}
{"level":"info","time":"2025-05-13T14:12:45.820+0530","caller":"terminal/terminal.go:187","msg":"\u001b[91mx\u001b[0m [6]  \u001b[2msrc/test/resources/apis/features/PostRequest.feature:26 (34s)\u001b[22m\n"}
{"level":"info","time":"2025-05-13T14:12:48.886+0530","caller":"terminal/terminal.go:187","msg":"\u001b[91mx\u001b[0m [7]  \u001b[2msrc/test/resources/apis/features/GetRequest.feature:23 (36s)\u001b[22m\n"}
{"level":"debug","time":"2025-05-13T14:12:50.886+0530","caller":"jobmanager/sse_setup.go:141","msg":"\n\nJob status"}
{"level":"info","time":"2025-05-13T14:12:50.887+0530","caller":"core/lifecycle.go:781","msg":"taskId:HYPL-1530760-1747125714183369250SPF has failed with remark: error in running test suites - step 1 - exit status 1\n"}
{"level":"info","time":"2025-05-13T14:12:50.887+0530","caller":"core/lifecycle.go:781","msg":"taskId:HYPL-1530760-1747125714233842986DMP has failed with remark: error in running test suites - step 1 - exit status 1\n"}
{"level":"info","time":"2025-05-13T14:12:50.887+0530","caller":"core/lifecycle.go:781","msg":"taskId:HYPL-1530760-1747125714277513470SPZ has failed with remark: error in running test suites - step 1 - exit status 1\n"}
{"level":"info","time":"2025-05-13T14:12:50.887+0530","caller":"core/lifecycle.go:781","msg":"taskId:HYPL-1530760-1747125714343821225ELL has failed with remark: error in running test suites - step 1 - exit status 1\n"}
{"level":"info","time":"2025-05-13T14:12:50.887+0530","caller":"core/lifecycle.go:781","msg":"taskId:HYPL-1530760-1747125714405537679SIJ has failed with remark: error in running test suites - step 1 - exit status 1\n"}
{"level":"info","time":"2025-05-13T14:12:50.887+0530","caller":"core/lifecycle.go:781","msg":"taskId:HYPL-1530760-1747125714456763781SSP has failed with remark: error in running test suites - step 1 - exit status 1\n"}
{"level":"info","time":"2025-05-13T14:12:50.887+0530","caller":"core/lifecycle.go:781","msg":"taskId:HYPL-1530760-1747125714559235700RMG has failed with remark: error in running test suites - step 1 - exit status 1\n"}
{"level":"info","time":"2025-05-13T14:12:50.887+0530","caller":"core/lifecycle.go:781","msg":"taskId:HYPL-1530760-1747125714612356157RPP has failed with remark: error in running test suites - step 1 - exit status 1\n"}
{"level":"info","time":"2025-05-13T14:12:50.887+0530","caller":"core/lifecycle.go:781","msg":"taskId:HYPL-1530760-1747125714659131404ORW has failed with remark: error in running test suites - step 1 - exit status 1\n"}
{"level":"info","time":"2025-05-13T14:12:50.887+0530","caller":"core/lifecycle.go:781","msg":"taskId:HYPL-1530760-1747125714727721228KQT has failed with remark: error in running test suites - step 1 - exit status 1\n"}
{"level":"debug","time":"2025-05-13T14:12:50.887+0530","caller":"core/lifecycle.go:874","msg":"Context canceled"}
{"level":"info","time":"2025-05-13T14:12:50.887+0530","caller":"core/lifecycle.go:877","msg":"\u001b[2mStopping pipeline gracefully\u001b[22m"}
{"level":"error","time":"2025-05-13T14:12:50.887+0530","caller":"core/lifecycle.go:880","msg":"2025-05-13T14:10:56+05:30    error    Exiting with error: Failed tasks found."}
{"level":"info","time":"2025-05-13T14:12:50.887+0530","caller":"jobmanager/manager.go:143","msg":"Job Link: \u001b[4m\u001b[34mhttps://hyperexecute.lambdatest.com/hyperexecute/task?jobId=a78fcaa8-1567-40a4-9b16-026a68b95334\u001b[0m\u001b[24m\n"}
{"level":"debug","time":"2025-05-13T14:12:50.887+0530","caller":"core/lifecycle.go:59","msg":"Quit requested from main goroutine...."}
{"level":"debug","time":"2025-05-13T14:12:50.887+0530","caller":"core/lifecycle.go:60","msg":"Waiting for the goroutines to exit"}
{"level":"info","time":"2025-05-13T14:12:52.086+0530","caller":"jobmanager/JobSummaryManager.go:54","msg":"\n\u001b[101m FAILED \u001b[0m\n"}
{"level":"info","time":"2025-05-13T14:12:52.087+0530","caller":"jobmanager/JobSummaryManager.go:113","msg":"    \u001b[1mTest Execution Time\u001b[22m:                  \u001b[91m44s\u001b[0m"}
{"level":"info","time":"2025-05-13T14:12:52.087+0530","caller":"jobmanager/JobSummaryManager.go:113","msg":"    \u001b[1mJob Duration Time\u001b[22m:                    1m0s"}
{"level":"info","time":"2025-05-13T14:12:52.087+0530","caller":"jobmanager/JobSummaryManager.go:113","msg":"    \u001b[1mTotal Tasks\u001b[22m:                          11"}
{"level":"info","time":"2025-05-13T14:12:52.087+0530","caller":"jobmanager/JobSummaryManager.go:113","msg":"    \u001b[1mCumulative Time Consumed\u001b[22m:             5m59s"}
{"level":"info","time":"2025-05-13T14:12:52.087+0530","caller":"jobmanager/JobSummaryManager.go:113","msg":"    \u001b[1mTotal Stages\u001b[22m:                         21"}
{"level":"info","time":"2025-05-13T14:12:52.087+0530","caller":"jobmanager/JobSummaryManager.go:113","msg":"    \u001b[1mPass discovery stage percentage\u001b[22m:      100.00%"}
{"level":"info","time":"2025-05-13T14:12:52.087+0530","caller":"jobmanager/JobSummaryManager.go:113","msg":"    \u001b[1mFailed discovery stage percentage\u001b[22m:    0.00%"}
{"level":"info","time":"2025-05-13T14:12:52.087+0530","caller":"jobmanager/JobSummaryManager.go:113","msg":"    \u001b[1mPass pre stage percentage\u001b[22m:            0.00%"}
{"level":"info","time":"2025-05-13T14:12:52.087+0530","caller":"jobmanager/JobSummaryManager.go:113","msg":"    \u001b[1mFailed pre stage percentage\u001b[22m:          0.00%"}
{"level":"info","time":"2025-05-13T14:12:52.087+0530","caller":"jobmanager/JobSummaryManager.go:113","msg":"    \u001b[1mPass test stage percentage\u001b[22m:           0.00%"}
{"level":"info","time":"2025-05-13T14:12:52.087+0530","caller":"jobmanager/JobSummaryManager.go:113","msg":"    \u001b[1mFailed test stage percentage\u001b[22m:         \u001b[91m100.00%\u001b[0m"}
{"level":"info","time":"2025-05-13T14:12:52.087+0530","caller":"jobmanager/JobSummaryManager.go:113","msg":"    \u001b[1mPass post stage percentage\u001b[22m:           0.00%"}
{"level":"info","time":"2025-05-13T14:12:52.087+0530","caller":"jobmanager/JobSummaryManager.go:113","msg":"    \u001b[1mFailed post stage percentage\u001b[22m:         \u001b[91m100.00%\u001b[0m"}
{"level":"info","time":"2025-05-13T14:12:52.087+0530","caller":"jobmanager/JobSummaryManager.go:113","msg":"    \u001b[1mFailed Tasks\u001b[22m:                         10"}
{"level":"info","time":"2025-05-13T14:12:52.087+0530","caller":"jobmanager/JobSummaryManager.go:58","msg":""}
{"level":"debug","time":"2025-05-13T14:13:20.888+0530","caller":"cmd/bin.go:385","msg":"Exiting application due to error Failed tasks found."}
{"level":"debug","time":"2025-05-13T14:13:20.888+0530","caller":"cmd/bin.go:346","msg":"main: all goroutines have finished."}
{"level":"debug","time":"2025-05-13T14:14:19.939+0530","caller":"cmd/bin.go:137","msg":"cli os: darwin, cli arch: arm64"}
{"level":"debug","time":"2025-05-13T14:14:20.848+0530","caller":"cmd/bin.go:146","msg":"Upstream version details: {Name:cli Min:0.2.195 Max:0.2.272} "}
{"level":"debug","time":"2025-05-13T14:14:24.091+0530","caller":"core/lifecycle.go:108","msg":"Setting environment"}
{"level":"debug","time":"2025-05-13T14:14:24.092+0530","caller":"core/lifecycle.go:111","msg":"Parsing config"}
{"level":"debug","time":"2025-05-13T14:14:24.093+0530","caller":"yamlconfigmanager/setup.go:717","msg":"Custom location for .hyperexecute.yaml specified. Using: hyperexecute.yaml"}
{"level":"debug","time":"2025-05-13T14:14:24.093+0530","caller":"yamlconfigmanager/setup.go:117","msg":"using hyperexecute config from : hyperexecute.yaml"}
{"level":"debug","time":"2025-05-13T14:14:24.985+0530","caller":"yamlconfigmanager/setup.go:2108","msg":"Autodetecting test type in files of path : /Users/dhakshath/Documents/KarateAPI"}
{"level":"debug","time":"2025-05-13T14:14:24.987+0530","caller":"yamlconfigmanager/setup.go:541","msg":"Tunnel: %!t(<nil>)"}
{"level":"info","time":"2025-05-13T14:14:24.987+0530","caller":"models/HypertestYamlConfig.go:874","msg":"\n\u001b[4m\u001b[1m\u001b[97mExecution Plan\u001b[0m\u001b[22m\u001b[24m"}
{"level":"info","time":"2025-05-13T14:14:24.987+0530","caller":"models/HypertestYamlConfig.go:675","msg":"Mode:    \u001b[36mautosplit\u001b[0m"}
{"level":"info","time":"2025-05-13T14:14:24.987+0530","caller":"models/HypertestYamlConfig.go:735","msg":"Runson:    \u001b[36mlinux\u001b[0m"}
{"level":"info","time":"2025-05-13T14:14:24.987+0530","caller":"models/HypertestYamlConfig.go:743","msg":"Concurrency:    \u001b[36m10\u001b[0m"}
{"level":"info","time":"2025-05-13T14:14:24.987+0530","caller":"models/HypertestYamlConfig.go:807","msg":"Report:    \u001b[36menabled\u001b[0m"}
{"level":"info","time":"2025-05-13T14:14:24.987+0530","caller":"models/HypertestYamlConfig.go:887","msg":""}
{"level":"debug","time":"2025-05-13T14:14:24.987+0530","caller":"filevalidator/setup.go:49","msg":"Warning: Checking data.json file in current directory, no dataJsonPath found in .hyperexecute.yaml"}
{"level":"debug","time":"2025-05-13T14:14:24.987+0530","caller":"filevalidator/setup.go:53","msg":"Warning: data.json file doesn't exist"}
{"level":"debug","time":"2025-05-13T14:14:26.793+0530","caller":"core/lifecycle.go:516","msg":"Job ID: b67f7bbf-2998-4d0d-bfc5-deab4391767e"}
{"level":"debug","time":"2025-05-13T14:14:26.793+0530","caller":"events/manager.go:95","msg":"Starting event manager"}
{"level":"debug","time":"2025-05-13T14:14:26.793+0530","caller":"events/manager.go:97","msg":"SSE enabled, getting SSE connection"}
{"level":"debug","time":"2025-05-13T14:14:27.369+0530","caller":"storage/azure.go:59","msg":"Payload size: 165.70 kB, source path /var/folders/d5/vhtnmxhj2cdbdlvq4jlw4dz00000gp/T/git.diff"}
{"level":"debug","time":"2025-05-13T14:14:27.873+0530","caller":"archivemanager/setup.go:340","msg":"digestMap: map[.gitignore:{6789880119083260772 539 .gitignore false} .hyperexecute.yaml:{14225722533048216837 3604 .hyperexecute.yaml false} .idea:{0 0 .idea true} .idea/.gitignore:{16279786366844463540 122 .idea/.gitignore false} .idea/gradle.xml:{4659657774069657883 558 .idea/gradle.xml false} .idea/misc.xml:{16225606672018911431 354 .idea/misc.xml false} .idea/vcs.xml:{110729305571302532 242 .idea/vcs.xml false} .idea/workspace.xml:{4422743183823632250 10873 .idea/workspace.xml false} build.gradle:{6402680117770863533 524 build.gradle false} cucumber_context.json:{10190887627203814083 8228 cucumber_context.json false} gradle:{0 0 gradle true} gradle/wrapper:{0 0 gradle/wrapper true} gradle/wrapper/gradle-wrapper.jar:{8142569059071412300 60756 gradle/wrapper/gradle-wrapper.jar false} gradle/wrapper/gradle-wrapper.properties:{5454816729783508739 231 gradle/wrapper/gradle-wrapper.properties false} gradlew:{7922637049471180284 8070 gradlew false} gradlew.bat:{16664544825820606439 2763 gradlew.bat false} hyperexecute.yaml:{5424043285422051368 699 hyperexecute.yaml false} settings.gradle:{14290926963802788158 30 settings.gradle false} snooper.log:{10362262988316453443 14464 snooper.log false} src:{0 0 src true} src/test:{0 0 src/test true} src/test/java:{0 0 src/test/java true} src/test/java/APIRunner.java:{7850812801501036521 1032 src/test/java/APIRunner.java false} src/test/java/ParallelRunner.java:{15835990256694852921 643 src/test/java/ParallelRunner.java false} src/test/java/TagRunner.java:{16225404343123923587 824 src/test/java/TagRunner.java false} src/test/java/TestRunner.java:{9767021977487237997 793 src/test/java/TestRunner.java false} src/test/resources:{0 0 src/test/resources true} src/test/resources/Karate-config.js:{16327507150798637260 338 src/test/resources/Karate-config.js false} src/test/resources/apis:{0 0 src/test/resources/apis true} src/test/resources/apis/features:{0 0 src/test/resources/apis/features true} src/test/resources/apis/features/DeleteRequest.feature:{7215814100712510453 302 src/test/resources/apis/features/DeleteRequest.feature false} src/test/resources/apis/features/GetRequest.feature:{15584434973548180755 977 src/test/resources/apis/features/GetRequest.feature false} src/test/resources/apis/features/PostRequest.feature:{14869628535307320508 964 src/test/resources/apis/features/PostRequest.feature false} src/test/resources/apis/features/PutRequest.feature:{12666796336522385911 357 src/test/resources/apis/features/PutRequest.feature false} src/test/resources/logback-test.xml:{6758398796316335698 711 src/test/resources/logback-test.xml false} target:{0 0 target true} target/karate.log:{16462827523834632322 448044 target/karate.log false}]"}
{"level":"debug","time":"2025-05-13T14:14:27.873+0530","caller":"archivemanager/setup.go:346","msg":"Creating archive of target directory: /Users/dhakshath/Documents/KarateAPI"}
{"level":"debug","time":"2025-05-13T14:14:27.887+0530","caller":"core/lifecycle.go:659","msg":"Zip file size: 2.45 kB"}
{"level":"debug","time":"2025-05-13T14:14:27.887+0530","caller":"core/lifecycle.go:669","msg":"Archive location: /Users/dhakshath/Documents/KarateAPI/hyperexecute-code-b67f7bbf-2998-4d0d-bfc5-deab4391767e.zip\n"}
{"level":"debug","time":"2025-05-13T14:14:27.887+0530","caller":"storage/azure.go:59","msg":"Payload size: 2.45 kB, source path /Users/dhakshath/Documents/KarateAPI/hyperexecute-code-b67f7bbf-2998-4d0d-bfc5-deab4391767e.zip"}
{"level":"debug","time":"2025-05-13T14:14:28.026+0530","caller":"events/manager.go:277","msg":"connection to hyperexecute server established successfully."}
{"level":"info","time":"2025-05-13T14:14:39.453+0530","caller":"storage/azure.go:114","msg":"File upload completed in 12.084233791s"}
{"level":"info","time":"2025-05-13T14:14:45.485+0530","caller":"storage/azure.go:114","msg":"File upload completed in 17.597967583s"}
{"level":"debug","time":"2025-05-13T14:14:45.485+0530","caller":"receptionmanager/setup.go:277","msg":"only one runtime entry detected, mapping it to older yaml format"}
{"level":"debug","time":"2025-05-13T14:14:45.486+0530","caller":"receptionmanager/setup.go:306","msg":"only one partialreports entry detected, mapping it to older yaml format"}
{"level":"debug","time":"2025-05-13T14:14:45.486+0530","caller":"receptionmanager/setup.go:184","msg":"Uploading yaml : /Users/dhakshath/Documents/KarateAPI/.updatedhyperexecute.yaml"}
{"level":"debug","time":"2025-05-13T14:14:45.486+0530","caller":"storage/azure.go:59","msg":"Payload size: 3.62 kB, source path /Users/dhakshath/Documents/KarateAPI/.updatedhyperexecute.yaml"}
{"level":"info","time":"2025-05-13T14:14:55.548+0530","caller":"storage/azure.go:114","msg":"File upload completed in 10.061330083s"}
{"level":"debug","time":"2025-05-13T14:14:55.548+0530","caller":"core/lifecycle.go:696","msg":"Successfully deleted code archive: /Users/dhakshath/Documents/KarateAPI/hyperexecute-code-b67f7bbf-2998-4d0d-bfc5-deab4391767e.zip\n"}
{"level":"debug","time":"2025-05-13T14:14:55.548+0530","caller":"storage/azure.go:59","msg":"Payload size: 692 B, source path mask-b67f7bbf-2998-4d0d-bfc5-deab4391767e.yaml"}
{"level":"info","time":"2025-05-13T14:15:05.619+0530","caller":"storage/azure.go:114","msg":"File upload completed in 10.070753208s"}
{"level":"debug","time":"2025-05-13T14:15:07.971+0530","caller":"jobmanager/sse_setup.go:199","msg":"Task id: HYPL-1530760-1747125906737711280GSQ"}
{"level":"debug","time":"2025-05-13T14:15:07.973+0530","caller":"jobmanager/sse_setup.go:200","msg":"Sending new task alert to stage manager for taskId: HYPL-1530760-1747125906737711280GSQ"}
{"level":"info","time":"2025-05-13T14:15:09.636+0530","caller":"jobmanager/sse_setup.go:85","msg":"\nJob \u001b[1m\u001b[4mb67f7bbf-2998-4d0d-bfc5-deab4391767e\u001b[24m\u001b[22m has started \u001b[97mRUNNING\u001b[0m"}
{"level":"info","time":"2025-05-13T14:15:09.636+0530","caller":"jobmanager/manager.go:143","msg":"Job Link: \u001b[4m\u001b[34mhttps://hyperexecute.lambdatest.com/hyperexecute/task?jobId=b67f7bbf-2998-4d0d-bfc5-deab4391767e\u001b[0m\u001b[24m\n"}
{"level":"info","time":"2025-05-13T14:15:15.832+0530","caller":"terminal/terminal.go:187","msg":"\u001b[32m✔\u001b[0m [1]  \u001b[2msetup-runtime (8s)\u001b[22m\n"}
{"level":"info","time":"2025-05-13T14:15:16.346+0530","caller":"terminal/terminal.go:187","msg":"\u001b[32m✔\u001b[0m [1]  \u001b[2mdiscovery (1s)\u001b[22m\n"}
{"level":"debug","time":"2025-05-13T14:15:17.169+0530","caller":"jobmanager/sse_setup.go:199","msg":"Task id: HYPL-1530760-1747125915429408881GYJ"}
{"level":"debug","time":"2025-05-13T14:15:17.170+0530","caller":"jobmanager/sse_setup.go:200","msg":"Sending new task alert to stage manager for taskId: HYPL-1530760-1747125915429408881GYJ"}
{"level":"debug","time":"2025-05-13T14:15:17.170+0530","caller":"jobmanager/sse_setup.go:199","msg":"Task id: HYPL-1530760-1747125915479417537PSR"}
{"level":"debug","time":"2025-05-13T14:15:17.170+0530","caller":"jobmanager/sse_setup.go:200","msg":"Sending new task alert to stage manager for taskId: HYPL-1530760-1747125915479417537PSR"}
{"level":"debug","time":"2025-05-13T14:15:17.170+0530","caller":"jobmanager/sse_setup.go:199","msg":"Task id: HYPL-1530760-1747125915540793802ERI"}
{"level":"debug","time":"2025-05-13T14:15:17.170+0530","caller":"jobmanager/sse_setup.go:200","msg":"Sending new task alert to stage manager for taskId: HYPL-1530760-1747125915540793802ERI"}
{"level":"debug","time":"2025-05-13T14:15:17.170+0530","caller":"jobmanager/sse_setup.go:199","msg":"Task id: HYPL-1530760-1747125915586566395FOI"}
{"level":"debug","time":"2025-05-13T14:15:17.170+0530","caller":"jobmanager/sse_setup.go:200","msg":"Sending new task alert to stage manager for taskId: HYPL-1530760-1747125915586566395FOI"}
{"level":"debug","time":"2025-05-13T14:15:17.170+0530","caller":"jobmanager/sse_setup.go:199","msg":"Task id: HYPL-1530760-1747125915633268813VQR"}
{"level":"debug","time":"2025-05-13T14:15:17.170+0530","caller":"jobmanager/sse_setup.go:200","msg":"Sending new task alert to stage manager for taskId: HYPL-1530760-1747125915633268813VQR"}
{"level":"debug","time":"2025-05-13T14:15:17.170+0530","caller":"jobmanager/sse_setup.go:199","msg":"Task id: HYPL-1530760-1747125915683296250KLS"}
{"level":"debug","time":"2025-05-13T14:15:17.170+0530","caller":"jobmanager/sse_setup.go:200","msg":"Sending new task alert to stage manager for taskId: HYPL-1530760-1747125915683296250KLS"}
{"level":"debug","time":"2025-05-13T14:15:17.170+0530","caller":"jobmanager/sse_setup.go:199","msg":"Task id: HYPL-1530760-1747125915764454258YRJ"}
{"level":"debug","time":"2025-05-13T14:15:17.170+0530","caller":"jobmanager/sse_setup.go:200","msg":"Sending new task alert to stage manager for taskId: HYPL-1530760-1747125915764454258YRJ"}
{"level":"debug","time":"2025-05-13T14:15:17.170+0530","caller":"jobmanager/sse_setup.go:199","msg":"Task id: HYPL-1530760-1747125915812464740MEN"}
{"level":"debug","time":"2025-05-13T14:15:17.170+0530","caller":"jobmanager/sse_setup.go:200","msg":"Sending new task alert to stage manager for taskId: HYPL-1530760-1747125915812464740MEN"}
{"level":"debug","time":"2025-05-13T14:15:17.170+0530","caller":"jobmanager/sse_setup.go:199","msg":"Task id: HYPL-1530760-1747125915872228312BTG"}
{"level":"debug","time":"2025-05-13T14:15:17.170+0530","caller":"jobmanager/sse_setup.go:200","msg":"Sending new task alert to stage manager for taskId: HYPL-1530760-1747125915872228312BTG"}
{"level":"debug","time":"2025-05-13T14:15:17.170+0530","caller":"jobmanager/sse_setup.go:199","msg":"Task id: HYPL-1530760-1747125915930473498OQT"}
{"level":"debug","time":"2025-05-13T14:15:17.170+0530","caller":"jobmanager/sse_setup.go:200","msg":"Sending new task alert to stage manager for taskId: HYPL-1530760-1747125915930473498OQT"}
{"level":"info","time":"2025-05-13T14:15:24.475+0530","caller":"terminal/terminal.go:187","msg":"\u001b[32m✔\u001b[0m [5]  \u001b[2msetup-runtime (6s)\u001b[22m\n"}
{"level":"info","time":"2025-05-13T14:15:24.638+0530","caller":"terminal/terminal.go:187","msg":"\u001b[32m✔\u001b[0m [7]  \u001b[2msetup-runtime (7s)\u001b[22m\n"}
{"level":"info","time":"2025-05-13T14:15:24.735+0530","caller":"terminal/terminal.go:187","msg":"\u001b[32m✔\u001b[0m [10]  \u001b[2msetup-runtime (7s)\u001b[22m\n"}
{"level":"info","time":"2025-05-13T14:15:26.336+0530","caller":"terminal/terminal.go:187","msg":"\u001b[32m✔\u001b[0m [2]  \u001b[2msetup-runtime (8s)\u001b[22m\n"}
{"level":"info","time":"2025-05-13T14:15:26.879+0530","caller":"terminal/terminal.go:187","msg":"\u001b[32m✔\u001b[0m [8]  \u001b[2msetup-runtime (9s)\u001b[22m\n"}
{"level":"info","time":"2025-05-13T14:15:29.715+0530","caller":"terminal/terminal.go:187","msg":"\u001b[32m✔\u001b[0m [11]  \u001b[2msetup-runtime (12s)\u001b[22m\n"}
{"level":"info","time":"2025-05-13T14:15:30.407+0530","caller":"terminal/terminal.go:187","msg":"\u001b[32m✔\u001b[0m [3]  \u001b[2msetup-runtime (12s)\u001b[22m\n"}
{"level":"info","time":"2025-05-13T14:15:31.124+0530","caller":"terminal/terminal.go:187","msg":"\u001b[32m✔\u001b[0m [6]  \u001b[2msetup-runtime (13s)\u001b[22m\n"}
{"level":"info","time":"2025-05-13T14:15:42.039+0530","caller":"terminal/terminal.go:187","msg":"\u001b[32m✔\u001b[0m [9]  \u001b[2msetup-runtime (24s)\u001b[22m\n"}
{"level":"info","time":"2025-05-13T14:15:42.040+0530","caller":"terminal/terminal.go:187","msg":"\u001b[32m✔\u001b[0m [4]  \u001b[2msetup-runtime (24s)\u001b[22m\n"}
{"level":"info","time":"2025-05-13T14:15:45.735+0530","caller":"terminal/terminal.go:187","msg":"\u001b[91mx\u001b[0m [10]  \u001b[2msrc/test/resources/apis/features/PostRequest.feature:26 (21s)\u001b[22m\n"}
{"level":"info","time":"2025-05-13T14:15:45.856+0530","caller":"terminal/terminal.go:187","msg":"\u001b[91mx\u001b[0m [7]  \u001b[2msrc/test/resources/apis/features/GetRequest.feature:38 (21s)\u001b[22m\n"}
{"level":"info","time":"2025-05-13T14:15:45.871+0530","caller":"terminal/terminal.go:187","msg":"\u001b[32m✔\u001b[0m [10]  \u001b[2mpost (1s)\u001b[22m\n"}
{"level":"info","time":"2025-05-13T14:15:45.989+0530","caller":"terminal/terminal.go:187","msg":"\u001b[32m✔\u001b[0m [7]  \u001b[2mpost (1s)\u001b[22m\n"}
{"level":"info","time":"2025-05-13T14:15:48.264+0530","caller":"terminal/terminal.go:187","msg":"\u001b[91mx\u001b[0m [5]  \u001b[2msrc/test/resources/apis/features/PutRequest.feature:10 (23s)\u001b[22m\n"}
{"level":"info","time":"2025-05-13T14:15:48.394+0530","caller":"terminal/terminal.go:187","msg":"\u001b[32m✔\u001b[0m [5]  \u001b[2mpost (0s)\u001b[22m\n"}
{"level":"info","time":"2025-05-13T14:15:52.509+0530","caller":"terminal/terminal.go:187","msg":"\u001b[91mx\u001b[0m [8]  \u001b[2msrc/test/resources/apis/features/PostRequest.feature:34 (24s)\u001b[22m\n"}
{"level":"info","time":"2025-05-13T14:15:52.626+0530","caller":"terminal/terminal.go:187","msg":"\u001b[32m✔\u001b[0m [8]  \u001b[2mpost (1s)\u001b[22m\n"}
{"level":"info","time":"2025-05-13T14:15:56.934+0530","caller":"terminal/terminal.go:187","msg":"\u001b[91mx\u001b[0m [11]  \u001b[2msrc/test/resources/apis/features/PostRequest.feature:10 (24s)\u001b[22m\n"}
{"level":"info","time":"2025-05-13T14:15:56.989+0530","caller":"terminal/terminal.go:187","msg":"\u001b[91mx\u001b[0m [2]  \u001b[2msrc/test/resources/apis/features/GetRequest.feature:30 (30s)\u001b[22m\n"}
{"level":"info","time":"2025-05-13T14:15:57.069+0530","caller":"terminal/terminal.go:187","msg":"\u001b[32m✔\u001b[0m [11]  \u001b[2mpost (1s)\u001b[22m\n"}
{"level":"info","time":"2025-05-13T14:15:57.140+0530","caller":"terminal/terminal.go:187","msg":"\u001b[32m✔\u001b[0m [2]  \u001b[2mpost (0s)\u001b[22m\n"}
{"level":"info","time":"2025-05-13T14:16:00.261+0530","caller":"terminal/terminal.go:187","msg":"\u001b[91mx\u001b[0m [6]  \u001b[2msrc/test/resources/apis/features/DeleteRequest.feature:10 (25s)\u001b[22m\n"}
{"level":"info","time":"2025-05-13T14:16:00.320+0530","caller":"terminal/terminal.go:187","msg":"\u001b[91mx\u001b[0m [3]  \u001b[2msrc/test/resources/apis/features/PostRequest.feature:18 (26s)\u001b[22m\n"}
{"level":"info","time":"2025-05-13T14:16:00.391+0530","caller":"terminal/terminal.go:187","msg":"\u001b[32m✔\u001b[0m [6]  \u001b[2mpost (0s)\u001b[22m\n"}
{"level":"info","time":"2025-05-13T14:16:00.456+0530","caller":"terminal/terminal.go:187","msg":"\u001b[32m✔\u001b[0m [3]  \u001b[2mpost (0s)\u001b[22m\n"}
{"level":"info","time":"2025-05-13T14:16:08.587+0530","caller":"terminal/terminal.go:187","msg":"\u001b[91mx\u001b[0m [9]  \u001b[2msrc/test/resources/apis/features/GetRequest.feature:23 (26s)\u001b[22m\n"}
{"level":"info","time":"2025-05-13T14:16:08.664+0530","caller":"terminal/terminal.go:187","msg":"\u001b[91mx\u001b[0m [4]  \u001b[2msrc/test/resources/apis/features/GetRequest.feature:16 (26s)\u001b[22m\n"}
{"level":"info","time":"2025-05-13T14:16:08.739+0530","caller":"terminal/terminal.go:187","msg":"\u001b[32m✔\u001b[0m [9]  \u001b[2mpost (1s)\u001b[22m\n"}
{"level":"info","time":"2025-05-13T14:16:08.790+0530","caller":"terminal/terminal.go:187","msg":"\u001b[32m✔\u001b[0m [4]  \u001b[2mpost (1s)\u001b[22m\n"}
{"level":"debug","time":"2025-05-13T14:16:10.742+0530","caller":"jobmanager/sse_setup.go:141","msg":"\n\nJob status"}
{"level":"info","time":"2025-05-13T14:16:10.742+0530","caller":"core/lifecycle.go:781","msg":"taskId:HYPL-1530760-1747125915429408881GYJ has failed with remark: error in running test suites - step 1 - exit status 1\n"}
{"level":"info","time":"2025-05-13T14:16:10.742+0530","caller":"core/lifecycle.go:781","msg":"taskId:HYPL-1530760-1747125915479417537PSR has failed with remark: error in running test suites - step 1 - exit status 1\n"}
{"level":"info","time":"2025-05-13T14:16:10.742+0530","caller":"core/lifecycle.go:781","msg":"taskId:HYPL-1530760-1747125915540793802ERI has failed with remark: error in running test suites - step 1 - exit status 1\n"}
{"level":"info","time":"2025-05-13T14:16:10.742+0530","caller":"core/lifecycle.go:781","msg":"taskId:HYPL-1530760-1747125915586566395FOI has failed with remark: error in running test suites - step 1 - exit status 1\n"}
{"level":"info","time":"2025-05-13T14:16:10.742+0530","caller":"core/lifecycle.go:781","msg":"taskId:HYPL-1530760-1747125915633268813VQR has failed with remark: error in running test suites - step 1 - exit status 1\n"}
{"level":"info","time":"2025-05-13T14:16:10.742+0530","caller":"core/lifecycle.go:781","msg":"taskId:HYPL-1530760-1747125915683296250KLS has failed with remark: error in running test suites - step 1 - exit status 1\n"}
{"level":"info","time":"2025-05-13T14:16:10.742+0530","caller":"core/lifecycle.go:781","msg":"taskId:HYPL-1530760-1747125915764454258YRJ has failed with remark: error in running test suites - step 1 - exit status 1\n"}
{"level":"info","time":"2025-05-13T14:16:10.742+0530","caller":"core/lifecycle.go:781","msg":"taskId:HYPL-1530760-1747125915812464740MEN has failed with remark: error in running test suites - step 1 - exit status 1\n"}
{"level":"info","time":"2025-05-13T14:16:10.743+0530","caller":"core/lifecycle.go:781","msg":"taskId:HYPL-1530760-1747125915872228312BTG has failed with remark: error in running test suites - step 1 - exit status 1\n"}
{"level":"info","time":"2025-05-13T14:16:10.743+0530","caller":"core/lifecycle.go:781","msg":"taskId:HYPL-1530760-1747125915930473498OQT has failed with remark: error in running test suites - step 1 - exit status 1\n"}
{"level":"debug","time":"2025-05-13T14:16:10.743+0530","caller":"core/lifecycle.go:874","msg":"Context canceled"}
{"level":"info","time":"2025-05-13T14:16:10.743+0530","caller":"core/lifecycle.go:877","msg":"\u001b[2mStopping pipeline gracefully\u001b[22m"}
{"level":"error","time":"2025-05-13T14:16:10.743+0530","caller":"core/lifecycle.go:880","msg":"2025-05-13T14:14:18+05:30    error    Exiting with error: Failed tasks found."}
{"level":"info","time":"2025-05-13T14:16:10.743+0530","caller":"jobmanager/manager.go:143","msg":"Job Link: \u001b[4m\u001b[34mhttps://hyperexecute.lambdatest.com/hyperexecute/task?jobId=b67f7bbf-2998-4d0d-bfc5-deab4391767e\u001b[0m\u001b[24m\n"}
{"level":"debug","time":"2025-05-13T14:16:10.743+0530","caller":"core/lifecycle.go:59","msg":"Quit requested from main goroutine...."}
{"level":"debug","time":"2025-05-13T14:16:10.743+0530","caller":"core/lifecycle.go:60","msg":"Waiting for the goroutines to exit"}
{"level":"info","time":"2025-05-13T14:16:11.541+0530","caller":"jobmanager/JobSummaryManager.go:54","msg":"\n\u001b[101m FAILED \u001b[0m\n"}
{"level":"info","time":"2025-05-13T14:16:11.542+0530","caller":"jobmanager/JobSummaryManager.go:113","msg":"    \u001b[1mTest Execution Time\u001b[22m:                  \u001b[91m43s\u001b[0m"}
{"level":"info","time":"2025-05-13T14:16:11.542+0530","caller":"jobmanager/JobSummaryManager.go:113","msg":"    \u001b[1mJob Duration Time\u001b[22m:                    1m0s"}
{"level":"info","time":"2025-05-13T14:16:11.542+0530","caller":"jobmanager/JobSummaryManager.go:113","msg":"    \u001b[1mTotal Tasks\u001b[22m:                          11"}
{"level":"info","time":"2025-05-13T14:16:11.542+0530","caller":"jobmanager/JobSummaryManager.go:113","msg":"    \u001b[1mCumulative Time Consumed\u001b[22m:             6m30s"}
{"level":"info","time":"2025-05-13T14:16:11.542+0530","caller":"jobmanager/JobSummaryManager.go:113","msg":"    \u001b[1mTotal Stages\u001b[22m:                         21"}
{"level":"info","time":"2025-05-13T14:16:11.542+0530","caller":"jobmanager/JobSummaryManager.go:113","msg":"    \u001b[1mPass discovery stage percentage\u001b[22m:      100.00%"}
{"level":"info","time":"2025-05-13T14:16:11.542+0530","caller":"jobmanager/JobSummaryManager.go:113","msg":"    \u001b[1mFailed discovery stage percentage\u001b[22m:    0.00%"}
{"level":"info","time":"2025-05-13T14:16:11.542+0530","caller":"jobmanager/JobSummaryManager.go:113","msg":"    \u001b[1mPass pre stage percentage\u001b[22m:            0.00%"}
{"level":"info","time":"2025-05-13T14:16:11.542+0530","caller":"jobmanager/JobSummaryManager.go:113","msg":"    \u001b[1mFailed pre stage percentage\u001b[22m:          0.00%"}
{"level":"info","time":"2025-05-13T14:16:11.542+0530","caller":"jobmanager/JobSummaryManager.go:113","msg":"    \u001b[1mPass test stage percentage\u001b[22m:           0.00%"}
{"level":"info","time":"2025-05-13T14:16:11.542+0530","caller":"jobmanager/JobSummaryManager.go:113","msg":"    \u001b[1mFailed test stage percentage\u001b[22m:         \u001b[91m100.00%\u001b[0m"}
{"level":"info","time":"2025-05-13T14:16:11.543+0530","caller":"jobmanager/JobSummaryManager.go:113","msg":"    \u001b[1mPass post stage percentage\u001b[22m:           \u001b[92m100.00%\u001b[0m"}
{"level":"info","time":"2025-05-13T14:16:11.543+0530","caller":"jobmanager/JobSummaryManager.go:113","msg":"    \u001b[1mFailed post stage percentage\u001b[22m:         0.00%"}
{"level":"info","time":"2025-05-13T14:16:11.543+0530","caller":"jobmanager/JobSummaryManager.go:113","msg":"    \u001b[1mFailed Tasks\u001b[22m:                         10"}
{"level":"info","time":"2025-05-13T14:16:11.543+0530","caller":"jobmanager/JobSummaryManager.go:58","msg":""}
{"level":"debug","time":"2025-05-13T14:16:40.744+0530","caller":"cmd/bin.go:346","msg":"main: all goroutines have finished."}
{"level":"debug","time":"2025-05-13T14:16:40.744+0530","caller":"cmd/bin.go:385","msg":"Exiting application due to error Failed tasks found."}
{"level":"debug","time":"2025-05-13T14:17:12.803+0530","caller":"cmd/bin.go:137","msg":"cli os: darwin, cli arch: arm64"}
{"level":"debug","time":"2025-05-13T14:17:13.613+0530","caller":"cmd/bin.go:146","msg":"Upstream version details: {Name:cli Min:0.2.195 Max:0.2.272} "}
{"level":"debug","time":"2025-05-13T14:17:16.819+0530","caller":"core/lifecycle.go:108","msg":"Setting environment"}
{"level":"debug","time":"2025-05-13T14:17:16.820+0530","caller":"core/lifecycle.go:111","msg":"Parsing config"}
{"level":"debug","time":"2025-05-13T14:17:16.820+0530","caller":"yamlconfigmanager/setup.go:717","msg":"Custom location for .hyperexecute.yaml specified. Using: hyperexecute.yaml"}
{"level":"debug","time":"2025-05-13T14:17:16.820+0530","caller":"yamlconfigmanager/setup.go:117","msg":"using hyperexecute config from : hyperexecute.yaml"}
{"level":"debug","time":"2025-05-13T14:17:17.703+0530","caller":"yamlconfigmanager/setup.go:2108","msg":"Autodetecting test type in files of path : /Users/dhakshath/Documents/KarateAPI"}
{"level":"debug","time":"2025-05-13T14:17:17.705+0530","caller":"yamlconfigmanager/setup.go:541","msg":"Tunnel: %!t(<nil>)"}
{"level":"info","time":"2025-05-13T14:17:17.705+0530","caller":"models/HypertestYamlConfig.go:874","msg":"\n\u001b[4m\u001b[1m\u001b[97mExecution Plan\u001b[0m\u001b[22m\u001b[24m"}
{"level":"info","time":"2025-05-13T14:17:17.705+0530","caller":"models/HypertestYamlConfig.go:675","msg":"Mode:    \u001b[36mautosplit\u001b[0m"}
{"level":"info","time":"2025-05-13T14:17:17.705+0530","caller":"models/HypertestYamlConfig.go:735","msg":"Runson:    \u001b[36mlinux\u001b[0m"}
{"level":"info","time":"2025-05-13T14:17:17.705+0530","caller":"models/HypertestYamlConfig.go:743","msg":"Concurrency:    \u001b[36m10\u001b[0m"}
{"level":"info","time":"2025-05-13T14:17:17.705+0530","caller":"models/HypertestYamlConfig.go:807","msg":"Report:    \u001b[36menabled\u001b[0m"}
{"level":"info","time":"2025-05-13T14:17:17.705+0530","caller":"models/HypertestYamlConfig.go:887","msg":""}
{"level":"debug","time":"2025-05-13T14:17:17.705+0530","caller":"filevalidator/setup.go:49","msg":"Warning: Checking data.json file in current directory, no dataJsonPath found in .hyperexecute.yaml"}
{"level":"debug","time":"2025-05-13T14:17:17.706+0530","caller":"filevalidator/setup.go:53","msg":"Warning: data.json file doesn't exist"}
{"level":"debug","time":"2025-05-13T14:17:19.595+0530","caller":"core/lifecycle.go:516","msg":"Job ID: 5fbc6e2e-c5a4-4940-b57a-7720cd070edf"}
{"level":"debug","time":"2025-05-13T14:17:19.595+0530","caller":"events/manager.go:95","msg":"Starting event manager"}
{"level":"debug","time":"2025-05-13T14:17:19.596+0530","caller":"events/manager.go:97","msg":"SSE enabled, getting SSE connection"}
{"level":"debug","time":"2025-05-13T14:17:20.209+0530","caller":"storage/azure.go:59","msg":"Payload size: 190.53 kB, source path /var/folders/d5/vhtnmxhj2cdbdlvq4jlw4dz00000gp/T/git.diff"}
{"level":"debug","time":"2025-05-13T14:17:20.748+0530","caller":"archivemanager/setup.go:340","msg":"digestMap: map[.gitignore:{6789880119083260772 539 .gitignore false} .idea:{0 0 .idea true} .idea/.gitignore:{16279786366844463540 122 .idea/.gitignore false} .idea/gradle.xml:{4659657774069657883 558 .idea/gradle.xml false} .idea/misc.xml:{16225606672018911431 354 .idea/misc.xml false} .idea/vcs.xml:{110729305571302532 242 .idea/vcs.xml false} .idea/workspace.xml:{4422743183823632250 10873 .idea/workspace.xml false} build.gradle:{6402680117770863533 524 build.gradle false} cucumber_context.json:{10190887627203814083 8228 cucumber_context.json false} gradle:{0 0 gradle true} gradle/wrapper:{0 0 gradle/wrapper true} gradle/wrapper/gradle-wrapper.jar:{8142569059071412300 60756 gradle/wrapper/gradle-wrapper.jar false} gradle/wrapper/gradle-wrapper.properties:{5454816729783508739 231 gradle/wrapper/gradle-wrapper.properties false} gradlew:{7922637049471180284 8070 gradlew false} gradlew.bat:{16664544825820606439 2763 gradlew.bat false} hyperexecute.yaml:{15860534987944153469 725 hyperexecute.yaml false} hyperexecute__metadata__.json:{8720704765352721524 51 hyperexecute__metadata__.json false} settings.gradle:{14290926963802788158 30 settings.gradle false} snooper.log:{10362262988316453443 14464 snooper.log false} src:{0 0 src true} src/test:{0 0 src/test true} src/test/java:{0 0 src/test/java true} src/test/java/APIRunner.java:{7850812801501036521 1032 src/test/java/APIRunner.java false} src/test/java/ParallelRunner.java:{15835990256694852921 643 src/test/java/ParallelRunner.java false} src/test/java/TagRunner.java:{16225404343123923587 824 src/test/java/TagRunner.java false} src/test/java/TestRunner.java:{9767021977487237997 793 src/test/java/TestRunner.java false} src/test/resources:{0 0 src/test/resources true} src/test/resources/Karate-config.js:{16327507150798637260 338 src/test/resources/Karate-config.js false} src/test/resources/apis:{0 0 src/test/resources/apis true} src/test/resources/apis/features:{0 0 src/test/resources/apis/features true} src/test/resources/apis/features/DeleteRequest.feature:{7215814100712510453 302 src/test/resources/apis/features/DeleteRequest.feature false} src/test/resources/apis/features/GetRequest.feature:{15584434973548180755 977 src/test/resources/apis/features/GetRequest.feature false} src/test/resources/apis/features/PostRequest.feature:{14869628535307320508 964 src/test/resources/apis/features/PostRequest.feature false} src/test/resources/apis/features/PutRequest.feature:{12666796336522385911 357 src/test/resources/apis/features/PutRequest.feature false} src/test/resources/logback-test.xml:{6758398796316335698 711 src/test/resources/logback-test.xml false} target:{0 0 target true} target/karate.log:{16462827523834632322 448044 target/karate.log false}]"}
{"level":"debug","time":"2025-05-13T14:17:20.748+0530","caller":"archivemanager/setup.go:346","msg":"Creating archive of target directory: /Users/dhakshath/Documents/KarateAPI"}
{"level":"debug","time":"2025-05-13T14:17:20.763+0530","caller":"core/lifecycle.go:659","msg":"Zip file size: 2.47 kB"}
{"level":"debug","time":"2025-05-13T14:17:20.763+0530","caller":"core/lifecycle.go:669","msg":"Archive location: /Users/dhakshath/Documents/KarateAPI/hyperexecute-code-5fbc6e2e-c5a4-4940-b57a-7720cd070edf.zip\n"}
{"level":"debug","time":"2025-05-13T14:17:20.763+0530","caller":"storage/azure.go:59","msg":"Payload size: 2.47 kB, source path /Users/dhakshath/Documents/KarateAPI/hyperexecute-code-5fbc6e2e-c5a4-4940-b57a-7720cd070edf.zip"}
{"level":"debug","time":"2025-05-13T14:17:21.083+0530","caller":"events/manager.go:277","msg":"connection to hyperexecute server established successfully."}
{"level":"info","time":"2025-05-13T14:17:32.293+0530","caller":"storage/azure.go:114","msg":"File upload completed in 12.08413s"}
{"level":"info","time":"2025-05-13T14:17:38.332+0530","caller":"storage/azure.go:114","msg":"File upload completed in 17.569073042s"}
{"level":"debug","time":"2025-05-13T14:17:38.332+0530","caller":"receptionmanager/setup.go:277","msg":"only one runtime entry detected, mapping it to older yaml format"}
{"level":"debug","time":"2025-05-13T14:17:38.333+0530","caller":"receptionmanager/setup.go:306","msg":"only one partialreports entry detected, mapping it to older yaml format"}
{"level":"debug","time":"2025-05-13T14:17:38.333+0530","caller":"receptionmanager/setup.go:184","msg":"Uploading yaml : /Users/dhakshath/Documents/KarateAPI/.updatedhyperexecute.yaml"}
{"level":"debug","time":"2025-05-13T14:17:38.333+0530","caller":"storage/azure.go:59","msg":"Payload size: 3.64 kB, source path /Users/dhakshath/Documents/KarateAPI/.updatedhyperexecute.yaml"}
{"level":"info","time":"2025-05-13T14:17:48.402+0530","caller":"storage/azure.go:114","msg":"File upload completed in 10.069104709s"}
{"level":"debug","time":"2025-05-13T14:17:48.402+0530","caller":"core/lifecycle.go:696","msg":"Successfully deleted code archive: /Users/dhakshath/Documents/KarateAPI/hyperexecute-code-5fbc6e2e-c5a4-4940-b57a-7720cd070edf.zip\n"}
{"level":"debug","time":"2025-05-13T14:17:48.403+0530","caller":"storage/azure.go:59","msg":"Payload size: 707 B, source path mask-5fbc6e2e-c5a4-4940-b57a-7720cd070edf.yaml"}
{"level":"info","time":"2025-05-13T14:17:58.498+0530","caller":"storage/azure.go:114","msg":"File upload completed in 10.095740333s"}
{"level":"debug","time":"2025-05-13T14:18:00.595+0530","caller":"jobmanager/sse_setup.go:199","msg":"Task id: HYPL-1530760-1747126079462763851RBR"}
{"level":"debug","time":"2025-05-13T14:18:00.595+0530","caller":"jobmanager/sse_setup.go:200","msg":"Sending new task alert to stage manager for taskId: HYPL-1530760-1747126079462763851RBR"}
{"level":"info","time":"2025-05-13T14:18:02.430+0530","caller":"jobmanager/sse_setup.go:85","msg":"\nJob \u001b[1m\u001b[4m5fbc6e2e-c5a4-4940-b57a-7720cd070edf\u001b[24m\u001b[22m has started \u001b[97mRUNNING\u001b[0m"}
{"level":"info","time":"2025-05-13T14:18:02.430+0530","caller":"jobmanager/manager.go:143","msg":"Job Link: \u001b[4m\u001b[34mhttps://hyperexecute.lambdatest.com/hyperexecute/task?jobId=5fbc6e2e-c5a4-4940-b57a-7720cd070edf\u001b[0m\u001b[24m\n"}
{"level":"info","time":"2025-05-13T14:18:08.293+0530","caller":"terminal/terminal.go:187","msg":"\u001b[32m✔\u001b[0m [1]  \u001b[2msetup-runtime (7s)\u001b[22m\n"}
{"level":"info","time":"2025-05-13T14:18:08.674+0530","caller":"terminal/terminal.go:187","msg":"\u001b[32m✔\u001b[0m [1]  \u001b[2mdiscovery (1s)\u001b[22m\n"}
{"level":"debug","time":"2025-05-13T14:18:09.618+0530","caller":"jobmanager/sse_setup.go:199","msg":"Task id: HYPL-1530760-1747126087824073476NCV"}
{"level":"debug","time":"2025-05-13T14:18:09.618+0530","caller":"jobmanager/sse_setup.go:200","msg":"Sending new task alert to stage manager for taskId: HYPL-1530760-1747126087824073476NCV"}
{"level":"debug","time":"2025-05-13T14:18:09.618+0530","caller":"jobmanager/sse_setup.go:199","msg":"Task id: HYPL-1530760-1747126087859846811VDO"}
{"level":"debug","time":"2025-05-13T14:18:09.619+0530","caller":"jobmanager/sse_setup.go:200","msg":"Sending new task alert to stage manager for taskId: HYPL-1530760-1747126087859846811VDO"}
{"level":"debug","time":"2025-05-13T14:18:09.619+0530","caller":"jobmanager/sse_setup.go:199","msg":"Task id: HYPL-1530760-1747126087898950229CVO"}
{"level":"debug","time":"2025-05-13T14:18:09.619+0530","caller":"jobmanager/sse_setup.go:200","msg":"Sending new task alert to stage manager for taskId: HYPL-1530760-1747126087898950229CVO"}
{"level":"debug","time":"2025-05-13T14:18:09.619+0530","caller":"jobmanager/sse_setup.go:199","msg":"Task id: HYPL-1530760-1747126087939074846RSL"}
{"level":"debug","time":"2025-05-13T14:18:09.619+0530","caller":"jobmanager/sse_setup.go:200","msg":"Sending new task alert to stage manager for taskId: HYPL-1530760-1747126087939074846RSL"}
{"level":"debug","time":"2025-05-13T14:18:09.619+0530","caller":"jobmanager/sse_setup.go:199","msg":"Task id: HYPL-1530760-1747126087988141398HNA"}
{"level":"debug","time":"2025-05-13T14:18:09.619+0530","caller":"jobmanager/sse_setup.go:200","msg":"Sending new task alert to stage manager for taskId: HYPL-1530760-1747126087988141398HNA"}
{"level":"debug","time":"2025-05-13T14:18:09.619+0530","caller":"jobmanager/sse_setup.go:199","msg":"Task id: HYPL-1530760-1747126088029924028LGD"}
{"level":"debug","time":"2025-05-13T14:18:09.619+0530","caller":"jobmanager/sse_setup.go:200","msg":"Sending new task alert to stage manager for taskId: HYPL-1530760-1747126088029924028LGD"}
{"level":"debug","time":"2025-05-13T14:18:09.619+0530","caller":"jobmanager/sse_setup.go:199","msg":"Task id: HYPL-1530760-1747126088069221822KPB"}
{"level":"debug","time":"2025-05-13T14:18:09.619+0530","caller":"jobmanager/sse_setup.go:200","msg":"Sending new task alert to stage manager for taskId: HYPL-1530760-1747126088069221822KPB"}
{"level":"debug","time":"2025-05-13T14:18:09.619+0530","caller":"jobmanager/sse_setup.go:199","msg":"Task id: HYPL-1530760-1747126088102270299JQP"}
{"level":"debug","time":"2025-05-13T14:18:09.619+0530","caller":"jobmanager/sse_setup.go:200","msg":"Sending new task alert to stage manager for taskId: HYPL-1530760-1747126088102270299JQP"}
{"level":"debug","time":"2025-05-13T14:18:09.619+0530","caller":"jobmanager/sse_setup.go:199","msg":"Task id: HYPL-1530760-1747126088140224936LSG"}
{"level":"debug","time":"2025-05-13T14:18:09.619+0530","caller":"jobmanager/sse_setup.go:200","msg":"Sending new task alert to stage manager for taskId: HYPL-1530760-1747126088140224936LSG"}
{"level":"debug","time":"2025-05-13T14:18:09.619+0530","caller":"jobmanager/sse_setup.go:199","msg":"Task id: HYPL-1530760-1747126088175622146OPT"}
{"level":"debug","time":"2025-05-13T14:18:09.619+0530","caller":"jobmanager/sse_setup.go:200","msg":"Sending new task alert to stage manager for taskId: HYPL-1530760-1747126088175622146OPT"}
{"level":"info","time":"2025-05-13T14:18:17.082+0530","caller":"terminal/terminal.go:187","msg":"\u001b[32m✔\u001b[0m [6]  \u001b[2msetup-runtime (7s)\u001b[22m\n"}
{"level":"info","time":"2025-05-13T14:18:17.685+0530","caller":"terminal/terminal.go:187","msg":"\u001b[32m✔\u001b[0m [7]  \u001b[2msetup-runtime (8s)\u001b[22m\n"}
{"level":"info","time":"2025-05-13T14:18:18.210+0530","caller":"terminal/terminal.go:187","msg":"\u001b[32m✔\u001b[0m [8]  \u001b[2msetup-runtime (7s)\u001b[22m\n"}
{"level":"info","time":"2025-05-13T14:18:18.707+0530","caller":"terminal/terminal.go:187","msg":"\u001b[32m✔\u001b[0m [9]  \u001b[2msetup-runtime (8s)\u001b[22m\n"}
{"level":"info","time":"2025-05-13T14:18:18.880+0530","caller":"terminal/terminal.go:187","msg":"\u001b[32m✔\u001b[0m [2]  \u001b[2msetup-runtime (9s)\u001b[22m\n"}
{"level":"info","time":"2025-05-13T14:18:19.085+0530","caller":"terminal/terminal.go:187","msg":"\u001b[32m✔\u001b[0m [11]  \u001b[2msetup-runtime (9s)\u001b[22m\n"}
{"level":"info","time":"2025-05-13T14:18:21.934+0530","caller":"terminal/terminal.go:187","msg":"\u001b[32m✔\u001b[0m [4]  \u001b[2msetup-runtime (12s)\u001b[22m\n"}
{"level":"info","time":"2025-05-13T14:18:25.069+0530","caller":"terminal/terminal.go:187","msg":"\u001b[32m✔\u001b[0m [3]  \u001b[2msetup-runtime (14s)\u001b[22m\n"}
{"level":"info","time":"2025-05-13T14:18:32.691+0530","caller":"terminal/terminal.go:187","msg":"\u001b[32m✔\u001b[0m [10]  \u001b[2msetup-runtime (22s)\u001b[22m\n"}
{"level":"info","time":"2025-05-13T14:18:32.735+0530","caller":"terminal/terminal.go:187","msg":"\u001b[32m✔\u001b[0m [5]  \u001b[2msetup-runtime (22s)\u001b[22m\n"}
{"level":"info","time":"2025-05-13T14:18:36.750+0530","caller":"terminal/terminal.go:187","msg":"\u001b[91mx\u001b[0m [8]  \u001b[2msrc/test/resources/apis/features/PutRequest.feature:10 (17s)\u001b[22m\n"}
{"level":"info","time":"2025-05-13T14:18:36.751+0530","caller":"terminal/terminal.go:187","msg":"\u001b[32m✔\u001b[0m [8]  \u001b[2mpost (1s)\u001b[22m\n"}
{"level":"info","time":"2025-05-13T14:18:36.843+0530","caller":"terminal/terminal.go:187","msg":"\u001b[91mx\u001b[0m [7]  \u001b[2msrc/test/resources/apis/features/PostRequest.feature:10 (19s)\u001b[22m\n"}
{"level":"info","time":"2025-05-13T14:18:36.862+0530","caller":"terminal/terminal.go:187","msg":"\u001b[91mx\u001b[0m [6]  \u001b[2msrc/test/resources/apis/features/GetRequest.feature:23 (19s)\u001b[22m\n"}
{"level":"info","time":"2025-05-13T14:18:36.966+0530","caller":"terminal/terminal.go:187","msg":"\u001b[32m✔\u001b[0m [7]  \u001b[2mpost (1s)\u001b[22m\n"}
{"level":"info","time":"2025-05-13T14:18:36.975+0530","caller":"terminal/terminal.go:187","msg":"\u001b[32m✔\u001b[0m [6]  \u001b[2mpost (1s)\u001b[22m\n"}
{"level":"info","time":"2025-05-13T14:18:38.164+0530","caller":"terminal/terminal.go:187","msg":"\u001b[91mx\u001b[0m [9]  \u001b[2msrc/test/resources/apis/features/GetRequest.feature:30 (19s)\u001b[22m\n"}
{"level":"info","time":"2025-05-13T14:18:38.277+0530","caller":"terminal/terminal.go:187","msg":"\u001b[32m✔\u001b[0m [9]  \u001b[2mpost (0s)\u001b[22m\n"}
{"level":"info","time":"2025-05-13T14:18:40.224+0530","caller":"terminal/terminal.go:187","msg":"\u001b[91mx\u001b[0m [11]  \u001b[2msrc/test/resources/apis/features/GetRequest.feature:16 (20s)\u001b[22m\n"}
{"level":"info","time":"2025-05-13T14:18:40.355+0530","caller":"terminal/terminal.go:187","msg":"\u001b[32m✔\u001b[0m [11]  \u001b[2mpost (0s)\u001b[22m\n"}
{"level":"info","time":"2025-05-13T14:18:44.892+0530","caller":"terminal/terminal.go:187","msg":"\u001b[91mx\u001b[0m [2]  \u001b[2msrc/test/resources/apis/features/PostRequest.feature:26 (25s)\u001b[22m\n"}
{"level":"info","time":"2025-05-13T14:18:45.065+0530","caller":"terminal/terminal.go:187","msg":"\u001b[32m✔\u001b[0m [2]  \u001b[2mpost (1s)\u001b[22m\n"}
{"level":"info","time":"2025-05-13T14:18:48.562+0530","caller":"terminal/terminal.go:187","msg":"\u001b[91mx\u001b[0m [4]  \u001b[2msrc/test/resources/apis/features/GetRequest.feature:38 (26s)\u001b[22m\n"}
{"level":"info","time":"2025-05-13T14:18:48.696+0530","caller":"terminal/terminal.go:187","msg":"\u001b[32m✔\u001b[0m [4]  \u001b[2mpost (1s)\u001b[22m\n"}
{"level":"info","time":"2025-05-13T14:18:52.540+0530","caller":"terminal/terminal.go:187","msg":"\u001b[91mx\u001b[0m [3]  \u001b[2msrc/test/resources/apis/features/PostRequest.feature:34 (26s)\u001b[22m\n"}
{"level":"info","time":"2025-05-13T14:18:52.668+0530","caller":"terminal/terminal.go:187","msg":"\u001b[32m✔\u001b[0m [3]  \u001b[2mpost (1s)\u001b[22m\n"}
{"level":"info","time":"2025-05-13T14:18:56.761+0530","caller":"terminal/terminal.go:187","msg":"\u001b[91mx\u001b[0m [10]  \u001b[2msrc/test/resources/apis/features/PostRequest.feature:18 (23s)\u001b[22m\n"}
{"level":"info","time":"2025-05-13T14:18:56.888+0530","caller":"terminal/terminal.go:187","msg":"\u001b[32m✔\u001b[0m [10]  \u001b[2mpost (1s)\u001b[22m\n"}
{"level":"info","time":"2025-05-13T14:18:56.939+0530","caller":"terminal/terminal.go:187","msg":"\u001b[91mx\u001b[0m [5]  \u001b[2msrc/test/resources/apis/features/DeleteRequest.feature:10 (23s)\u001b[22m\n"}
{"level":"info","time":"2025-05-13T14:18:57.062+0530","caller":"terminal/terminal.go:187","msg":"\u001b[32m✔\u001b[0m [5]  \u001b[2mpost (1s)\u001b[22m\n"}
{"level":"debug","time":"2025-05-13T14:18:59.060+0530","caller":"jobmanager/sse_setup.go:141","msg":"\n\nJob status"}
{"level":"info","time":"2025-05-13T14:18:59.060+0530","caller":"core/lifecycle.go:781","msg":"taskId:HYPL-1530760-1747126087824073476NCV has failed with remark: error in running test suites - step 1 - exit status 1\n"}
{"level":"info","time":"2025-05-13T14:18:59.060+0530","caller":"core/lifecycle.go:781","msg":"taskId:HYPL-1530760-1747126087859846811VDO has failed with remark: error in running test suites - step 1 - exit status 1\n"}
{"level":"info","time":"2025-05-13T14:18:59.060+0530","caller":"core/lifecycle.go:781","msg":"taskId:HYPL-1530760-1747126087898950229CVO has failed with remark: error in running test suites - step 1 - exit status 1\n"}
{"level":"info","time":"2025-05-13T14:18:59.060+0530","caller":"core/lifecycle.go:781","msg":"taskId:HYPL-1530760-1747126087939074846RSL has failed with remark: error in running test suites - step 1 - exit status 1\n"}
{"level":"info","time":"2025-05-13T14:18:59.060+0530","caller":"core/lifecycle.go:781","msg":"taskId:HYPL-1530760-1747126087988141398HNA has failed with remark: error in running test suites - step 1 - exit status 1\n"}
{"level":"info","time":"2025-05-13T14:18:59.060+0530","caller":"core/lifecycle.go:781","msg":"taskId:HYPL-1530760-1747126088029924028LGD has failed with remark: error in running test suites - step 1 - exit status 1\n"}
{"level":"info","time":"2025-05-13T14:18:59.060+0530","caller":"core/lifecycle.go:781","msg":"taskId:HYPL-1530760-1747126088069221822KPB has failed with remark: error in running test suites - step 1 - exit status 1\n"}
{"level":"info","time":"2025-05-13T14:18:59.060+0530","caller":"core/lifecycle.go:781","msg":"taskId:HYPL-1530760-1747126088102270299JQP has failed with remark: error in running test suites - step 1 - exit status 1\n"}
{"level":"info","time":"2025-05-13T14:18:59.060+0530","caller":"core/lifecycle.go:781","msg":"taskId:HYPL-1530760-1747126088140224936LSG has failed with remark: error in running test suites - step 1 - exit status 1\n"}
{"level":"info","time":"2025-05-13T14:18:59.060+0530","caller":"core/lifecycle.go:781","msg":"taskId:HYPL-1530760-1747126088175622146OPT has failed with remark: error in running test suites - step 1 - exit status 1\n"}
{"level":"debug","time":"2025-05-13T14:18:59.061+0530","caller":"core/lifecycle.go:874","msg":"Context canceled"}
{"level":"info","time":"2025-05-13T14:18:59.061+0530","caller":"core/lifecycle.go:877","msg":"\u001b[2mStopping pipeline gracefully\u001b[22m"}
{"level":"error","time":"2025-05-13T14:18:59.061+0530","caller":"core/lifecycle.go:880","msg":"2025-05-13T14:17:11+05:30    error    Exiting with error: Failed tasks found."}
{"level":"info","time":"2025-05-13T14:18:59.061+0530","caller":"jobmanager/manager.go:143","msg":"Job Link: \u001b[4m\u001b[34mhttps://hyperexecute.lambdatest.com/hyperexecute/task?jobId=5fbc6e2e-c5a4-4940-b57a-7720cd070edf\u001b[0m\u001b[24m\n"}
{"level":"debug","time":"2025-05-13T14:18:59.061+0530","caller":"core/lifecycle.go:59","msg":"Quit requested from main goroutine...."}
{"level":"debug","time":"2025-05-13T14:18:59.061+0530","caller":"core/lifecycle.go:60","msg":"Waiting for the goroutines to exit"}
{"level":"info","time":"2025-05-13T14:18:59.858+0530","caller":"jobmanager/JobSummaryManager.go:54","msg":"\n\u001b[101m FAILED \u001b[0m\n"}
{"level":"info","time":"2025-05-13T14:18:59.858+0530","caller":"jobmanager/JobSummaryManager.go:113","msg":"    \u001b[1mTest Execution Time\u001b[22m:                  \u001b[91m38s\u001b[0m"}
{"level":"info","time":"2025-05-13T14:18:59.858+0530","caller":"jobmanager/JobSummaryManager.go:113","msg":"    \u001b[1mJob Duration Time\u001b[22m:                    56s"}
{"level":"info","time":"2025-05-13T14:18:59.858+0530","caller":"jobmanager/JobSummaryManager.go:113","msg":"    \u001b[1mTotal Tasks\u001b[22m:                          11"}
{"level":"info","time":"2025-05-13T14:18:59.858+0530","caller":"jobmanager/JobSummaryManager.go:113","msg":"    \u001b[1mCumulative Time Consumed\u001b[22m:             5m53s"}
{"level":"info","time":"2025-05-13T14:18:59.858+0530","caller":"jobmanager/JobSummaryManager.go:113","msg":"    \u001b[1mTotal Stages\u001b[22m:                         21"}
{"level":"info","time":"2025-05-13T14:18:59.858+0530","caller":"jobmanager/JobSummaryManager.go:113","msg":"    \u001b[1mPass discovery stage percentage\u001b[22m:      100.00%"}
{"level":"info","time":"2025-05-13T14:18:59.858+0530","caller":"jobmanager/JobSummaryManager.go:113","msg":"    \u001b[1mFailed discovery stage percentage\u001b[22m:    0.00%"}
{"level":"info","time":"2025-05-13T14:18:59.858+0530","caller":"jobmanager/JobSummaryManager.go:113","msg":"    \u001b[1mPass pre stage percentage\u001b[22m:            0.00%"}
{"level":"info","time":"2025-05-13T14:18:59.858+0530","caller":"jobmanager/JobSummaryManager.go:113","msg":"    \u001b[1mFailed pre stage percentage\u001b[22m:          0.00%"}
{"level":"info","time":"2025-05-13T14:18:59.858+0530","caller":"jobmanager/JobSummaryManager.go:113","msg":"    \u001b[1mPass test stage percentage\u001b[22m:           0.00%"}
{"level":"info","time":"2025-05-13T14:18:59.858+0530","caller":"jobmanager/JobSummaryManager.go:113","msg":"    \u001b[1mFailed test stage percentage\u001b[22m:         \u001b[91m100.00%\u001b[0m"}
{"level":"info","time":"2025-05-13T14:18:59.858+0530","caller":"jobmanager/JobSummaryManager.go:113","msg":"    \u001b[1mPass post stage percentage\u001b[22m:           \u001b[92m100.00%\u001b[0m"}
{"level":"info","time":"2025-05-13T14:18:59.858+0530","caller":"jobmanager/JobSummaryManager.go:113","msg":"    \u001b[1mFailed post stage percentage\u001b[22m:         0.00%"}
{"level":"info","time":"2025-05-13T14:18:59.858+0530","caller":"jobmanager/JobSummaryManager.go:113","msg":"    \u001b[1mFailed Tasks\u001b[22m:                         10"}
{"level":"info","time":"2025-05-13T14:18:59.858+0530","caller":"jobmanager/JobSummaryManager.go:58","msg":""}
{"level":"debug","time":"2025-05-13T14:19:29.062+0530","caller":"cmd/bin.go:385","msg":"Exiting application due to error Failed tasks found."}
{"level":"debug","time":"2025-05-13T14:19:29.062+0530","caller":"cmd/bin.go:346","msg":"main: all goroutines have finished."}
{"level":"debug","time":"2025-05-13T14:19:36.613+0530","caller":"cmd/bin.go:137","msg":"cli os: darwin, cli arch: arm64"}
{"level":"debug","time":"2025-05-13T14:19:37.387+0530","caller":"cmd/bin.go:146","msg":"Upstream version details: {Name:cli Min:0.2.195 Max:0.2.272} "}
{"level":"debug","time":"2025-05-13T14:19:40.447+0530","caller":"core/lifecycle.go:108","msg":"Setting environment"}
{"level":"debug","time":"2025-05-13T14:19:40.447+0530","caller":"core/lifecycle.go:111","msg":"Parsing config"}
{"level":"debug","time":"2025-05-13T14:19:40.447+0530","caller":"yamlconfigmanager/setup.go:717","msg":"Custom location for .hyperexecute.yaml specified. Using: hyperexecute.yaml"}
{"level":"debug","time":"2025-05-13T14:19:40.447+0530","caller":"yamlconfigmanager/setup.go:117","msg":"using hyperexecute config from : hyperexecute.yaml"}
{"level":"debug","time":"2025-05-13T14:19:41.404+0530","caller":"yamlconfigmanager/setup.go:2108","msg":"Autodetecting test type in files of path : /Users/dhakshath/Documents/KarateAPI"}
{"level":"debug","time":"2025-05-13T14:19:41.405+0530","caller":"yamlconfigmanager/setup.go:541","msg":"Tunnel: %!t(<nil>)"}
{"level":"info","time":"2025-05-13T14:19:41.405+0530","caller":"models/HypertestYamlConfig.go:874","msg":"\n\u001b[4m\u001b[1m\u001b[97mExecution Plan\u001b[0m\u001b[22m\u001b[24m"}
{"level":"info","time":"2025-05-13T14:19:41.405+0530","caller":"models/HypertestYamlConfig.go:675","msg":"Mode:    \u001b[36mautosplit\u001b[0m"}
{"level":"info","time":"2025-05-13T14:19:41.405+0530","caller":"models/HypertestYamlConfig.go:735","msg":"Runson:    \u001b[36mlinux\u001b[0m"}
{"level":"info","time":"2025-05-13T14:19:41.405+0530","caller":"models/HypertestYamlConfig.go:743","msg":"Concurrency:    \u001b[36m10\u001b[0m"}
{"level":"info","time":"2025-05-13T14:19:41.405+0530","caller":"models/HypertestYamlConfig.go:807","msg":"Report:    \u001b[36menabled\u001b[0m"}
{"level":"info","time":"2025-05-13T14:19:41.405+0530","caller":"models/HypertestYamlConfig.go:887","msg":""}
{"level":"debug","time":"2025-05-13T14:19:41.405+0530","caller":"filevalidator/setup.go:49","msg":"Warning: Checking data.json file in current directory, no dataJsonPath found in .hyperexecute.yaml"}
{"level":"debug","time":"2025-05-13T14:19:41.405+0530","caller":"filevalidator/setup.go:53","msg":"Warning: data.json file doesn't exist"}
{"level":"debug","time":"2025-05-13T14:19:43.206+0530","caller":"core/lifecycle.go:516","msg":"Job ID: 379b54ad-3e8e-4da1-82e8-03fb2bada205"}
{"level":"debug","time":"2025-05-13T14:19:43.207+0530","caller":"events/manager.go:95","msg":"Starting event manager"}
{"level":"debug","time":"2025-05-13T14:19:43.207+0530","caller":"events/manager.go:97","msg":"SSE enabled, getting SSE connection"}
{"level":"debug","time":"2025-05-13T14:19:43.800+0530","caller":"storage/azure.go:59","msg":"Payload size: 215.09 kB, source path /var/folders/d5/vhtnmxhj2cdbdlvq4jlw4dz00000gp/T/git.diff"}
{"level":"debug","time":"2025-05-13T14:19:44.303+0530","caller":"archivemanager/setup.go:340","msg":"digestMap: map[.gitignore:{6789880119083260772 539 .gitignore false} .hyperexecute.yaml:{5160250692564265707 3618 .hyperexecute.yaml false} .idea:{0 0 .idea true} .idea/.gitignore:{16279786366844463540 122 .idea/.gitignore false} .idea/gradle.xml:{4659657774069657883 558 .idea/gradle.xml false} .idea/misc.xml:{16225606672018911431 354 .idea/misc.xml false} .idea/vcs.xml:{110729305571302532 242 .idea/vcs.xml false} .idea/workspace.xml:{4422743183823632250 10873 .idea/workspace.xml false} build.gradle:{6402680117770863533 524 build.gradle false} cucumber_context.json:{10190887627203814083 8228 cucumber_context.json false} gradle:{0 0 gradle true} gradle/wrapper:{0 0 gradle/wrapper true} gradle/wrapper/gradle-wrapper.jar:{8142569059071412300 60756 gradle/wrapper/gradle-wrapper.jar false} gradle/wrapper/gradle-wrapper.properties:{5454816729783508739 231 gradle/wrapper/gradle-wrapper.properties false} gradlew:{7922637049471180284 8070 gradlew false} gradlew.bat:{16664544825820606439 2763 gradlew.bat false} hyperexecute.yaml:{2769099492493747722 740 hyperexecute.yaml false} settings.gradle:{14290926963802788158 30 settings.gradle false} snooper.log:{10362262988316453443 14464 snooper.log false} src:{0 0 src true} src/test:{0 0 src/test true} src/test/java:{0 0 src/test/java true} src/test/java/APIRunner.java:{7850812801501036521 1032 src/test/java/APIRunner.java false} src/test/java/ParallelRunner.java:{15835990256694852921 643 src/test/java/ParallelRunner.java false} src/test/java/TagRunner.java:{16225404343123923587 824 src/test/java/TagRunner.java false} src/test/java/TestRunner.java:{9767021977487237997 793 src/test/java/TestRunner.java false} src/test/resources:{0 0 src/test/resources true} src/test/resources/Karate-config.js:{16327507150798637260 338 src/test/resources/Karate-config.js false} src/test/resources/apis:{0 0 src/test/resources/apis true} src/test/resources/apis/features:{0 0 src/test/resources/apis/features true} src/test/resources/apis/features/DeleteRequest.feature:{7215814100712510453 302 src/test/resources/apis/features/DeleteRequest.feature false} src/test/resources/apis/features/GetRequest.feature:{15584434973548180755 977 src/test/resources/apis/features/GetRequest.feature false} src/test/resources/apis/features/PostRequest.feature:{14869628535307320508 964 src/test/resources/apis/features/PostRequest.feature false} src/test/resources/apis/features/PutRequest.feature:{12666796336522385911 357 src/test/resources/apis/features/PutRequest.feature false} src/test/resources/logback-test.xml:{6758398796316335698 711 src/test/resources/logback-test.xml false} target:{0 0 target true} target/karate.log:{16462827523834632322 448044 target/karate.log false}]"}
{"level":"debug","time":"2025-05-13T14:19:44.304+0530","caller":"archivemanager/setup.go:346","msg":"Creating archive of target directory: /Users/dhakshath/Documents/KarateAPI"}
{"level":"debug","time":"2025-05-13T14:19:44.317+0530","caller":"core/lifecycle.go:659","msg":"Zip file size: 2.46 kB"}
{"level":"debug","time":"2025-05-13T14:19:44.317+0530","caller":"core/lifecycle.go:669","msg":"Archive location: /Users/dhakshath/Documents/KarateAPI/hyperexecute-code-379b54ad-3e8e-4da1-82e8-03fb2bada205.zip\n"}
{"level":"debug","time":"2025-05-13T14:19:44.318+0530","caller":"storage/azure.go:59","msg":"Payload size: 2.46 kB, source path /Users/dhakshath/Documents/KarateAPI/hyperexecute-code-379b54ad-3e8e-4da1-82e8-03fb2bada205.zip"}
{"level":"debug","time":"2025-05-13T14:19:44.437+0530","caller":"events/manager.go:277","msg":"connection to hyperexecute server established successfully."}
{"level":"info","time":"2025-05-13T14:19:55.884+0530","caller":"storage/azure.go:114","msg":"File upload completed in 12.071520583s"}
{"level":"info","time":"2025-05-13T14:20:01.923+0530","caller":"storage/azure.go:114","msg":"File upload completed in 17.590069417s"}
{"level":"debug","time":"2025-05-13T14:20:01.923+0530","caller":"receptionmanager/setup.go:277","msg":"only one runtime entry detected, mapping it to older yaml format"}
{"level":"debug","time":"2025-05-13T14:20:01.923+0530","caller":"receptionmanager/setup.go:306","msg":"only one partialreports entry detected, mapping it to older yaml format"}
{"level":"debug","time":"2025-05-13T14:20:01.924+0530","caller":"receptionmanager/setup.go:184","msg":"Uploading yaml : /Users/dhakshath/Documents/KarateAPI/.updatedhyperexecute.yaml"}
{"level":"debug","time":"2025-05-13T14:20:01.924+0530","caller":"storage/azure.go:59","msg":"Payload size: 3.64 kB, source path /Users/dhakshath/Documents/KarateAPI/.updatedhyperexecute.yaml"}
{"level":"info","time":"2025-05-13T14:20:11.998+0530","caller":"storage/azure.go:114","msg":"File upload completed in 10.070631459s"}
{"level":"debug","time":"2025-05-13T14:20:11.999+0530","caller":"core/lifecycle.go:696","msg":"Successfully deleted code archive: /Users/dhakshath/Documents/KarateAPI/hyperexecute-code-379b54ad-3e8e-4da1-82e8-03fb2bada205.zip\n"}
{"level":"debug","time":"2025-05-13T14:20:11.999+0530","caller":"storage/azure.go:59","msg":"Payload size: 707 B, source path mask-379b54ad-3e8e-4da1-82e8-03fb2bada205.yaml"}
{"level":"info","time":"2025-05-13T14:20:22.069+0530","caller":"storage/azure.go:114","msg":"File upload completed in 10.068332958s"}
{"level":"debug","time":"2025-05-13T14:20:24.296+0530","caller":"jobmanager/sse_setup.go:199","msg":"Task id: HYPL-1530760-1747126223044683510CVU"}
{"level":"debug","time":"2025-05-13T14:20:24.296+0530","caller":"jobmanager/sse_setup.go:200","msg":"Sending new task alert to stage manager for taskId: HYPL-1530760-1747126223044683510CVU"}
{"level":"info","time":"2025-05-13T14:20:25.931+0530","caller":"jobmanager/sse_setup.go:85","msg":"\nJob \u001b[1m\u001b[4m379b54ad-3e8e-4da1-82e8-03fb2bada205\u001b[24m\u001b[22m has started \u001b[97mRUNNING\u001b[0m"}
{"level":"info","time":"2025-05-13T14:20:25.932+0530","caller":"jobmanager/manager.go:143","msg":"Job Link: \u001b[4m\u001b[34mhttps://hyperexecute.lambdatest.com/hyperexecute/task?jobId=379b54ad-3e8e-4da1-82e8-03fb2bada205\u001b[0m\u001b[24m\n"}
{"level":"info","time":"2025-05-13T14:20:32.180+0530","caller":"terminal/terminal.go:187","msg":"\u001b[32m✔\u001b[0m [1]  \u001b[2msetup-runtime (7s)\u001b[22m\n"}
{"level":"info","time":"2025-05-13T14:20:32.746+0530","caller":"terminal/terminal.go:187","msg":"\u001b[32m✔\u001b[0m [1]  \u001b[2mdiscovery (1s)\u001b[22m\n"}
{"level":"debug","time":"2025-05-13T14:20:33.515+0530","caller":"jobmanager/sse_setup.go:199","msg":"Task id: HYPL-1530760-1747126231728274681BFY"}
{"level":"debug","time":"2025-05-13T14:20:33.515+0530","caller":"jobmanager/sse_setup.go:200","msg":"Sending new task alert to stage manager for taskId: HYPL-1530760-1747126231728274681BFY"}
{"level":"debug","time":"2025-05-13T14:20:33.515+0530","caller":"jobmanager/sse_setup.go:199","msg":"Task id: HYPL-1530760-1747126231771668538LSS"}
{"level":"debug","time":"2025-05-13T14:20:33.515+0530","caller":"jobmanager/sse_setup.go:200","msg":"Sending new task alert to stage manager for taskId: HYPL-1530760-1747126231771668538LSS"}
{"level":"debug","time":"2025-05-13T14:20:33.515+0530","caller":"jobmanager/sse_setup.go:199","msg":"Task id: HYPL-1530760-1747126231812076084DDH"}
{"level":"debug","time":"2025-05-13T14:20:33.515+0530","caller":"jobmanager/sse_setup.go:200","msg":"Sending new task alert to stage manager for taskId: HYPL-1530760-1747126231812076084DDH"}
{"level":"debug","time":"2025-05-13T14:20:33.515+0530","caller":"jobmanager/sse_setup.go:199","msg":"Task id: HYPL-1530760-1747126231858812879BFP"}
{"level":"debug","time":"2025-05-13T14:20:33.515+0530","caller":"jobmanager/sse_setup.go:200","msg":"Sending new task alert to stage manager for taskId: HYPL-1530760-1747126231858812879BFP"}
{"level":"debug","time":"2025-05-13T14:20:33.515+0530","caller":"jobmanager/sse_setup.go:199","msg":"Task id: HYPL-1530760-1747126231908279156EZI"}
{"level":"debug","time":"2025-05-13T14:20:33.515+0530","caller":"jobmanager/sse_setup.go:200","msg":"Sending new task alert to stage manager for taskId: HYPL-1530760-1747126231908279156EZI"}
{"level":"debug","time":"2025-05-13T14:20:33.515+0530","caller":"jobmanager/sse_setup.go:199","msg":"Task id: HYPL-1530760-1747126231963862374QKY"}
{"level":"debug","time":"2025-05-13T14:20:33.515+0530","caller":"jobmanager/sse_setup.go:200","msg":"Sending new task alert to stage manager for taskId: HYPL-1530760-1747126231963862374QKY"}
{"level":"debug","time":"2025-05-13T14:20:33.515+0530","caller":"jobmanager/sse_setup.go:199","msg":"Task id: HYPL-1530760-1747126232012641949ITO"}
{"level":"debug","time":"2025-05-13T14:20:33.515+0530","caller":"jobmanager/sse_setup.go:200","msg":"Sending new task alert to stage manager for taskId: HYPL-1530760-1747126232012641949ITO"}
{"level":"debug","time":"2025-05-13T14:20:33.515+0530","caller":"jobmanager/sse_setup.go:199","msg":"Task id: HYPL-1530760-1747126232060753103YYI"}
{"level":"debug","time":"2025-05-13T14:20:33.515+0530","caller":"jobmanager/sse_setup.go:200","msg":"Sending new task alert to stage manager for taskId: HYPL-1530760-1747126232060753103YYI"}
{"level":"debug","time":"2025-05-13T14:20:33.516+0530","caller":"jobmanager/sse_setup.go:199","msg":"Task id: HYPL-1530760-1747126232099692851QPD"}
{"level":"debug","time":"2025-05-13T14:20:33.516+0530","caller":"jobmanager/sse_setup.go:200","msg":"Sending new task alert to stage manager for taskId: HYPL-1530760-1747126232099692851QPD"}
{"level":"debug","time":"2025-05-13T14:20:33.516+0530","caller":"jobmanager/sse_setup.go:199","msg":"Task id: HYPL-1530760-1747126232146048836HPE"}
{"level":"debug","time":"2025-05-13T14:20:33.516+0530","caller":"jobmanager/sse_setup.go:200","msg":"Sending new task alert to stage manager for taskId: HYPL-1530760-1747126232146048836HPE"}
{"level":"info","time":"2025-05-13T14:20:41.263+0530","caller":"terminal/terminal.go:187","msg":"\u001b[32m✔\u001b[0m [5]  \u001b[2msetup-runtime (6s)\u001b[22m\n"}
{"level":"info","time":"2025-05-13T14:20:41.326+0530","caller":"terminal/terminal.go:187","msg":"\u001b[32m✔\u001b[0m [6]  \u001b[2msetup-runtime (7s)\u001b[22m\n"}
{"level":"info","time":"2025-05-13T14:20:41.928+0530","caller":"terminal/terminal.go:187","msg":"\u001b[32m✔\u001b[0m [8]  \u001b[2msetup-runtime (8s)\u001b[22m\n"}
{"level":"info","time":"2025-05-13T14:20:43.613+0530","caller":"terminal/terminal.go:187","msg":"\u001b[32m✔\u001b[0m [10]  \u001b[2msetup-runtime (10s)\u001b[22m\n"}
{"level":"info","time":"2025-05-13T14:20:44.848+0530","caller":"terminal/terminal.go:187","msg":"\u001b[32m✔\u001b[0m [2]  \u001b[2msetup-runtime (10s)\u001b[22m\n"}
{"level":"info","time":"2025-05-13T14:20:45.148+0530","caller":"terminal/terminal.go:187","msg":"\u001b[32m✔\u001b[0m [4]  \u001b[2msetup-runtime (10s)\u001b[22m\n"}
{"level":"info","time":"2025-05-13T14:20:46.055+0530","caller":"terminal/terminal.go:187","msg":"\u001b[32m✔\u001b[0m [11]  \u001b[2msetup-runtime (11s)\u001b[22m\n"}
{"level":"info","time":"2025-05-13T14:20:47.951+0530","caller":"terminal/terminal.go:187","msg":"\u001b[32m✔\u001b[0m [9]  \u001b[2msetup-runtime (14s)\u001b[22m\n"}
{"level":"info","time":"2025-05-13T14:20:48.666+0530","caller":"terminal/terminal.go:187","msg":"\u001b[32m✔\u001b[0m [7]  \u001b[2msetup-runtime (15s)\u001b[22m\n"}
{"level":"info","time":"2025-05-13T14:20:48.709+0530","caller":"terminal/terminal.go:187","msg":"\u001b[32m✔\u001b[0m [3]  \u001b[2msetup-runtime (14s)\u001b[22m\n"}
{"level":"info","time":"2025-05-13T14:20:59.522+0530","caller":"terminal/terminal.go:187","msg":"\u001b[91mx\u001b[0m [5]  \u001b[2msrc/test/resources/apis/features/PostRequest.feature:26 (17s)\u001b[22m\n"}
{"level":"info","time":"2025-05-13T14:20:59.564+0530","caller":"terminal/terminal.go:187","msg":"\u001b[32m✔\u001b[0m [5]  \u001b[2mpost (1s)\u001b[22m\n"}
{"level":"info","time":"2025-05-13T14:21:01.161+0530","caller":"terminal/terminal.go:187","msg":"\u001b[91mx\u001b[0m [6]  \u001b[2msrc/test/resources/apis/features/PostRequest.feature:18 (19s)\u001b[22m\n"}
{"level":"info","time":"2025-05-13T14:21:01.273+0530","caller":"terminal/terminal.go:187","msg":"\u001b[32m✔\u001b[0m [6]  \u001b[2mpost (0s)\u001b[22m\n"}
{"level":"info","time":"2025-05-13T14:21:03.106+0530","caller":"terminal/terminal.go:187","msg":"\u001b[91mx\u001b[0m [8]  \u001b[2msrc/test/resources/apis/features/GetRequest.feature:23 (20s)\u001b[22m\n"}
{"level":"info","time":"2025-05-13T14:21:03.171+0530","caller":"terminal/terminal.go:187","msg":"\u001b[32m✔\u001b[0m [8]  \u001b[2mpost (0s)\u001b[22m\n"}
{"level":"info","time":"2025-05-13T14:21:06.652+0530","caller":"terminal/terminal.go:187","msg":"\u001b[91mx\u001b[0m [2]  \u001b[2msrc/test/resources/apis/features/PutRequest.feature:10 (21s)\u001b[22m\n"}
{"level":"info","time":"2025-05-13T14:21:06.813+0530","caller":"terminal/terminal.go:187","msg":"\u001b[32m✔\u001b[0m [2]  \u001b[2mpost (1s)\u001b[22m\n"}
{"level":"info","time":"2025-05-13T14:21:08.752+0530","caller":"terminal/terminal.go:187","msg":"\u001b[91mx\u001b[0m [11]  \u001b[2msrc/test/resources/apis/features/DeleteRequest.feature:10 (22s)\u001b[22m\n"}
{"level":"info","time":"2025-05-13T14:21:09.037+0530","caller":"terminal/terminal.go:187","msg":"\u001b[32m✔\u001b[0m [11]  \u001b[2mpost (1s)\u001b[22m\n"}
{"level":"info","time":"2025-05-13T14:21:12.167+0530","caller":"terminal/terminal.go:187","msg":"\u001b[91mx\u001b[0m [3]  \u001b[2msrc/test/resources/apis/features/GetRequest.feature:16 (23s)\u001b[22m\n"}
{"level":"info","time":"2025-05-13T14:21:12.258+0530","caller":"terminal/terminal.go:187","msg":"\u001b[32m✔\u001b[0m [3]  \u001b[2mpost (0s)\u001b[22m\n"}
{"level":"info","time":"2025-05-13T14:21:18.269+0530","caller":"terminal/terminal.go:187","msg":"\u001b[91mx\u001b[0m [9]  \u001b[2msrc/test/resources/apis/features/PostRequest.feature:34 (29s)\u001b[22m\n"}
{"level":"info","time":"2025-05-13T14:21:18.383+0530","caller":"terminal/terminal.go:187","msg":"\u001b[32m✔\u001b[0m [9]  \u001b[2mpost (0s)\u001b[22m\n"}
{"level":"info","time":"2025-05-13T14:21:18.601+0530","caller":"terminal/terminal.go:187","msg":"\u001b[91mx\u001b[0m [7]  \u001b[2msrc/test/resources/apis/features/GetRequest.feature:30 (30s)\u001b[22m\n"}
{"level":"info","time":"2025-05-13T14:21:18.710+0530","caller":"terminal/terminal.go:187","msg":"\u001b[32m✔\u001b[0m [7]  \u001b[2mpost (1s)\u001b[22m\n"}
{"level":"info","time":"2025-05-13T14:21:39.181+0530","caller":"terminal/terminal.go:187","msg":"\u001b[32m✔\u001b[0m [4]  \u001b[2mpost (0s)\u001b[22m\n"}
{"level":"info","time":"2025-05-13T14:21:39.745+0530","caller":"terminal/terminal.go:187","msg":"\u001b[32m✔\u001b[0m [10]  \u001b[2mpost (1s)\u001b[22m\n"}
{"level":"debug","time":"2025-05-13T14:21:41.723+0530","caller":"jobmanager/sse_setup.go:141","msg":"\n\nJob status"}
{"level":"info","time":"2025-05-13T14:21:41.724+0530","caller":"core/lifecycle.go:781","msg":"taskId:HYPL-1530760-1747126231728274681BFY has failed with remark: error in running test suites - step 1 - exit status 1\n"}
{"level":"info","time":"2025-05-13T14:21:41.724+0530","caller":"core/lifecycle.go:781","msg":"taskId:HYPL-1530760-1747126231771668538LSS has failed with remark: error in running test suites - step 1 - exit status 1\n"}
{"level":"info","time":"2025-05-13T14:21:41.724+0530","caller":"core/lifecycle.go:781","msg":"taskId:HYPL-1530760-1747126231858812879BFP has failed with remark: error in running test suites - step 1 - exit status 1\n"}
{"level":"info","time":"2025-05-13T14:21:41.724+0530","caller":"core/lifecycle.go:781","msg":"taskId:HYPL-1530760-1747126231908279156EZI has failed with remark: error in running test suites - step 1 - exit status 1\n"}
{"level":"info","time":"2025-05-13T14:21:41.724+0530","caller":"core/lifecycle.go:781","msg":"taskId:HYPL-1530760-1747126231963862374QKY has failed with remark: error in running test suites - step 1 - exit status 1\n"}
{"level":"info","time":"2025-05-13T14:21:41.724+0530","caller":"core/lifecycle.go:781","msg":"taskId:HYPL-1530760-1747126232012641949ITO has failed with remark: error in running test suites - step 1 - exit status 1\n"}
{"level":"info","time":"2025-05-13T14:21:41.724+0530","caller":"core/lifecycle.go:781","msg":"taskId:HYPL-1530760-1747126232060753103YYI has failed with remark: error in running test suites - step 1 - exit status 1\n"}
{"level":"info","time":"2025-05-13T14:21:41.724+0530","caller":"core/lifecycle.go:781","msg":"taskId:HYPL-1530760-1747126232146048836HPE has failed with remark: error in running test suites - step 1 - exit status 1\n"}
{"level":"debug","time":"2025-05-13T14:21:41.724+0530","caller":"core/lifecycle.go:874","msg":"Context canceled"}
{"level":"info","time":"2025-05-13T14:21:41.724+0530","caller":"core/lifecycle.go:877","msg":"\u001b[2mStopping pipeline gracefully\u001b[22m"}
{"level":"error","time":"2025-05-13T14:21:41.724+0530","caller":"core/lifecycle.go:880","msg":"2025-05-13T14:19:35+05:30    error    Exiting with error: Failed tasks found."}
{"level":"info","time":"2025-05-13T14:21:41.724+0530","caller":"jobmanager/manager.go:143","msg":"Job Link: \u001b[4m\u001b[34mhttps://hyperexecute.lambdatest.com/hyperexecute/task?jobId=379b54ad-3e8e-4da1-82e8-03fb2bada205\u001b[0m\u001b[24m\n"}
{"level":"debug","time":"2025-05-13T14:21:41.724+0530","caller":"core/lifecycle.go:59","msg":"Quit requested from main goroutine...."}
{"level":"debug","time":"2025-05-13T14:21:41.724+0530","caller":"core/lifecycle.go:60","msg":"Waiting for the goroutines to exit"}
{"level":"info","time":"2025-05-13T14:21:42.525+0530","caller":"jobmanager/JobSummaryManager.go:54","msg":"\n\u001b[101m FAILED \u001b[0m\n"}
{"level":"info","time":"2025-05-13T14:21:42.526+0530","caller":"jobmanager/JobSummaryManager.go:113","msg":"    \u001b[1mTest Execution Time\u001b[22m:                  \u001b[91m57s\u001b[0m"}
{"level":"info","time":"2025-05-13T14:21:42.526+0530","caller":"jobmanager/JobSummaryManager.go:113","msg":"    \u001b[1mJob Duration Time\u001b[22m:                    1m15s"}
{"level":"info","time":"2025-05-13T14:21:42.526+0530","caller":"jobmanager/JobSummaryManager.go:113","msg":"    \u001b[1mTotal Tasks\u001b[22m:                          11"}
{"level":"info","time":"2025-05-13T14:21:42.526+0530","caller":"jobmanager/JobSummaryManager.go:113","msg":"    \u001b[1mCumulative Time Consumed\u001b[22m:             6m52s"}
{"level":"info","time":"2025-05-13T14:21:42.526+0530","caller":"jobmanager/JobSummaryManager.go:113","msg":"    \u001b[1mTotal Stages\u001b[22m:                         21"}
{"level":"info","time":"2025-05-13T14:21:42.526+0530","caller":"jobmanager/JobSummaryManager.go:113","msg":"    \u001b[1mPass discovery stage percentage\u001b[22m:      100.00%"}
{"level":"info","time":"2025-05-13T14:21:42.526+0530","caller":"jobmanager/JobSummaryManager.go:113","msg":"    \u001b[1mFailed discovery stage percentage\u001b[22m:    0.00%"}
{"level":"info","time":"2025-05-13T14:21:42.527+0530","caller":"jobmanager/JobSummaryManager.go:113","msg":"    \u001b[1mPass pre stage percentage\u001b[22m:            0.00%"}
{"level":"info","time":"2025-05-13T14:21:42.527+0530","caller":"jobmanager/JobSummaryManager.go:113","msg":"    \u001b[1mFailed pre stage percentage\u001b[22m:          0.00%"}
{"level":"info","time":"2025-05-13T14:21:42.527+0530","caller":"jobmanager/JobSummaryManager.go:113","msg":"    \u001b[1mPass test stage percentage\u001b[22m:           0.00%"}
{"level":"info","time":"2025-05-13T14:21:42.527+0530","caller":"jobmanager/JobSummaryManager.go:113","msg":"    \u001b[1mFailed test stage percentage\u001b[22m:         \u001b[91m100.00%\u001b[0m"}
{"level":"info","time":"2025-05-13T14:21:42.527+0530","caller":"jobmanager/JobSummaryManager.go:113","msg":"    \u001b[1mPass post stage percentage\u001b[22m:           \u001b[92m100.00%\u001b[0m"}
{"level":"info","time":"2025-05-13T14:21:42.527+0530","caller":"jobmanager/JobSummaryManager.go:113","msg":"    \u001b[1mFailed post stage percentage\u001b[22m:         0.00%"}
{"level":"info","time":"2025-05-13T14:21:42.527+0530","caller":"jobmanager/JobSummaryManager.go:113","msg":"    \u001b[1mFailed Tasks\u001b[22m:                         8"}
{"level":"info","time":"2025-05-13T14:21:42.527+0530","caller":"jobmanager/JobSummaryManager.go:58","msg":""}
{"level":"debug","time":"2025-05-13T14:22:11.725+0530","caller":"cmd/bin.go:346","msg":"main: all goroutines have finished."}
{"level":"debug","time":"2025-05-13T14:22:11.725+0530","caller":"cmd/bin.go:385","msg":"Exiting application due to error Failed tasks found."}
{"level":"debug","time":"2025-05-13T15:01:31.878+0530","caller":"cmd/bin.go:137","msg":"cli os: darwin, cli arch: arm64"}
{"level":"debug","time":"2025-05-13T15:01:32.737+0530","caller":"cmd/bin.go:146","msg":"Upstream version details: {Name:cli Min:0.2.195 Max:0.2.272} "}
{"level":"debug","time":"2025-05-13T15:01:35.822+0530","caller":"core/lifecycle.go:108","msg":"Setting environment"}
{"level":"debug","time":"2025-05-13T15:01:35.822+0530","caller":"core/lifecycle.go:111","msg":"Parsing config"}
{"level":"debug","time":"2025-05-13T15:01:35.822+0530","caller":"yamlconfigmanager/setup.go:717","msg":"Custom location for .hyperexecute.yaml specified. Using: hyperexecute.yaml"}
{"level":"debug","time":"2025-05-13T15:01:35.822+0530","caller":"yamlconfigmanager/setup.go:117","msg":"using hyperexecute config from : hyperexecute.yaml"}
{"level":"debug","time":"2025-05-13T15:01:36.802+0530","caller":"yamlconfigmanager/setup.go:2108","msg":"Autodetecting test type in files of path : /Users/dhakshath/Documents/KarateAPI"}
{"level":"debug","time":"2025-05-13T15:01:36.803+0530","caller":"yamlconfigmanager/setup.go:541","msg":"Tunnel: %!t(<nil>)"}
{"level":"info","time":"2025-05-13T15:01:36.803+0530","caller":"models/HypertestYamlConfig.go:874","msg":"\n\u001b[4m\u001b[1m\u001b[97mExecution Plan\u001b[0m\u001b[22m\u001b[24m"}
{"level":"info","time":"2025-05-13T15:01:36.803+0530","caller":"models/HypertestYamlConfig.go:675","msg":"Mode:    \u001b[36mautosplit\u001b[0m"}
{"level":"info","time":"2025-05-13T15:01:36.803+0530","caller":"models/HypertestYamlConfig.go:735","msg":"Runson:    \u001b[36mlinux\u001b[0m"}
{"level":"info","time":"2025-05-13T15:01:36.803+0530","caller":"models/HypertestYamlConfig.go:743","msg":"Concurrency:    \u001b[36m10\u001b[0m"}
{"level":"info","time":"2025-05-13T15:01:36.803+0530","caller":"models/HypertestYamlConfig.go:807","msg":"Report:    \u001b[36menabled\u001b[0m"}
{"level":"info","time":"2025-05-13T15:01:36.803+0530","caller":"models/HypertestYamlConfig.go:821","msg":"Artefacts:"}
{"level":"info","time":"2025-05-13T15:01:36.803+0530","caller":"models/HypertestYamlConfig.go:824","msg":"    Log File:    \u001b[36mtarget/\u001b[0m"}
{"level":"info","time":"2025-05-13T15:01:36.804+0530","caller":"models/HypertestYamlConfig.go:824","msg":"    Karate Report:    \u001b[36mbuild/karate-reports/karate-summary.html\u001b[0m"}
{"level":"info","time":"2025-05-13T15:01:36.804+0530","caller":"models/HypertestYamlConfig.go:887","msg":""}
{"level":"debug","time":"2025-05-13T15:01:36.804+0530","caller":"filevalidator/setup.go:49","msg":"Warning: Checking data.json file in current directory, no dataJsonPath found in .hyperexecute.yaml"}
{"level":"debug","time":"2025-05-13T15:01:36.804+0530","caller":"filevalidator/setup.go:53","msg":"Warning: data.json file doesn't exist"}
{"level":"debug","time":"2025-05-13T15:01:38.760+0530","caller":"core/lifecycle.go:516","msg":"Job ID: 82f9ea3e-df6c-42f4-9df6-c08cf5abb30d"}
{"level":"debug","time":"2025-05-13T15:01:38.760+0530","caller":"events/manager.go:95","msg":"Starting event manager"}
{"level":"debug","time":"2025-05-13T15:01:38.761+0530","caller":"events/manager.go:97","msg":"SSE enabled, getting SSE connection"}
{"level":"debug","time":"2025-05-13T15:01:39.353+0530","caller":"storage/azure.go:59","msg":"Payload size: 239.78 kB, source path /var/folders/d5/vhtnmxhj2cdbdlvq4jlw4dz00000gp/T/git.diff"}
{"level":"debug","time":"2025-05-13T15:01:39.871+0530","caller":"archivemanager/setup.go:340","msg":"digestMap: map[.gitignore:{6789880119083260772 539 .gitignore false} .idea:{0 0 .idea true} .idea/.gitignore:{16279786366844463540 122 .idea/.gitignore false} .idea/gradle.xml:{4659657774069657883 558 .idea/gradle.xml false} .idea/misc.xml:{16225606672018911431 354 .idea/misc.xml false} .idea/vcs.xml:{110729305571302532 242 .idea/vcs.xml false} .idea/workspace.xml:{4422743183823632250 10873 .idea/workspace.xml false} build.gradle:{6402680117770863533 524 build.gradle false} cucumber_context.json:{10190887627203814083 8228 cucumber_context.json false} gradle:{0 0 gradle true} gradle/wrapper:{0 0 gradle/wrapper true} gradle/wrapper/gradle-wrapper.jar:{8142569059071412300 60756 gradle/wrapper/gradle-wrapper.jar false} gradle/wrapper/gradle-wrapper.properties:{5454816729783508739 231 gradle/wrapper/gradle-wrapper.properties false} gradlew:{7922637049471180284 8070 gradlew false} gradlew.bat:{16664544825820606439 2763 gradlew.bat false} hyperexecute.yaml:{2842153054618067898 740 hyperexecute.yaml false} hyperexecute__metadata__.json:{8720704765352721524 51 hyperexecute__metadata__.json false} settings.gradle:{14290926963802788158 30 settings.gradle false} snooper.log:{10362262988316453443 14464 snooper.log false} src:{0 0 src true} src/test:{0 0 src/test true} src/test/java:{0 0 src/test/java true} src/test/java/APIRunner.java:{7850812801501036521 1032 src/test/java/APIRunner.java false} src/test/java/ParallelRunner.java:{15835990256694852921 643 src/test/java/ParallelRunner.java false} src/test/java/TagRunner.java:{16225404343123923587 824 src/test/java/TagRunner.java false} src/test/java/TestRunner.java:{9767021977487237997 793 src/test/java/TestRunner.java false} src/test/resources:{0 0 src/test/resources true} src/test/resources/Karate-config.js:{16327507150798637260 338 src/test/resources/Karate-config.js false} src/test/resources/apis:{0 0 src/test/resources/apis true} src/test/resources/apis/features:{0 0 src/test/resources/apis/features true} src/test/resources/apis/features/DeleteRequest.feature:{7215814100712510453 302 src/test/resources/apis/features/DeleteRequest.feature false} src/test/resources/apis/features/GetRequest.feature:{15584434973548180755 977 src/test/resources/apis/features/GetRequest.feature false} src/test/resources/apis/features/PostRequest.feature:{14869628535307320508 964 src/test/resources/apis/features/PostRequest.feature false} src/test/resources/apis/features/PutRequest.feature:{12666796336522385911 357 src/test/resources/apis/features/PutRequest.feature false} src/test/resources/logback-test.xml:{6758398796316335698 711 src/test/resources/logback-test.xml false} target:{0 0 target true} target/karate.log:{16462827523834632322 448044 target/karate.log false}]"}
{"level":"debug","time":"2025-05-13T15:01:39.871+0530","caller":"archivemanager/setup.go:346","msg":"Creating archive of target directory: /Users/dhakshath/Documents/KarateAPI"}
{"level":"debug","time":"2025-05-13T15:01:39.889+0530","caller":"core/lifecycle.go:659","msg":"Zip file size: 2.60 kB"}
{"level":"debug","time":"2025-05-13T15:01:39.889+0530","caller":"core/lifecycle.go:669","msg":"Archive location: /Users/dhakshath/Documents/KarateAPI/hyperexecute-code-82f9ea3e-df6c-42f4-9df6-c08cf5abb30d.zip\n"}
{"level":"debug","time":"2025-05-13T15:01:39.889+0530","caller":"storage/azure.go:59","msg":"Payload size: 2.60 kB, source path /Users/dhakshath/Documents/KarateAPI/hyperexecute-code-82f9ea3e-df6c-42f4-9df6-c08cf5abb30d.zip"}
{"level":"debug","time":"2025-05-13T15:01:40.143+0530","caller":"events/manager.go:277","msg":"connection to hyperexecute server established successfully."}
{"level":"info","time":"2025-05-13T15:01:51.737+0530","caller":"storage/azure.go:114","msg":"File upload completed in 12.383240458s"}
{"level":"info","time":"2025-05-13T15:01:57.779+0530","caller":"storage/azure.go:114","msg":"File upload completed in 17.890535167s"}
{"level":"debug","time":"2025-05-13T15:01:57.780+0530","caller":"receptionmanager/setup.go:277","msg":"only one runtime entry detected, mapping it to older yaml format"}
{"level":"debug","time":"2025-05-13T15:01:57.781+0530","caller":"receptionmanager/setup.go:306","msg":"only one partialreports entry detected, mapping it to older yaml format"}
{"level":"debug","time":"2025-05-13T15:01:57.781+0530","caller":"receptionmanager/setup.go:184","msg":"Uploading yaml : /Users/dhakshath/Documents/KarateAPI/.updatedhyperexecute.yaml"}
{"level":"debug","time":"2025-05-13T15:01:57.781+0530","caller":"storage/azure.go:59","msg":"Payload size: 4.00 kB, source path /Users/dhakshath/Documents/KarateAPI/.updatedhyperexecute.yaml"}
{"level":"info","time":"2025-05-13T15:02:07.846+0530","caller":"storage/azure.go:114","msg":"File upload completed in 10.065241375s"}
{"level":"debug","time":"2025-05-13T15:02:07.847+0530","caller":"core/lifecycle.go:696","msg":"Successfully deleted code archive: /Users/dhakshath/Documents/KarateAPI/hyperexecute-code-82f9ea3e-df6c-42f4-9df6-c08cf5abb30d.zip\n"}
{"level":"debug","time":"2025-05-13T15:02:07.847+0530","caller":"storage/azure.go:59","msg":"Payload size: 965 B, source path mask-82f9ea3e-df6c-42f4-9df6-c08cf5abb30d.yaml"}
{"level":"info","time":"2025-05-13T15:02:17.912+0530","caller":"storage/azure.go:114","msg":"File upload completed in 10.06503s"}
{"level":"debug","time":"2025-05-13T15:02:20.131+0530","caller":"jobmanager/sse_setup.go:199","msg":"Task id: HYPL-1530760-1747128738918060382MEF"}
{"level":"debug","time":"2025-05-13T15:02:20.131+0530","caller":"jobmanager/sse_setup.go:200","msg":"Sending new task alert to stage manager for taskId: HYPL-1530760-1747128738918060382MEF"}
{"level":"info","time":"2025-05-13T15:02:21.992+0530","caller":"jobmanager/sse_setup.go:85","msg":"\nJob \u001b[1m\u001b[4m82f9ea3e-df6c-42f4-9df6-c08cf5abb30d\u001b[24m\u001b[22m has started \u001b[97mRUNNING\u001b[0m"}
{"level":"info","time":"2025-05-13T15:02:21.992+0530","caller":"jobmanager/manager.go:143","msg":"Job Link: \u001b[4m\u001b[34mhttps://hyperexecute.lambdatest.com/hyperexecute/task?jobId=82f9ea3e-df6c-42f4-9df6-c08cf5abb30d\u001b[0m\u001b[24m\n"}
{"level":"info","time":"2025-05-13T15:02:28.806+0530","caller":"terminal/terminal.go:187","msg":"\u001b[32m✔\u001b[0m [1]  \u001b[2msetup-runtime (9s)\u001b[22m\n"}
{"level":"info","time":"2025-05-13T15:02:29.247+0530","caller":"terminal/terminal.go:187","msg":"\u001b[32m✔\u001b[0m [1]  \u001b[2mdiscovery (1s)\u001b[22m\n"}
{"level":"debug","time":"2025-05-13T15:02:30.153+0530","caller":"jobmanager/sse_setup.go:199","msg":"Task id: HYPL-1530760-1747128748337060236ICQ"}
{"level":"debug","time":"2025-05-13T15:02:30.153+0530","caller":"jobmanager/sse_setup.go:200","msg":"Sending new task alert to stage manager for taskId: HYPL-1530760-1747128748337060236ICQ"}
{"level":"debug","time":"2025-05-13T15:02:30.153+0530","caller":"jobmanager/sse_setup.go:199","msg":"Task id: HYPL-1530760-1747128748417781246SRN"}
{"level":"debug","time":"2025-05-13T15:02:30.153+0530","caller":"jobmanager/sse_setup.go:200","msg":"Sending new task alert to stage manager for taskId: HYPL-1530760-1747128748417781246SRN"}
{"level":"debug","time":"2025-05-13T15:02:30.153+0530","caller":"jobmanager/sse_setup.go:199","msg":"Task id: HYPL-1530760-1747128748459142325VBU"}
{"level":"debug","time":"2025-05-13T15:02:30.153+0530","caller":"jobmanager/sse_setup.go:200","msg":"Sending new task alert to stage manager for taskId: HYPL-1530760-1747128748459142325VBU"}
{"level":"debug","time":"2025-05-13T15:02:30.153+0530","caller":"jobmanager/sse_setup.go:199","msg":"Task id: HYPL-1530760-1747128748495931457WXH"}
{"level":"debug","time":"2025-05-13T15:02:30.153+0530","caller":"jobmanager/sse_setup.go:200","msg":"Sending new task alert to stage manager for taskId: HYPL-1530760-1747128748495931457WXH"}
{"level":"debug","time":"2025-05-13T15:02:30.153+0530","caller":"jobmanager/sse_setup.go:199","msg":"Task id: HYPL-1530760-1747128748545766775RUM"}
{"level":"debug","time":"2025-05-13T15:02:30.153+0530","caller":"jobmanager/sse_setup.go:200","msg":"Sending new task alert to stage manager for taskId: HYPL-1530760-1747128748545766775RUM"}
{"level":"debug","time":"2025-05-13T15:02:30.153+0530","caller":"jobmanager/sse_setup.go:199","msg":"Task id: HYPL-1530760-1747128748584581531XAI"}
{"level":"debug","time":"2025-05-13T15:02:30.153+0530","caller":"jobmanager/sse_setup.go:200","msg":"Sending new task alert to stage manager for taskId: HYPL-1530760-1747128748584581531XAI"}
{"level":"debug","time":"2025-05-13T15:02:30.153+0530","caller":"jobmanager/sse_setup.go:199","msg":"Task id: HYPL-1530760-1747128748643726137QWQ"}
{"level":"debug","time":"2025-05-13T15:02:30.153+0530","caller":"jobmanager/sse_setup.go:200","msg":"Sending new task alert to stage manager for taskId: HYPL-1530760-1747128748643726137QWQ"}
{"level":"debug","time":"2025-05-13T15:02:30.153+0530","caller":"jobmanager/sse_setup.go:199","msg":"Task id: HYPL-1530760-1747128748684943808TUH"}
{"level":"debug","time":"2025-05-13T15:02:30.153+0530","caller":"jobmanager/sse_setup.go:200","msg":"Sending new task alert to stage manager for taskId: HYPL-1530760-1747128748684943808TUH"}
{"level":"debug","time":"2025-05-13T15:02:30.153+0530","caller":"jobmanager/sse_setup.go:199","msg":"Task id: HYPL-1530760-1747128748723560446HRA"}
{"level":"debug","time":"2025-05-13T15:02:30.153+0530","caller":"jobmanager/sse_setup.go:200","msg":"Sending new task alert to stage manager for taskId: HYPL-1530760-1747128748723560446HRA"}
{"level":"debug","time":"2025-05-13T15:02:30.153+0530","caller":"jobmanager/sse_setup.go:199","msg":"Task id: HYPL-1530760-1747128748763242841BMC"}
{"level":"debug","time":"2025-05-13T15:02:30.153+0530","caller":"jobmanager/sse_setup.go:200","msg":"Sending new task alert to stage manager for taskId: HYPL-1530760-1747128748763242841BMC"}
{"level":"info","time":"2025-05-13T15:02:36.952+0530","caller":"terminal/terminal.go:187","msg":"\u001b[32m✔\u001b[0m [3]  \u001b[2msetup-runtime (6s)\u001b[22m\n"}
{"level":"info","time":"2025-05-13T15:02:37.313+0530","caller":"terminal/terminal.go:187","msg":"\u001b[32m✔\u001b[0m [2]  \u001b[2msetup-runtime (6s)\u001b[22m\n"}
{"level":"info","time":"2025-05-13T15:02:37.843+0530","caller":"terminal/terminal.go:187","msg":"\u001b[32m✔\u001b[0m [6]  \u001b[2msetup-runtime (7s)\u001b[22m\n"}
{"level":"info","time":"2025-05-13T15:02:48.877+0530","caller":"terminal/terminal.go:187","msg":"\u001b[32m✔\u001b[0m [8]  \u001b[2msetup-runtime (18s)\u001b[22m\n"}
{"level":"info","time":"2025-05-13T15:02:51.802+0530","caller":"terminal/terminal.go:187","msg":"\u001b[32m✔\u001b[0m [7]  \u001b[2msetup-runtime (21s)\u001b[22m\n"}
{"level":"info","time":"2025-05-13T15:02:51.839+0530","caller":"terminal/terminal.go:187","msg":"\u001b[32m✔\u001b[0m [11]  \u001b[2msetup-runtime (21s)\u001b[22m\n"}
{"level":"info","time":"2025-05-13T15:02:51.842+0530","caller":"terminal/terminal.go:187","msg":"\u001b[32m✔\u001b[0m [5]  \u001b[2msetup-runtime (21s)\u001b[22m\n"}
{"level":"info","time":"2025-05-13T15:02:54.017+0530","caller":"terminal/terminal.go:187","msg":"\u001b[32m✔\u001b[0m [10]  \u001b[2msetup-runtime (23s)\u001b[22m\n"}
{"level":"info","time":"2025-05-13T15:02:54.028+0530","caller":"terminal/terminal.go:187","msg":"\u001b[32m✔\u001b[0m [9]  \u001b[2msetup-runtime (23s)\u001b[22m\n"}
{"level":"info","time":"2025-05-13T15:02:54.028+0530","caller":"terminal/terminal.go:187","msg":"\u001b[32m✔\u001b[0m [4]  \u001b[2msetup-runtime (23s)\u001b[22m\n"}
{"level":"info","time":"2025-05-13T15:02:58.374+0530","caller":"terminal/terminal.go:187","msg":"\u001b[91mx\u001b[0m [3]  \u001b[2msrc/test/resources/apis/features/PutRequest.feature:10 (20s)\u001b[22m\n"}
{"level":"info","time":"2025-05-13T15:02:58.519+0530","caller":"terminal/terminal.go:187","msg":"\u001b[32m✔\u001b[0m [3]  \u001b[2mpost (0s)\u001b[22m\n"}
{"level":"info","time":"2025-05-13T15:02:58.578+0530","caller":"terminal/terminal.go:187","msg":"\u001b[91mx\u001b[0m [6]  \u001b[2msrc/test/resources/apis/features/DeleteRequest.feature:10 (20s)\u001b[22m\n"}
{"level":"info","time":"2025-05-13T15:02:58.661+0530","caller":"terminal/terminal.go:187","msg":"\u001b[32m✔\u001b[0m [6]  \u001b[2mpost (1s)\u001b[22m\n"}
{"level":"info","time":"2025-05-13T15:02:58.963+0530","caller":"terminal/terminal.go:187","msg":"\u001b[91mx\u001b[0m [2]  \u001b[2msrc/test/resources/apis/features/PostRequest.feature:26 (21s)\u001b[22m\n"}
{"level":"info","time":"2025-05-13T15:02:59.077+0530","caller":"terminal/terminal.go:187","msg":"\u001b[32m✔\u001b[0m [2]  \u001b[2mpost (1s)\u001b[22m\n"}
{"level":"info","time":"2025-05-13T15:03:10.492+0530","caller":"terminal/terminal.go:187","msg":"\u001b[91mx\u001b[0m [8]  \u001b[2msrc/test/resources/apis/features/PostRequest.feature:18 (21s)\u001b[22m\n"}
{"level":"info","time":"2025-05-13T15:03:10.640+0530","caller":"terminal/terminal.go:187","msg":"\u001b[32m✔\u001b[0m [8]  \u001b[2mpost (1s)\u001b[22m\n"}
{"level":"info","time":"2025-05-13T15:03:22.161+0530","caller":"terminal/terminal.go:187","msg":"\u001b[91mx\u001b[0m [5]  \u001b[2msrc/test/resources/apis/features/GetRequest.feature:38 (29s)\u001b[22m\n"}
{"level":"info","time":"2025-05-13T15:03:22.327+0530","caller":"terminal/terminal.go:187","msg":"\u001b[91mx\u001b[0m [7]  \u001b[2msrc/test/resources/apis/features/GetRequest.feature:23 (30s)\u001b[22m\n"}
{"level":"info","time":"2025-05-13T15:03:22.353+0530","caller":"terminal/terminal.go:187","msg":"\u001b[32m✔\u001b[0m [5]  \u001b[2mpost (0s)\u001b[22m\n"}
{"level":"info","time":"2025-05-13T15:03:22.482+0530","caller":"terminal/terminal.go:187","msg":"\u001b[32m✔\u001b[0m [7]  \u001b[2mpost (0s)\u001b[22m\n"}
{"level":"info","time":"2025-05-13T15:03:22.482+0530","caller":"terminal/terminal.go:187","msg":"\u001b[91mx\u001b[0m [11]  \u001b[2msrc/test/resources/apis/features/GetRequest.feature:16 (30s)\u001b[22m\n"}
{"level":"info","time":"2025-05-13T15:03:22.646+0530","caller":"terminal/terminal.go:187","msg":"\u001b[32m✔\u001b[0m [11]  \u001b[2mpost (1s)\u001b[22m\n"}
{"level":"info","time":"2025-05-13T15:03:24.624+0530","caller":"terminal/terminal.go:187","msg":"\u001b[91mx\u001b[0m [10]  \u001b[2msrc/test/resources/apis/features/PostRequest.feature:34 (29s)\u001b[22m\n"}
{"level":"info","time":"2025-05-13T15:03:24.758+0530","caller":"terminal/terminal.go:187","msg":"\u001b[32m✔\u001b[0m [10]  \u001b[2mpost (1s)\u001b[22m\n"}
{"level":"info","time":"2025-05-13T15:03:24.921+0530","caller":"terminal/terminal.go:187","msg":"\u001b[91mx\u001b[0m [9]  \u001b[2msrc/test/resources/apis/features/GetRequest.feature:30 (30s)\u001b[22m\n"}
{"level":"info","time":"2025-05-13T15:03:25.017+0530","caller":"terminal/terminal.go:187","msg":"\u001b[91mx\u001b[0m [4]  \u001b[2msrc/test/resources/apis/features/PostRequest.feature:10 (30s)\u001b[22m\n"}
{"level":"info","time":"2025-05-13T15:03:25.069+0530","caller":"terminal/terminal.go:187","msg":"\u001b[32m✔\u001b[0m [9]  \u001b[2mpost (1s)\u001b[22m\n"}
{"level":"info","time":"2025-05-13T15:03:25.203+0530","caller":"terminal/terminal.go:187","msg":"\u001b[32m✔\u001b[0m [4]  \u001b[2mpost (1s)\u001b[22m\n"}
{"level":"debug","time":"2025-05-13T15:03:28.010+0530","caller":"jobmanager/sse_setup.go:199","msg":"Task id: HYPL-1530760-1747128806732265706LDS"}
{"level":"debug","time":"2025-05-13T15:03:28.010+0530","caller":"jobmanager/sse_setup.go:200","msg":"Sending new task alert to stage manager for taskId: HYPL-1530760-1747128806732265706LDS"}
{"level":"info","time":"2025-05-13T15:03:29.005+0530","caller":"terminal/terminal.go:187","msg":"\u001b[32m✔\u001b[0m [12]  \u001b[2mpost (1s)\u001b[22m\n"}
{"level":"debug","time":"2025-05-13T15:03:30.965+0530","caller":"jobmanager/sse_setup.go:141","msg":"\n\nJob status"}
{"level":"info","time":"2025-05-13T15:03:30.966+0530","caller":"core/lifecycle.go:781","msg":"taskId:HYPL-1530760-1747128748337060236ICQ has failed with remark: error in running test suites - step 1 - exit status 1\n"}
{"level":"info","time":"2025-05-13T15:03:30.966+0530","caller":"core/lifecycle.go:781","msg":"taskId:HYPL-1530760-1747128748417781246SRN has failed with remark: error in running test suites - step 1 - exit status 1\n"}
{"level":"info","time":"2025-05-13T15:03:30.966+0530","caller":"core/lifecycle.go:781","msg":"taskId:HYPL-1530760-1747128748459142325VBU has failed with remark: error in running test suites - step 1 - exit status 1\n"}
{"level":"info","time":"2025-05-13T15:03:30.966+0530","caller":"core/lifecycle.go:781","msg":"taskId:HYPL-1530760-1747128748495931457WXH has failed with remark: error in running test suites - step 1 - exit status 1\n"}
{"level":"info","time":"2025-05-13T15:03:30.966+0530","caller":"core/lifecycle.go:781","msg":"taskId:HYPL-1530760-1747128748545766775RUM has failed with remark: error in running test suites - step 1 - exit status 1\n"}
{"level":"info","time":"2025-05-13T15:03:30.966+0530","caller":"core/lifecycle.go:781","msg":"taskId:HYPL-1530760-1747128748584581531XAI has failed with remark: error in running test suites - step 1 - exit status 1\n"}
{"level":"info","time":"2025-05-13T15:03:30.966+0530","caller":"core/lifecycle.go:781","msg":"taskId:HYPL-1530760-1747128748643726137QWQ has failed with remark: error in running test suites - step 1 - exit status 1\n"}
{"level":"info","time":"2025-05-13T15:03:30.966+0530","caller":"core/lifecycle.go:781","msg":"taskId:HYPL-1530760-1747128748684943808TUH has failed with remark: error in running test suites - step 1 - exit status 1\n"}
{"level":"info","time":"2025-05-13T15:03:30.966+0530","caller":"core/lifecycle.go:781","msg":"taskId:HYPL-1530760-1747128748723560446HRA has failed with remark: error in running test suites - step 1 - exit status 1\n"}
{"level":"info","time":"2025-05-13T15:03:30.966+0530","caller":"core/lifecycle.go:781","msg":"taskId:HYPL-1530760-1747128748763242841BMC has failed with remark: error in running test suites - step 1 - exit status 1\n"}
{"level":"debug","time":"2025-05-13T15:03:30.966+0530","caller":"core/lifecycle.go:874","msg":"Context canceled"}
{"level":"info","time":"2025-05-13T15:03:30.966+0530","caller":"core/lifecycle.go:877","msg":"\u001b[2mStopping pipeline gracefully\u001b[22m"}
{"level":"error","time":"2025-05-13T15:03:30.966+0530","caller":"core/lifecycle.go:880","msg":"2025-05-13T15:01:31+05:30    error    Exiting with error: Failed tasks found."}
{"level":"info","time":"2025-05-13T15:03:30.966+0530","caller":"jobmanager/manager.go:143","msg":"Job Link: \u001b[4m\u001b[34mhttps://hyperexecute.lambdatest.com/hyperexecute/task?jobId=82f9ea3e-df6c-42f4-9df6-c08cf5abb30d\u001b[0m\u001b[24m\n"}
{"level":"debug","time":"2025-05-13T15:03:30.966+0530","caller":"core/lifecycle.go:59","msg":"Quit requested from main goroutine...."}
{"level":"debug","time":"2025-05-13T15:03:30.966+0530","caller":"core/lifecycle.go:60","msg":"Waiting for the goroutines to exit"}
{"level":"info","time":"2025-05-13T15:03:31.759+0530","caller":"jobmanager/JobSummaryManager.go:54","msg":"\n\u001b[101m FAILED \u001b[0m\n"}
{"level":"info","time":"2025-05-13T15:03:31.759+0530","caller":"jobmanager/JobSummaryManager.go:113","msg":"    \u001b[1mTest Execution Time\u001b[22m:                  \u001b[91m46s\u001b[0m"}
{"level":"info","time":"2025-05-13T15:03:31.759+0530","caller":"jobmanager/JobSummaryManager.go:113","msg":"    \u001b[1mJob Duration Time\u001b[22m:                    1m8s"}
{"level":"info","time":"2025-05-13T15:03:31.759+0530","caller":"jobmanager/JobSummaryManager.go:113","msg":"    \u001b[1mTotal Tasks\u001b[22m:                          12"}
{"level":"info","time":"2025-05-13T15:03:31.759+0530","caller":"jobmanager/JobSummaryManager.go:113","msg":"    \u001b[1mCumulative Time Consumed\u001b[22m:             7m49s"}
{"level":"info","time":"2025-05-13T15:03:31.759+0530","caller":"jobmanager/JobSummaryManager.go:113","msg":"    \u001b[1mTotal Stages\u001b[22m:                         22"}
{"level":"info","time":"2025-05-13T15:03:31.759+0530","caller":"jobmanager/JobSummaryManager.go:113","msg":"    \u001b[1mPass discovery stage percentage\u001b[22m:      100.00%"}
{"level":"info","time":"2025-05-13T15:03:31.759+0530","caller":"jobmanager/JobSummaryManager.go:113","msg":"    \u001b[1mFailed discovery stage percentage\u001b[22m:    0.00%"}
{"level":"info","time":"2025-05-13T15:03:31.759+0530","caller":"jobmanager/JobSummaryManager.go:113","msg":"    \u001b[1mPass pre stage percentage\u001b[22m:            0.00%"}
{"level":"info","time":"2025-05-13T15:03:31.759+0530","caller":"jobmanager/JobSummaryManager.go:113","msg":"    \u001b[1mFailed pre stage percentage\u001b[22m:          0.00%"}
{"level":"info","time":"2025-05-13T15:03:31.759+0530","caller":"jobmanager/JobSummaryManager.go:113","msg":"    \u001b[1mPass test stage percentage\u001b[22m:           0.00%"}
{"level":"info","time":"2025-05-13T15:03:31.759+0530","caller":"jobmanager/JobSummaryManager.go:113","msg":"    \u001b[1mFailed test stage percentage\u001b[22m:         \u001b[91m100.00%\u001b[0m"}
{"level":"info","time":"2025-05-13T15:03:31.759+0530","caller":"jobmanager/JobSummaryManager.go:113","msg":"    \u001b[1mPass post stage percentage\u001b[22m:           \u001b[92m100.00%\u001b[0m"}
{"level":"info","time":"2025-05-13T15:03:31.759+0530","caller":"jobmanager/JobSummaryManager.go:113","msg":"    \u001b[1mFailed post stage percentage\u001b[22m:         0.00%"}
{"level":"info","time":"2025-05-13T15:03:31.760+0530","caller":"jobmanager/JobSummaryManager.go:113","msg":"    \u001b[1mFailed Tasks\u001b[22m:                         10"}
{"level":"info","time":"2025-05-13T15:03:31.760+0530","caller":"jobmanager/JobSummaryManager.go:58","msg":""}
{"level":"debug","time":"2025-05-13T15:04:00.967+0530","caller":"cmd/bin.go:385","msg":"Exiting application due to error Failed tasks found."}
{"level":"debug","time":"2025-05-13T15:04:00.967+0530","caller":"cmd/bin.go:346","msg":"main: all goroutines have finished."}
{"level":"debug","time":"2025-05-13T15:06:42.970+0530","caller":"cmd/bin.go:137","msg":"cli os: darwin, cli arch: arm64"}
{"level":"debug","time":"2025-05-13T15:06:44.314+0530","caller":"cmd/bin.go:146","msg":"Upstream version details: {Name:cli Min:0.2.195 Max:0.2.272} "}
{"level":"debug","time":"2025-05-13T15:06:48.246+0530","caller":"core/lifecycle.go:108","msg":"Setting environment"}
{"level":"debug","time":"2025-05-13T15:06:48.247+0530","caller":"core/lifecycle.go:111","msg":"Parsing config"}
{"level":"debug","time":"2025-05-13T15:06:48.248+0530","caller":"yamlconfigmanager/setup.go:717","msg":"Custom location for .hyperexecute.yaml specified. Using: hyperexecute.yaml"}
{"level":"debug","time":"2025-05-13T15:06:48.249+0530","caller":"yamlconfigmanager/setup.go:117","msg":"using hyperexecute config from : hyperexecute.yaml"}
{"level":"debug","time":"2025-05-13T15:06:49.453+0530","caller":"yamlconfigmanager/setup.go:2108","msg":"Autodetecting test type in files of path : /Users/dhakshath/Documents/KarateAPI"}
{"level":"debug","time":"2025-05-13T15:06:49.454+0530","caller":"yamlconfigmanager/setup.go:541","msg":"Tunnel: %!t(<nil>)"}
{"level":"info","time":"2025-05-13T15:06:49.454+0530","caller":"models/HypertestYamlConfig.go:874","msg":"\n\u001b[4m\u001b[1m\u001b[97mExecution Plan\u001b[0m\u001b[22m\u001b[24m"}
{"level":"info","time":"2025-05-13T15:06:49.455+0530","caller":"models/HypertestYamlConfig.go:675","msg":"Mode:    \u001b[36mautosplit\u001b[0m"}
{"level":"info","time":"2025-05-13T15:06:49.455+0530","caller":"models/HypertestYamlConfig.go:735","msg":"Runson:    \u001b[36mlinux\u001b[0m"}
{"level":"info","time":"2025-05-13T15:06:49.456+0530","caller":"models/HypertestYamlConfig.go:743","msg":"Concurrency:    \u001b[36m10\u001b[0m"}
{"level":"info","time":"2025-05-13T15:06:49.456+0530","caller":"models/HypertestYamlConfig.go:807","msg":"Report:    \u001b[36menabled\u001b[0m"}
{"level":"info","time":"2025-05-13T15:06:49.456+0530","caller":"models/HypertestYamlConfig.go:821","msg":"Artefacts:"}
{"level":"info","time":"2025-05-13T15:06:49.456+0530","caller":"models/HypertestYamlConfig.go:824","msg":"    Log File:    \u001b[36mtarget/\u001b[0m"}
{"level":"info","time":"2025-05-13T15:06:49.456+0530","caller":"models/HypertestYamlConfig.go:824","msg":"    Karate Report:    \u001b[36mbuild/karate-reports/\u001b[0m"}
{"level":"info","time":"2025-05-13T15:06:49.456+0530","caller":"models/HypertestYamlConfig.go:887","msg":""}
{"level":"debug","time":"2025-05-13T15:06:49.456+0530","caller":"filevalidator/setup.go:49","msg":"Warning: Checking data.json file in current directory, no dataJsonPath found in .hyperexecute.yaml"}
{"level":"debug","time":"2025-05-13T15:06:49.456+0530","caller":"filevalidator/setup.go:53","msg":"Warning: data.json file doesn't exist"}
{"level":"debug","time":"2025-05-13T15:06:51.886+0530","caller":"core/lifecycle.go:516","msg":"Job ID: ba3d6d51-01e7-4d0a-8643-08927dca068b"}
{"level":"debug","time":"2025-05-13T15:06:51.886+0530","caller":"events/manager.go:95","msg":"Starting event manager"}
{"level":"debug","time":"2025-05-13T15:06:51.887+0530","caller":"events/manager.go:97","msg":"SSE enabled, getting SSE connection"}
{"level":"debug","time":"2025-05-13T15:06:52.438+0530","caller":"storage/azure.go:59","msg":"Payload size: 724.51 kB, source path /var/folders/d5/vhtnmxhj2cdbdlvq4jlw4dz00000gp/T/git.diff"}
{"level":"debug","time":"2025-05-13T15:06:53.377+0530","caller":"events/manager.go:277","msg":"connection to hyperexecute server established successfully."}
{"level":"debug","time":"2025-05-13T15:06:53.641+0530","caller":"archivemanager/setup.go:340","msg":"digestMap: map[.gitignore:{6789880119083260772 539 .gitignore false} .hyperexecute.yaml:{4788349939905806863 3954 .hyperexecute.yaml false} .idea:{0 0 .idea true} .idea/.gitignore:{16279786366844463540 122 .idea/.gitignore false} .idea/gradle.xml:{4659657774069657883 558 .idea/gradle.xml false} .idea/misc.xml:{16225606672018911431 354 .idea/misc.xml false} .idea/vcs.xml:{110729305571302532 242 .idea/vcs.xml false} .idea/workspace.xml:{4422743183823632250 10873 .idea/workspace.xml false} build.gradle:{6402680117770863533 524 build.gradle false} cucumber_context.json:{10190887627203814083 8228 cucumber_context.json false} gradle:{0 0 gradle true} gradle/wrapper:{0 0 gradle/wrapper true} gradle/wrapper/gradle-wrapper.jar:{8142569059071412300 60756 gradle/wrapper/gradle-wrapper.jar false} gradle/wrapper/gradle-wrapper.properties:{5454816729783508739 231 gradle/wrapper/gradle-wrapper.properties false} gradlew:{7922637049471180284 8070 gradlew false} gradlew.bat:{16664544825820606439 2763 gradlew.bat false} hyperexecute.yaml:{3967100148155970202 974 hyperexecute.yaml false} settings.gradle:{14290926963802788158 30 settings.gradle false} snooper.log:{10362262988316453443 14464 snooper.log false} src:{0 0 src true} src/test:{0 0 src/test true} src/test/java:{0 0 src/test/java true} src/test/java/APIRunner.java:{7850812801501036521 1032 src/test/java/APIRunner.java false} src/test/java/ParallelRunner.java:{15835990256694852921 643 src/test/java/ParallelRunner.java false} src/test/java/TagRunner.java:{16225404343123923587 824 src/test/java/TagRunner.java false} src/test/java/TestRunner.java:{9767021977487237997 793 src/test/java/TestRunner.java false} src/test/resources:{0 0 src/test/resources true} src/test/resources/Karate-config.js:{16327507150798637260 338 src/test/resources/Karate-config.js false} src/test/resources/apis:{0 0 src/test/resources/apis true} src/test/resources/apis/features:{0 0 src/test/resources/apis/features true} src/test/resources/apis/features/DeleteRequest.feature:{7215814100712510453 302 src/test/resources/apis/features/DeleteRequest.feature false} src/test/resources/apis/features/GetRequest.feature:{15584434973548180755 977 src/test/resources/apis/features/GetRequest.feature false} src/test/resources/apis/features/PostRequest.feature:{14869628535307320508 964 src/test/resources/apis/features/PostRequest.feature false} src/test/resources/apis/features/PutRequest.feature:{12666796336522385911 357 src/test/resources/apis/features/PutRequest.feature false} src/test/resources/logback-test.xml:{6758398796316335698 711 src/test/resources/logback-test.xml false} target:{0 0 target true} target/karate.log:{16462827523834632322 448044 target/karate.log false}]"}
{"level":"debug","time":"2025-05-13T15:06:53.641+0530","caller":"archivemanager/setup.go:346","msg":"Creating archive of target directory: /Users/dhakshath/Documents/KarateAPI"}
{"level":"debug","time":"2025-05-13T15:06:53.654+0530","caller":"core/lifecycle.go:659","msg":"Zip file size: 2.57 kB"}
{"level":"debug","time":"2025-05-13T15:06:53.654+0530","caller":"core/lifecycle.go:669","msg":"Archive location: /Users/dhakshath/Documents/KarateAPI/hyperexecute-code-ba3d6d51-01e7-4d0a-8643-08927dca068b.zip\n"}
{"level":"debug","time":"2025-05-13T15:06:53.654+0530","caller":"storage/azure.go:59","msg":"Payload size: 2.57 kB, source path /Users/dhakshath/Documents/KarateAPI/hyperexecute-code-ba3d6d51-01e7-4d0a-8643-08927dca068b.zip"}
{"level":"info","time":"2025-05-13T15:07:04.544+0530","caller":"storage/azure.go:114","msg":"File upload completed in 12.106597917s"}
{"level":"info","time":"2025-05-13T15:07:12.592+0530","caller":"storage/azure.go:114","msg":"File upload completed in 18.937990834s"}
{"level":"debug","time":"2025-05-13T15:07:12.593+0530","caller":"receptionmanager/setup.go:277","msg":"only one runtime entry detected, mapping it to older yaml format"}
{"level":"debug","time":"2025-05-13T15:07:12.593+0530","caller":"receptionmanager/setup.go:306","msg":"only one partialreports entry detected, mapping it to older yaml format"}
{"level":"debug","time":"2025-05-13T15:07:12.594+0530","caller":"receptionmanager/setup.go:184","msg":"Uploading yaml : /Users/dhakshath/Documents/KarateAPI/.updatedhyperexecute.yaml"}
{"level":"debug","time":"2025-05-13T15:07:12.594+0530","caller":"storage/azure.go:59","msg":"Payload size: 3.87 kB, source path /Users/dhakshath/Documents/KarateAPI/.updatedhyperexecute.yaml"}
{"level":"info","time":"2025-05-13T15:07:22.672+0530","caller":"storage/azure.go:114","msg":"File upload completed in 10.077894208s"}
{"level":"debug","time":"2025-05-13T15:07:22.672+0530","caller":"core/lifecycle.go:696","msg":"Successfully deleted code archive: /Users/dhakshath/Documents/KarateAPI/hyperexecute-code-ba3d6d51-01e7-4d0a-8643-08927dca068b.zip\n"}
{"level":"debug","time":"2025-05-13T15:07:22.673+0530","caller":"storage/azure.go:59","msg":"Payload size: 894 B, source path mask-ba3d6d51-01e7-4d0a-8643-08927dca068b.yaml"}
{"level":"info","time":"2025-05-13T15:07:32.740+0530","caller":"storage/azure.go:114","msg":"File upload completed in 10.06703025s"}
{"level":"debug","time":"2025-05-13T15:07:34.895+0530","caller":"jobmanager/sse_setup.go:199","msg":"Task id: HYPL-1530760-1747129053649125972DMI"}
{"level":"debug","time":"2025-05-13T15:07:34.896+0530","caller":"jobmanager/sse_setup.go:200","msg":"Sending new task alert to stage manager for taskId: HYPL-1530760-1747129053649125972DMI"}
{"level":"info","time":"2025-05-13T15:07:36.936+0530","caller":"jobmanager/sse_setup.go:85","msg":"\nJob \u001b[1m\u001b[4mba3d6d51-01e7-4d0a-8643-08927dca068b\u001b[24m\u001b[22m has started \u001b[97mRUNNING\u001b[0m"}
{"level":"info","time":"2025-05-13T15:07:36.936+0530","caller":"jobmanager/manager.go:143","msg":"Job Link: \u001b[4m\u001b[34mhttps://hyperexecute.lambdatest.com/hyperexecute/task?jobId=ba3d6d51-01e7-4d0a-8643-08927dca068b\u001b[0m\u001b[24m\n"}
{"level":"info","time":"2025-05-13T15:07:43.092+0530","caller":"terminal/terminal.go:187","msg":"\u001b[32m✔\u001b[0m [1]  \u001b[2msetup-runtime (8s)\u001b[22m\n"}
{"level":"info","time":"2025-05-13T15:07:43.522+0530","caller":"terminal/terminal.go:187","msg":"\u001b[32m✔\u001b[0m [1]  \u001b[2mdiscovery (0s)\u001b[22m\n"}
{"level":"debug","time":"2025-05-13T15:07:44.492+0530","caller":"jobmanager/sse_setup.go:199","msg":"Task id: HYPL-1530760-1747129062691342171BLE"}
{"level":"debug","time":"2025-05-13T15:07:44.492+0530","caller":"jobmanager/sse_setup.go:200","msg":"Sending new task alert to stage manager for taskId: HYPL-1530760-1747129062691342171BLE"}
{"level":"debug","time":"2025-05-13T15:07:44.492+0530","caller":"jobmanager/sse_setup.go:199","msg":"Task id: HYPL-1530760-1747129062742581738ZZF"}
{"level":"debug","time":"2025-05-13T15:07:44.492+0530","caller":"jobmanager/sse_setup.go:200","msg":"Sending new task alert to stage manager for taskId: HYPL-1530760-1747129062742581738ZZF"}
{"level":"debug","time":"2025-05-13T15:07:44.492+0530","caller":"jobmanager/sse_setup.go:199","msg":"Task id: HYPL-1530760-1747129062801596784CQV"}
{"level":"debug","time":"2025-05-13T15:07:44.492+0530","caller":"jobmanager/sse_setup.go:200","msg":"Sending new task alert to stage manager for taskId: HYPL-1530760-1747129062801596784CQV"}
{"level":"debug","time":"2025-05-13T15:07:44.492+0530","caller":"jobmanager/sse_setup.go:199","msg":"Task id: HYPL-1530760-1747129062851246720FHC"}
{"level":"debug","time":"2025-05-13T15:07:44.492+0530","caller":"jobmanager/sse_setup.go:200","msg":"Sending new task alert to stage manager for taskId: HYPL-1530760-1747129062851246720FHC"}
{"level":"debug","time":"2025-05-13T15:07:44.492+0530","caller":"jobmanager/sse_setup.go:199","msg":"Task id: HYPL-1530760-1747129062896443517BSA"}
{"level":"debug","time":"2025-05-13T15:07:44.492+0530","caller":"jobmanager/sse_setup.go:200","msg":"Sending new task alert to stage manager for taskId: HYPL-1530760-1747129062896443517BSA"}
{"level":"debug","time":"2025-05-13T15:07:44.492+0530","caller":"jobmanager/sse_setup.go:199","msg":"Task id: HYPL-1530760-1747129062979231178CAI"}
{"level":"debug","time":"2025-05-13T15:07:44.492+0530","caller":"jobmanager/sse_setup.go:200","msg":"Sending new task alert to stage manager for taskId: HYPL-1530760-1747129062979231178CAI"}
{"level":"debug","time":"2025-05-13T15:07:44.492+0530","caller":"jobmanager/sse_setup.go:199","msg":"Task id: HYPL-1530760-1747129063023707480TQB"}
{"level":"debug","time":"2025-05-13T15:07:44.492+0530","caller":"jobmanager/sse_setup.go:200","msg":"Sending new task alert to stage manager for taskId: HYPL-1530760-1747129063023707480TQB"}
{"level":"debug","time":"2025-05-13T15:07:44.492+0530","caller":"jobmanager/sse_setup.go:199","msg":"Task id: HYPL-1530760-1747129063066741581ADH"}
{"level":"debug","time":"2025-05-13T15:07:44.492+0530","caller":"jobmanager/sse_setup.go:200","msg":"Sending new task alert to stage manager for taskId: HYPL-1530760-1747129063066741581ADH"}
{"level":"debug","time":"2025-05-13T15:07:44.492+0530","caller":"jobmanager/sse_setup.go:199","msg":"Task id: HYPL-1530760-1747129063117460982HMU"}
{"level":"debug","time":"2025-05-13T15:07:44.492+0530","caller":"jobmanager/sse_setup.go:200","msg":"Sending new task alert to stage manager for taskId: HYPL-1530760-1747129063117460982HMU"}
{"level":"debug","time":"2025-05-13T15:07:44.492+0530","caller":"jobmanager/sse_setup.go:199","msg":"Task id: HYPL-1530760-1747129063160461155QXC"}
{"level":"debug","time":"2025-05-13T15:07:44.492+0530","caller":"jobmanager/sse_setup.go:200","msg":"Sending new task alert to stage manager for taskId: HYPL-1530760-1747129063160461155QXC"}
{"level":"info","time":"2025-05-13T15:07:52.098+0530","caller":"terminal/terminal.go:187","msg":"\u001b[32m✔\u001b[0m [8]  \u001b[2msetup-runtime (7s)\u001b[22m\n"}
{"level":"info","time":"2025-05-13T15:07:52.489+0530","caller":"terminal/terminal.go:187","msg":"\u001b[32m✔\u001b[0m [9]  \u001b[2msetup-runtime (7s)\u001b[22m\n"}
{"level":"info","time":"2025-05-13T15:07:53.590+0530","caller":"terminal/terminal.go:187","msg":"\u001b[32m✔\u001b[0m [5]  \u001b[2msetup-runtime (7s)\u001b[22m\n"}
{"level":"info","time":"2025-05-13T15:07:58.434+0530","caller":"terminal/terminal.go:187","msg":"\u001b[32m✔\u001b[0m [7]  \u001b[2msetup-runtime (12s)\u001b[22m\n"}
{"level":"info","time":"2025-05-13T15:07:58.998+0530","caller":"terminal/terminal.go:187","msg":"\u001b[32m✔\u001b[0m [3]  \u001b[2msetup-runtime (13s)\u001b[22m\n"}
{"level":"info","time":"2025-05-13T15:07:59.049+0530","caller":"terminal/terminal.go:187","msg":"\u001b[32m✔\u001b[0m [6]  \u001b[2msetup-runtime (13s)\u001b[22m\n"}
{"level":"info","time":"2025-05-13T15:08:00.449+0530","caller":"terminal/terminal.go:187","msg":"\u001b[32m✔\u001b[0m [2]  \u001b[2msetup-runtime (14s)\u001b[22m\n"}
{"level":"info","time":"2025-05-13T15:08:00.449+0530","caller":"terminal/terminal.go:187","msg":"\u001b[32m✔\u001b[0m [10]  \u001b[2msetup-runtime (14s)\u001b[22m\n"}
{"level":"info","time":"2025-05-13T15:08:01.557+0530","caller":"terminal/terminal.go:187","msg":"\u001b[32m✔\u001b[0m [4]  \u001b[2msetup-runtime (15s)\u001b[22m\n"}
{"level":"info","time":"2025-05-13T15:08:06.108+0530","caller":"terminal/terminal.go:187","msg":"\u001b[32m✔\u001b[0m [11]  \u001b[2msetup-runtime (19s)\u001b[22m\n"}
{"level":"info","time":"2025-05-13T15:08:11.119+0530","caller":"terminal/terminal.go:187","msg":"\u001b[91mx\u001b[0m [9]  \u001b[2msrc/test/resources/apis/features/GetRequest.feature:16 (18s)\u001b[22m\n"}
{"level":"info","time":"2025-05-13T15:08:11.151+0530","caller":"terminal/terminal.go:187","msg":"\u001b[91mx\u001b[0m [8]  \u001b[2msrc/test/resources/apis/features/DeleteRequest.feature:10 (18s)\u001b[22m\n"}
{"level":"info","time":"2025-05-13T15:08:14.892+0530","caller":"terminal/terminal.go:187","msg":"\u001b[91mx\u001b[0m [5]  \u001b[2msrc/test/resources/apis/features/GetRequest.feature:30 (21s)\u001b[22m\n"}
{"level":"info","time":"2025-05-13T15:08:24.240+0530","caller":"terminal/terminal.go:187","msg":"\u001b[91mx\u001b[0m [3]  \u001b[2msrc/test/resources/apis/features/GetRequest.feature:38 (25s)\u001b[22m\n"}
{"level":"info","time":"2025-05-13T15:08:24.273+0530","caller":"terminal/terminal.go:187","msg":"\u001b[91mx\u001b[0m [6]  \u001b[2msrc/test/resources/apis/features/PostRequest.feature:34 (24s)\u001b[22m\n"}
{"level":"info","time":"2025-05-13T15:08:25.116+0530","caller":"terminal/terminal.go:187","msg":"\u001b[91mx\u001b[0m [7]  \u001b[2msrc/test/resources/apis/features/PostRequest.feature:18 (26s)\u001b[22m\n"}
{"level":"info","time":"2025-05-13T15:08:29.210+0530","caller":"terminal/terminal.go:187","msg":"\u001b[91mx\u001b[0m [2]  \u001b[2msrc/test/resources/apis/features/PutRequest.feature:10 (28s)\u001b[22m\n"}
{"level":"info","time":"2025-05-13T15:08:29.230+0530","caller":"terminal/terminal.go:187","msg":"\u001b[91mx\u001b[0m [10]  \u001b[2msrc/test/resources/apis/features/GetRequest.feature:23 (28s)\u001b[22m\n"}
{"level":"info","time":"2025-05-13T15:08:29.454+0530","caller":"terminal/terminal.go:187","msg":"\u001b[91mx\u001b[0m [4]  \u001b[2msrc/test/resources/apis/features/PostRequest.feature:26 (27s)\u001b[22m\n"}
{"level":"info","time":"2025-05-13T15:08:31.461+0530","caller":"terminal/terminal.go:187","msg":"\u001b[91mx\u001b[0m [11]  \u001b[2msrc/test/resources/apis/features/PostRequest.feature:10 (24s)\u001b[22m\n"}
{"level":"debug","time":"2025-05-13T15:08:34.059+0530","caller":"jobmanager/sse_setup.go:199","msg":"Task id: HYPL-1530760-1747129112881444467RNJ"}
{"level":"debug","time":"2025-05-13T15:08:34.059+0530","caller":"jobmanager/sse_setup.go:200","msg":"Sending new task alert to stage manager for taskId: HYPL-1530760-1747129112881444467RNJ"}
{"level":"info","time":"2025-05-13T15:08:35.087+0530","caller":"terminal/terminal.go:187","msg":"\u001b[32m✔\u001b[0m [12]  \u001b[2mpost (1s)\u001b[22m\n"}
{"level":"debug","time":"2025-05-13T15:08:37.049+0530","caller":"jobmanager/sse_setup.go:141","msg":"\n\nJob status"}
{"level":"info","time":"2025-05-13T15:08:37.050+0530","caller":"core/lifecycle.go:781","msg":"taskId:HYPL-1530760-1747129062691342171BLE has failed with remark: error in running test suites - step 1 - exit status 1\n"}
{"level":"info","time":"2025-05-13T15:08:37.050+0530","caller":"core/lifecycle.go:781","msg":"taskId:HYPL-1530760-1747129062742581738ZZF has failed with remark: error in running test suites - step 1 - exit status 1\n"}
{"level":"info","time":"2025-05-13T15:08:37.050+0530","caller":"core/lifecycle.go:781","msg":"taskId:HYPL-1530760-1747129062801596784CQV has failed with remark: error in running test suites - step 1 - exit status 1\n"}
{"level":"info","time":"2025-05-13T15:08:37.050+0530","caller":"core/lifecycle.go:781","msg":"taskId:HYPL-1530760-1747129062851246720FHC has failed with remark: error in running test suites - step 1 - exit status 1\n"}
{"level":"info","time":"2025-05-13T15:08:37.050+0530","caller":"core/lifecycle.go:781","msg":"taskId:HYPL-1530760-1747129062896443517BSA has failed with remark: error in running test suites - step 1 - exit status 1\n"}
{"level":"info","time":"2025-05-13T15:08:37.050+0530","caller":"core/lifecycle.go:781","msg":"taskId:HYPL-1530760-1747129062979231178CAI has failed with remark: error in running test suites - step 1 - exit status 1\n"}
{"level":"info","time":"2025-05-13T15:08:37.050+0530","caller":"core/lifecycle.go:781","msg":"taskId:HYPL-1530760-1747129063023707480TQB has failed with remark: error in running test suites - step 1 - exit status 1\n"}
{"level":"info","time":"2025-05-13T15:08:37.050+0530","caller":"core/lifecycle.go:781","msg":"taskId:HYPL-1530760-1747129063066741581ADH has failed with remark: error in running test suites - step 1 - exit status 1\n"}
{"level":"info","time":"2025-05-13T15:08:37.050+0530","caller":"core/lifecycle.go:781","msg":"taskId:HYPL-1530760-1747129063117460982HMU has failed with remark: error in running test suites - step 1 - exit status 1\n"}
{"level":"info","time":"2025-05-13T15:08:37.050+0530","caller":"core/lifecycle.go:781","msg":"taskId:HYPL-1530760-1747129063160461155QXC has failed with remark: error in running test suites - step 1 - exit status 1\n"}
{"level":"debug","time":"2025-05-13T15:08:37.050+0530","caller":"core/lifecycle.go:874","msg":"Context canceled"}
{"level":"info","time":"2025-05-13T15:08:37.050+0530","caller":"core/lifecycle.go:877","msg":"\u001b[2mStopping pipeline gracefully\u001b[22m"}
{"level":"error","time":"2025-05-13T15:08:37.050+0530","caller":"core/lifecycle.go:880","msg":"2025-05-13T15:06:41+05:30    error    Exiting with error: Failed tasks found."}
{"level":"info","time":"2025-05-13T15:08:37.050+0530","caller":"jobmanager/manager.go:143","msg":"Job Link: \u001b[4m\u001b[34mhttps://hyperexecute.lambdatest.com/hyperexecute/task?jobId=ba3d6d51-01e7-4d0a-8643-08927dca068b\u001b[0m\u001b[24m\n"}
{"level":"debug","time":"2025-05-13T15:08:37.050+0530","caller":"core/lifecycle.go:59","msg":"Quit requested from main goroutine...."}
{"level":"debug","time":"2025-05-13T15:08:37.050+0530","caller":"core/lifecycle.go:60","msg":"Waiting for the goroutines to exit"}
{"level":"info","time":"2025-05-13T15:08:38.018+0530","caller":"jobmanager/JobSummaryManager.go:54","msg":"\n\u001b[101m FAILED \u001b[0m\n"}
{"level":"info","time":"2025-05-13T15:08:38.019+0530","caller":"jobmanager/JobSummaryManager.go:113","msg":"    \u001b[1mTest Execution Time\u001b[22m:                  \u001b[91m38s\u001b[0m"}
{"level":"info","time":"2025-05-13T15:08:38.020+0530","caller":"jobmanager/JobSummaryManager.go:113","msg":"    \u001b[1mJob Duration Time\u001b[22m:                    1m0s"}
{"level":"info","time":"2025-05-13T15:08:38.020+0530","caller":"jobmanager/JobSummaryManager.go:113","msg":"    \u001b[1mTotal Tasks\u001b[22m:                          12"}
{"level":"info","time":"2025-05-13T15:08:38.020+0530","caller":"jobmanager/JobSummaryManager.go:113","msg":"    \u001b[1mCumulative Time Consumed\u001b[22m:             6m41s"}
{"level":"info","time":"2025-05-13T15:08:38.020+0530","caller":"jobmanager/JobSummaryManager.go:113","msg":"    \u001b[1mTotal Stages\u001b[22m:                         12"}
{"level":"info","time":"2025-05-13T15:08:38.020+0530","caller":"jobmanager/JobSummaryManager.go:113","msg":"    \u001b[1mPass discovery stage percentage\u001b[22m:      100.00%"}
{"level":"info","time":"2025-05-13T15:08:38.020+0530","caller":"jobmanager/JobSummaryManager.go:113","msg":"    \u001b[1mFailed discovery stage percentage\u001b[22m:    0.00%"}
{"level":"info","time":"2025-05-13T15:08:38.020+0530","caller":"jobmanager/JobSummaryManager.go:113","msg":"    \u001b[1mPass pre stage percentage\u001b[22m:            0.00%"}
{"level":"info","time":"2025-05-13T15:08:38.020+0530","caller":"jobmanager/JobSummaryManager.go:113","msg":"    \u001b[1mFailed pre stage percentage\u001b[22m:          0.00%"}
{"level":"info","time":"2025-05-13T15:08:38.020+0530","caller":"jobmanager/JobSummaryManager.go:113","msg":"    \u001b[1mPass test stage percentage\u001b[22m:           0.00%"}
{"level":"info","time":"2025-05-13T15:08:38.020+0530","caller":"jobmanager/JobSummaryManager.go:113","msg":"    \u001b[1mFailed test stage percentage\u001b[22m:         \u001b[91m100.00%\u001b[0m"}
{"level":"info","time":"2025-05-13T15:08:38.020+0530","caller":"jobmanager/JobSummaryManager.go:113","msg":"    \u001b[1mPass post stage percentage\u001b[22m:           \u001b[92m100.00%\u001b[0m"}
{"level":"info","time":"2025-05-13T15:08:38.020+0530","caller":"jobmanager/JobSummaryManager.go:113","msg":"    \u001b[1mFailed post stage percentage\u001b[22m:         0.00%"}
{"level":"info","time":"2025-05-13T15:08:38.020+0530","caller":"jobmanager/JobSummaryManager.go:113","msg":"    \u001b[1mFailed Tasks\u001b[22m:                         10"}
{"level":"info","time":"2025-05-13T15:08:38.020+0530","caller":"jobmanager/JobSummaryManager.go:58","msg":""}
{"level":"debug","time":"2025-05-13T15:09:07.051+0530","caller":"cmd/bin.go:385","msg":"Exiting application due to error Failed tasks found."}
{"level":"debug","time":"2025-05-13T15:09:07.051+0530","caller":"cmd/bin.go:346","msg":"main: all goroutines have finished."}
{"level":"debug","time":"2025-05-13T15:12:28.402+0530","caller":"cmd/bin.go:137","msg":"cli os: darwin, cli arch: arm64"}
{"level":"debug","time":"2025-05-13T15:12:29.176+0530","caller":"cmd/bin.go:146","msg":"Upstream version details: {Name:cli Min:0.2.195 Max:0.2.272} "}
{"level":"debug","time":"2025-05-13T15:12:32.323+0530","caller":"core/lifecycle.go:108","msg":"Setting environment"}
{"level":"debug","time":"2025-05-13T15:12:32.324+0530","caller":"core/lifecycle.go:111","msg":"Parsing config"}
{"level":"debug","time":"2025-05-13T15:12:32.325+0530","caller":"yamlconfigmanager/setup.go:717","msg":"Custom location for .hyperexecute.yaml specified. Using: hyperexecute.yaml"}
{"level":"debug","time":"2025-05-13T15:12:32.325+0530","caller":"yamlconfigmanager/setup.go:117","msg":"using hyperexecute config from : hyperexecute.yaml"}
{"level":"debug","time":"2025-05-13T15:12:33.279+0530","caller":"yamlconfigmanager/setup.go:2108","msg":"Autodetecting test type in files of path : /Users/dhakshath/Documents/KarateAPI"}
{"level":"debug","time":"2025-05-13T15:12:33.281+0530","caller":"yamlconfigmanager/setup.go:541","msg":"Tunnel: %!t(<nil>)"}
{"level":"info","time":"2025-05-13T15:12:33.281+0530","caller":"models/HypertestYamlConfig.go:874","msg":"\n\u001b[4m\u001b[1m\u001b[97mExecution Plan\u001b[0m\u001b[22m\u001b[24m"}
{"level":"info","time":"2025-05-13T15:12:33.281+0530","caller":"models/HypertestYamlConfig.go:675","msg":"Mode:    \u001b[36mautosplit\u001b[0m"}
{"level":"info","time":"2025-05-13T15:12:33.281+0530","caller":"models/HypertestYamlConfig.go:735","msg":"Runson:    \u001b[36mmac\u001b[0m"}
{"level":"info","time":"2025-05-13T15:12:33.282+0530","caller":"models/HypertestYamlConfig.go:743","msg":"Concurrency:    \u001b[36m10\u001b[0m"}
{"level":"info","time":"2025-05-13T15:12:33.282+0530","caller":"models/HypertestYamlConfig.go:807","msg":"Report:    \u001b[36menabled\u001b[0m"}
{"level":"info","time":"2025-05-13T15:12:33.282+0530","caller":"models/HypertestYamlConfig.go:821","msg":"Artefacts:"}
{"level":"info","time":"2025-05-13T15:12:33.282+0530","caller":"models/HypertestYamlConfig.go:824","msg":"    Log File:    \u001b[36mtarget/\u001b[0m"}
{"level":"info","time":"2025-05-13T15:12:33.282+0530","caller":"models/HypertestYamlConfig.go:824","msg":"    Karate Report:    \u001b[36mbuild/karate-reports/\u001b[0m"}
{"level":"info","time":"2025-05-13T15:12:33.282+0530","caller":"models/HypertestYamlConfig.go:887","msg":""}
{"level":"debug","time":"2025-05-13T15:12:33.282+0530","caller":"filevalidator/setup.go:49","msg":"Warning: Checking data.json file in current directory, no dataJsonPath found in .hyperexecute.yaml"}
{"level":"debug","time":"2025-05-13T15:12:33.282+0530","caller":"filevalidator/setup.go:53","msg":"Warning: data.json file doesn't exist"}
{"level":"debug","time":"2025-05-13T15:12:35.200+0530","caller":"core/lifecycle.go:516","msg":"Job ID: 4473ef39-1159-4c95-b64c-f06490c3f392"}
{"level":"debug","time":"2025-05-13T15:12:35.200+0530","caller":"events/manager.go:95","msg":"Starting event manager"}
{"level":"debug","time":"2025-05-13T15:12:35.201+0530","caller":"events/manager.go:97","msg":"SSE enabled, getting SSE connection"}
{"level":"debug","time":"2025-05-13T15:12:35.771+0530","caller":"storage/azure.go:59","msg":"Payload size: 742.54 kB, source path /var/folders/d5/vhtnmxhj2cdbdlvq4jlw4dz00000gp/T/git.diff"}
{"level":"debug","time":"2025-05-13T15:12:36.235+0530","caller":"archivemanager/setup.go:340","msg":"digestMap: map[.gitignore:{6789880119083260772 539 .gitignore false} .idea:{0 0 .idea true} .idea/.gitignore:{16279786366844463540 122 .idea/.gitignore false} .idea/gradle.xml:{4659657774069657883 558 .idea/gradle.xml false} .idea/misc.xml:{16225606672018911431 354 .idea/misc.xml false} .idea/vcs.xml:{110729305571302532 242 .idea/vcs.xml false} .idea/workspace.xml:{4422743183823632250 10873 .idea/workspace.xml false} build.gradle:{6402680117770863533 524 build.gradle false} cucumber_context.json:{10190887627203814083 8228 cucumber_context.json false} gradle:{0 0 gradle true} gradle/wrapper:{0 0 gradle/wrapper true} gradle/wrapper/gradle-wrapper.jar:{8142569059071412300 60756 gradle/wrapper/gradle-wrapper.jar false} gradle/wrapper/gradle-wrapper.properties:{5454816729783508739 231 gradle/wrapper/gradle-wrapper.properties false} gradlew:{7922637049471180284 8070 gradlew false} gradlew.bat:{16664544825820606439 2763 gradlew.bat false} hyperexecute.yaml:{7887250855954797446 908 hyperexecute.yaml false} hyperexecute__metadata__.json:{4054876895593581015 60 hyperexecute__metadata__.json false} settings.gradle:{14290926963802788158 30 settings.gradle false} snooper.log:{10362262988316453443 14464 snooper.log false} src:{0 0 src true} src/test:{0 0 src/test true} src/test/java:{0 0 src/test/java true} src/test/java/APIRunner.java:{7850812801501036521 1032 src/test/java/APIRunner.java false} src/test/java/ParallelRunner.java:{15835990256694852921 643 src/test/java/ParallelRunner.java false} src/test/java/TagRunner.java:{16225404343123923587 824 src/test/java/TagRunner.java false} src/test/java/TestRunner.java:{9767021977487237997 793 src/test/java/TestRunner.java false} src/test/resources:{0 0 src/test/resources true} src/test/resources/Karate-config.js:{16327507150798637260 338 src/test/resources/Karate-config.js false} src/test/resources/apis:{0 0 src/test/resources/apis true} src/test/resources/apis/features:{0 0 src/test/resources/apis/features true} src/test/resources/apis/features/DeleteRequest.feature:{7215814100712510453 302 src/test/resources/apis/features/DeleteRequest.feature false} src/test/resources/apis/features/GetRequest.feature:{15584434973548180755 977 src/test/resources/apis/features/GetRequest.feature false} src/test/resources/apis/features/PostRequest.feature:{14869628535307320508 964 src/test/resources/apis/features/PostRequest.feature false} src/test/resources/apis/features/PutRequest.feature:{12666796336522385911 357 src/test/resources/apis/features/PutRequest.feature false} src/test/resources/logback-test.xml:{6758398796316335698 711 src/test/resources/logback-test.xml false}]"}
{"level":"debug","time":"2025-05-13T15:12:36.236+0530","caller":"archivemanager/setup.go:346","msg":"Creating archive of target directory: /Users/dhakshath/Documents/KarateAPI"}
{"level":"debug","time":"2025-05-13T15:12:36.251+0530","caller":"core/lifecycle.go:659","msg":"Zip file size: 4.68 kB"}
{"level":"debug","time":"2025-05-13T15:12:36.251+0530","caller":"core/lifecycle.go:669","msg":"Archive location: /Users/dhakshath/Documents/KarateAPI/hyperexecute-code-4473ef39-1159-4c95-b64c-f06490c3f392.zip\n"}
{"level":"debug","time":"2025-05-13T15:12:36.251+0530","caller":"storage/azure.go:59","msg":"Payload size: 4.68 kB, source path /Users/dhakshath/Documents/KarateAPI/hyperexecute-code-4473ef39-1159-4c95-b64c-f06490c3f392.zip"}
{"level":"debug","time":"2025-05-13T15:12:36.468+0530","caller":"events/manager.go:277","msg":"connection to hyperexecute server established successfully."}
{"level":"info","time":"2025-05-13T15:12:47.858+0530","caller":"storage/azure.go:114","msg":"File upload completed in 12.087586792s"}
{"level":"info","time":"2025-05-13T15:12:53.893+0530","caller":"storage/azure.go:114","msg":"File upload completed in 17.641446792s"}
{"level":"debug","time":"2025-05-13T15:12:53.895+0530","caller":"receptionmanager/setup.go:277","msg":"only one runtime entry detected, mapping it to older yaml format"}
{"level":"debug","time":"2025-05-13T15:12:53.895+0530","caller":"receptionmanager/setup.go:306","msg":"only one partialreports entry detected, mapping it to older yaml format"}
{"level":"debug","time":"2025-05-13T15:12:53.896+0530","caller":"receptionmanager/setup.go:184","msg":"Uploading yaml : /Users/dhakshath/Documents/KarateAPI/.updatedhyperexecute.yaml"}
{"level":"debug","time":"2025-05-13T15:12:53.896+0530","caller":"storage/azure.go:59","msg":"Payload size: 3.87 kB, source path /Users/dhakshath/Documents/KarateAPI/.updatedhyperexecute.yaml"}
{"level":"info","time":"2025-05-13T15:13:03.974+0530","caller":"storage/azure.go:114","msg":"File upload completed in 10.078226667s"}
{"level":"debug","time":"2025-05-13T15:13:03.975+0530","caller":"core/lifecycle.go:696","msg":"Successfully deleted code archive: /Users/dhakshath/Documents/KarateAPI/hyperexecute-code-4473ef39-1159-4c95-b64c-f06490c3f392.zip\n"}
{"level":"debug","time":"2025-05-13T15:13:03.975+0530","caller":"storage/azure.go:59","msg":"Payload size: 892 B, source path mask-4473ef39-1159-4c95-b64c-f06490c3f392.yaml"}
{"level":"info","time":"2025-05-13T15:13:14.036+0530","caller":"storage/azure.go:114","msg":"File upload completed in 10.060900292s"}
{"level":"debug","time":"2025-05-13T15:13:16.260+0530","caller":"jobmanager/sse_setup.go:199","msg":"Task id: HYPM-1530760-1747129394990425504ESQ"}
{"level":"debug","time":"2025-05-13T15:13:16.260+0530","caller":"jobmanager/sse_setup.go:200","msg":"Sending new task alert to stage manager for taskId: HYPM-1530760-1747129394990425504ESQ"}
{"level":"info","time":"2025-05-13T15:14:29.344+0530","caller":"jobmanager/sse_setup.go:85","msg":"\nJob \u001b[1m\u001b[4m4473ef39-1159-4c95-b64c-f06490c3f392\u001b[24m\u001b[22m has started \u001b[97mRUNNING\u001b[0m"}
{"level":"info","time":"2025-05-13T15:14:29.344+0530","caller":"jobmanager/manager.go:143","msg":"Job Link: \u001b[4m\u001b[34mhttps://hyperexecute.lambdatest.com/hyperexecute/task?jobId=4473ef39-1159-4c95-b64c-f06490c3f392\u001b[0m\u001b[24m\n"}
{"level":"info","time":"2025-05-13T15:14:37.219+0530","caller":"terminal/terminal.go:187","msg":"\u001b[32m✔\u001b[0m [1]  \u001b[2msetup-runtime (9s)\u001b[22m\n"}
{"level":"info","time":"2025-05-13T15:14:40.747+0530","caller":"terminal/terminal.go:187","msg":"\u001b[32m✔\u001b[0m [1]  \u001b[2mdiscovery (4s)\u001b[22m\n"}
{"level":"debug","time":"2025-05-13T15:14:41.860+0530","caller":"jobmanager/sse_setup.go:199","msg":"Task id: HYPM-1530760-1747129479982428485CDS"}
{"level":"debug","time":"2025-05-13T15:14:41.860+0530","caller":"jobmanager/sse_setup.go:200","msg":"Sending new task alert to stage manager for taskId: HYPM-1530760-1747129479982428485CDS"}
{"level":"debug","time":"2025-05-13T15:14:41.860+0530","caller":"jobmanager/sse_setup.go:199","msg":"Task id: HYPM-1530760-1747129480044802184HDO"}
{"level":"debug","time":"2025-05-13T15:14:41.860+0530","caller":"jobmanager/sse_setup.go:200","msg":"Sending new task alert to stage manager for taskId: HYPM-1530760-1747129480044802184HDO"}
{"level":"debug","time":"2025-05-13T15:14:41.860+0530","caller":"jobmanager/sse_setup.go:199","msg":"Task id: HYPM-1530760-1747129480097141778HBB"}
{"level":"debug","time":"2025-05-13T15:14:41.860+0530","caller":"jobmanager/sse_setup.go:200","msg":"Sending new task alert to stage manager for taskId: HYPM-1530760-1747129480097141778HBB"}
{"level":"debug","time":"2025-05-13T15:14:41.860+0530","caller":"jobmanager/sse_setup.go:199","msg":"Task id: HYPM-1530760-1747129480144391872XQB"}
{"level":"debug","time":"2025-05-13T15:14:41.860+0530","caller":"jobmanager/sse_setup.go:200","msg":"Sending new task alert to stage manager for taskId: HYPM-1530760-1747129480144391872XQB"}
{"level":"debug","time":"2025-05-13T15:14:41.860+0530","caller":"jobmanager/sse_setup.go:199","msg":"Task id: HYPM-1530760-1747129480194715126PXG"}
{"level":"debug","time":"2025-05-13T15:14:41.860+0530","caller":"jobmanager/sse_setup.go:200","msg":"Sending new task alert to stage manager for taskId: HYPM-1530760-1747129480194715126PXG"}
{"level":"debug","time":"2025-05-13T15:14:41.860+0530","caller":"jobmanager/sse_setup.go:199","msg":"Task id: HYPM-1530760-1747129480246947424TKK"}
{"level":"debug","time":"2025-05-13T15:14:41.860+0530","caller":"jobmanager/sse_setup.go:200","msg":"Sending new task alert to stage manager for taskId: HYPM-1530760-1747129480246947424TKK"}
{"level":"debug","time":"2025-05-13T15:14:41.860+0530","caller":"jobmanager/sse_setup.go:199","msg":"Task id: HYPM-1530760-1747129480289467933SHS"}
{"level":"debug","time":"2025-05-13T15:14:41.860+0530","caller":"jobmanager/sse_setup.go:200","msg":"Sending new task alert to stage manager for taskId: HYPM-1530760-1747129480289467933SHS"}
{"level":"debug","time":"2025-05-13T15:14:41.860+0530","caller":"jobmanager/sse_setup.go:199","msg":"Task id: HYPM-1530760-1747129480335221979ZMD"}
{"level":"debug","time":"2025-05-13T15:14:41.860+0530","caller":"jobmanager/sse_setup.go:200","msg":"Sending new task alert to stage manager for taskId: HYPM-1530760-1747129480335221979ZMD"}
{"level":"debug","time":"2025-05-13T15:14:41.860+0530","caller":"jobmanager/sse_setup.go:199","msg":"Task id: HYPM-1530760-1747129480385925273COY"}
{"level":"debug","time":"2025-05-13T15:14:41.860+0530","caller":"jobmanager/sse_setup.go:200","msg":"Sending new task alert to stage manager for taskId: HYPM-1530760-1747129480385925273COY"}
{"level":"debug","time":"2025-05-13T15:14:41.860+0530","caller":"jobmanager/sse_setup.go:199","msg":"Task id: HYPM-1530760-1747129480423598144SFA"}
{"level":"debug","time":"2025-05-13T15:14:41.860+0530","caller":"jobmanager/sse_setup.go:200","msg":"Sending new task alert to stage manager for taskId: HYPM-1530760-1747129480423598144SFA"}
{"level":"info","time":"2025-05-13T15:15:37.290+0530","caller":"terminal/terminal.go:187","msg":"\u001b[32m✔\u001b[0m [9]  \u001b[2msetup-runtime (7s)\u001b[22m\n"}
{"level":"info","time":"2025-05-13T15:15:43.174+0530","caller":"terminal/terminal.go:187","msg":"\u001b[32m✔\u001b[0m [6]  \u001b[2msetup-runtime (8s)\u001b[22m\n"}
{"level":"info","time":"2025-05-13T15:15:44.378+0530","caller":"terminal/terminal.go:187","msg":"\u001b[32m✔\u001b[0m [11]  \u001b[2msetup-runtime (7s)\u001b[22m\n"}
{"level":"info","time":"2025-05-13T15:15:45.144+0530","caller":"terminal/terminal.go:187","msg":"\u001b[32m✔\u001b[0m [2]  \u001b[2msetup-runtime (8s)\u001b[22m\n"}
{"level":"info","time":"2025-05-13T15:15:45.467+0530","caller":"terminal/terminal.go:187","msg":"\u001b[32m✔\u001b[0m [8]  \u001b[2msetup-runtime (8s)\u001b[22m\n"}
{"level":"info","time":"2025-05-13T15:15:45.479+0530","caller":"terminal/terminal.go:187","msg":"\u001b[32m✔\u001b[0m [7]  \u001b[2msetup-runtime (7s)\u001b[22m\n"}
{"level":"info","time":"2025-05-13T15:15:46.214+0530","caller":"terminal/terminal.go:187","msg":"\u001b[32m✔\u001b[0m [10]  \u001b[2msetup-runtime (8s)\u001b[22m\n"}
{"level":"info","time":"2025-05-13T15:15:48.728+0530","caller":"terminal/terminal.go:187","msg":"\u001b[32m✔\u001b[0m [5]  \u001b[2msetup-runtime (7s)\u001b[22m\n"}
{"level":"info","time":"2025-05-13T15:15:50.164+0530","caller":"terminal/terminal.go:187","msg":"\u001b[32m✔\u001b[0m [4]  \u001b[2msetup-runtime (10s)\u001b[22m\n"}
{"level":"info","time":"2025-05-13T15:15:51.853+0530","caller":"terminal/terminal.go:187","msg":"\u001b[32m✔\u001b[0m [3]  \u001b[2msetup-runtime (13s)\u001b[22m\n"}
{"level":"info","time":"2025-05-13T15:15:59.155+0530","caller":"terminal/terminal.go:187","msg":"\u001b[32m✔\u001b[0m [9]  \u001b[2msrc/test/resources/apis/features/GetRequest.feature:23 (18s)\u001b[22m\n"}
{"level":"info","time":"2025-05-13T15:16:07.502+0530","caller":"terminal/terminal.go:187","msg":"\u001b[32m✔\u001b[0m [6]  \u001b[2msrc/test/resources/apis/features/PostRequest.feature:18 (20s)\u001b[22m\n"}
{"level":"info","time":"2025-05-13T15:16:09.910+0530","caller":"terminal/terminal.go:187","msg":"\u001b[32m✔\u001b[0m [2]  \u001b[2msrc/test/resources/apis/features/GetRequest.feature:16 (21s)\u001b[22m\n"}
{"level":"info","time":"2025-05-13T15:16:11.053+0530","caller":"terminal/terminal.go:187","msg":"\u001b[32m✔\u001b[0m [5]  \u001b[2msrc/test/resources/apis/features/PostRequest.feature:26 (19s)\u001b[22m\n"}
{"level":"info","time":"2025-05-13T15:16:11.299+0530","caller":"terminal/terminal.go:187","msg":"\u001b[32m✔\u001b[0m [8]  \u001b[2msrc/test/resources/apis/features/GetRequest.feature:30 (21s)\u001b[22m\n"}
{"level":"info","time":"2025-05-13T15:16:11.628+0530","caller":"terminal/terminal.go:187","msg":"\u001b[32m✔\u001b[0m [11]  \u001b[2msrc/test/resources/apis/features/GetRequest.feature:38 (23s)\u001b[22m\n"}
{"level":"info","time":"2025-05-13T15:16:12.580+0530","caller":"terminal/terminal.go:187","msg":"\u001b[32m✔\u001b[0m [7]  \u001b[2msrc/test/resources/apis/features/PostRequest.feature:34 (23s)\u001b[22m\n"}
{"level":"info","time":"2025-05-13T15:16:14.354+0530","caller":"terminal/terminal.go:187","msg":"\u001b[32m✔\u001b[0m [10]  \u001b[2msrc/test/resources/apis/features/PutRequest.feature:10 (24s)\u001b[22m\n"}
{"level":"info","time":"2025-05-13T15:16:14.423+0530","caller":"terminal/terminal.go:187","msg":"\u001b[32m✔\u001b[0m [4]  \u001b[2msrc/test/resources/apis/features/DeleteRequest.feature:10 (20s)\u001b[22m\n"}
{"level":"info","time":"2025-05-13T15:16:15.633+0530","caller":"terminal/terminal.go:187","msg":"\u001b[32m✔\u001b[0m [3]  \u001b[2msrc/test/resources/apis/features/PostRequest.feature:10 (19s)\u001b[22m\n"}
{"level":"debug","time":"2025-05-13T15:16:20.064+0530","caller":"jobmanager/sse_setup.go:199","msg":"Task id: HYPL-1530760-1747129578838754033JGY"}
{"level":"debug","time":"2025-05-13T15:16:20.064+0530","caller":"jobmanager/sse_setup.go:200","msg":"Sending new task alert to stage manager for taskId: HYPL-1530760-1747129578838754033JGY"}
{"level":"info","time":"2025-05-13T15:16:21.145+0530","caller":"terminal/terminal.go:187","msg":"\u001b[32m✔\u001b[0m [12]  \u001b[2mpost (1s)\u001b[22m\n"}
{"level":"debug","time":"2025-05-13T15:16:23.150+0530","caller":"jobmanager/sse_setup.go:141","msg":"\n\nJob status"}
{"level":"debug","time":"2025-05-13T15:16:23.150+0530","caller":"core/lifecycle.go:874","msg":"Context canceled"}
{"level":"info","time":"2025-05-13T15:16:23.151+0530","caller":"core/lifecycle.go:877","msg":"\u001b[2mStopping pipeline gracefully\u001b[22m"}
{"level":"info","time":"2025-05-13T15:16:23.151+0530","caller":"jobmanager/manager.go:143","msg":"Job Link: \u001b[4m\u001b[34mhttps://hyperexecute.lambdatest.com/hyperexecute/task?jobId=4473ef39-1159-4c95-b64c-f06490c3f392\u001b[0m\u001b[24m\n"}
{"level":"debug","time":"2025-05-13T15:16:23.151+0530","caller":"core/lifecycle.go:59","msg":"Quit requested from main goroutine...."}
{"level":"debug","time":"2025-05-13T15:16:23.151+0530","caller":"core/lifecycle.go:60","msg":"Waiting for the goroutines to exit"}
{"level":"info","time":"2025-05-13T15:16:23.951+0530","caller":"jobmanager/JobSummaryManager.go:54","msg":"\n\u001b[102m\u001b[1m\u001b[30m COMPLETED \u001b[0m\u001b[22m\u001b[0m\n"}
{"level":"info","time":"2025-05-13T15:16:23.952+0530","caller":"jobmanager/JobSummaryManager.go:113","msg":"    \u001b[1mTest Execution Time\u001b[22m:                  \u001b[92m34s\u001b[0m"}
{"level":"info","time":"2025-05-13T15:16:23.953+0530","caller":"jobmanager/JobSummaryManager.go:113","msg":"    \u001b[1mJob Duration Time\u001b[22m:                    1m53s"}
{"level":"info","time":"2025-05-13T15:16:23.953+0530","caller":"jobmanager/JobSummaryManager.go:113","msg":"    \u001b[1mTotal Tasks\u001b[22m:                          12"}
{"level":"info","time":"2025-05-13T15:16:23.953+0530","caller":"jobmanager/JobSummaryManager.go:113","msg":"    \u001b[1mCumulative Time Consumed\u001b[22m:             6m27s"}
{"level":"info","time":"2025-05-13T15:16:23.953+0530","caller":"jobmanager/JobSummaryManager.go:113","msg":"    \u001b[1mTotal Stages\u001b[22m:                         12"}
{"level":"info","time":"2025-05-13T15:16:23.953+0530","caller":"jobmanager/JobSummaryManager.go:113","msg":"    \u001b[1mPass discovery stage percentage\u001b[22m:      100.00%"}
{"level":"info","time":"2025-05-13T15:16:23.953+0530","caller":"jobmanager/JobSummaryManager.go:113","msg":"    \u001b[1mFailed discovery stage percentage\u001b[22m:    0.00%"}
{"level":"info","time":"2025-05-13T15:16:23.953+0530","caller":"jobmanager/JobSummaryManager.go:113","msg":"    \u001b[1mPass pre stage percentage\u001b[22m:            0.00%"}
{"level":"info","time":"2025-05-13T15:16:23.953+0530","caller":"jobmanager/JobSummaryManager.go:113","msg":"    \u001b[1mFailed pre stage percentage\u001b[22m:          0.00%"}
{"level":"info","time":"2025-05-13T15:16:23.953+0530","caller":"jobmanager/JobSummaryManager.go:113","msg":"    \u001b[1mPass test stage percentage\u001b[22m:           \u001b[92m100.00%\u001b[0m"}
{"level":"info","time":"2025-05-13T15:16:23.953+0530","caller":"jobmanager/JobSummaryManager.go:113","msg":"    \u001b[1mFailed test stage percentage\u001b[22m:         0.00%"}
{"level":"info","time":"2025-05-13T15:16:23.953+0530","caller":"jobmanager/JobSummaryManager.go:113","msg":"    \u001b[1mPass post stage percentage\u001b[22m:           \u001b[92m100.00%\u001b[0m"}
{"level":"info","time":"2025-05-13T15:16:23.953+0530","caller":"jobmanager/JobSummaryManager.go:113","msg":"    \u001b[1mFailed post stage percentage\u001b[22m:         0.00%"}
{"level":"info","time":"2025-05-13T15:16:23.953+0530","caller":"jobmanager/JobSummaryManager.go:113","msg":"    \u001b[1mFailed Tasks\u001b[22m:                         0"}
{"level":"info","time":"2025-05-13T15:16:23.953+0530","caller":"jobmanager/JobSummaryManager.go:58","msg":""}
{"level":"debug","time":"2025-05-13T15:16:53.153+0530","caller":"cmd/bin.go:346","msg":"main: all goroutines have finished."}
{"level":"warn","time":"2025-06-05T19:07:43.085+0530","caller":"globalconfigvalidator/setup.go:45","msg":"Found user credentials in env and cli flag both, credentials in env will be ignored"}
{"level":"warn","time":"2025-06-05T19:07:43.086+0530","caller":"globalconfigvalidator/setup.go:50","msg":"Found key credentials in env and cli flag both, credentials in env will be ignored"}
{"level":"debug","time":"2025-06-05T19:07:43.250+0530","caller":"config/model.go:117","msg":"Found dashboard host hypexwfperf-1843-dashboard.hyperexecute.cloud"}
{"level":"debug","time":"2025-06-05T19:07:43.327+0530","caller":"config/model.go:128","msg":"Found auth host hypexwfperf-1843-auth.hyperexecute.cloud"}
{"level":"debug","time":"2025-06-05T19:07:44.549+0530","caller":"cmd/bin.go:137","msg":"cli os: darwin, cli arch: arm64"}
{"level":"debug","time":"2025-06-05T19:07:45.731+0530","caller":"cmd/bin.go:146","msg":"Upstream version details: {Name:cli Min:0.2.254 Max:0.2.280} "}
{"level":"warn","time":"2025-06-05T19:07:45.733+0530","caller":"globalconfigvalidator/setup.go:45","msg":"Found user credentials in env and cli flag both, credentials in env will be ignored"}
{"level":"warn","time":"2025-06-05T19:07:45.734+0530","caller":"globalconfigvalidator/setup.go:50","msg":"Found key credentials in env and cli flag both, credentials in env will be ignored"}
{"level":"debug","time":"2025-06-05T19:07:49.458+0530","caller":"core/lifecycle.go:108","msg":"Setting environment"}
{"level":"debug","time":"2025-06-05T19:07:49.458+0530","caller":"core/lifecycle.go:111","msg":"Parsing config"}
{"level":"debug","time":"2025-06-05T19:07:49.458+0530","caller":"yamlconfigmanager/setup.go:717","msg":"Custom location for .hyperexecute.yaml specified. Using: YAML/On_Prem_YAML/hyperexecute_QAF_All_Features.yaml"}
{"level":"error","time":"2025-06-05T19:07:49.458+0530","caller":"core/lifecycle.go:116","msg":"2025-06-05T19:07:43+05:30    error    \u001b[91mERR::NO::HTY\u001b[0m     Unable to find hyperexecute config file.    No file found at location YAML/On_Prem_YAML/hyperexecute_QAF_All_Features.yaml"}
{"level":"debug","time":"2025-06-05T19:07:49.458+0530","caller":"core/lifecycle.go:59","msg":"Quit requested from main goroutine...."}
{"level":"debug","time":"2025-06-05T19:07:49.458+0530","caller":"core/lifecycle.go:60","msg":"Waiting for the goroutines to exit"}
{"level":"debug","time":"2025-06-05T19:07:49.458+0530","caller":"core/lifecycle.go:63","msg":"All lifecycle goroutines exited"}
{"level":"debug","time":"2025-06-05T19:07:49.458+0530","caller":"cmd/bin.go:385","msg":"Exiting application due to error \u001b[91mERR::NO::HTY\u001b[0m     Unable to find hyperexecute config file.    No file found at location YAML/On_Prem_YAML/hyperexecute_QAF_All_Features.yaml"}
{"level":"warn","time":"2025-06-05T19:08:47.340+0530","caller":"globalconfigvalidator/setup.go:45","msg":"Found user credentials in env and cli flag both, credentials in env will be ignored"}
{"level":"warn","time":"2025-06-05T19:08:47.342+0530","caller":"globalconfigvalidator/setup.go:50","msg":"Found key credentials in env and cli flag both, credentials in env will be ignored"}
{"level":"debug","time":"2025-06-05T19:08:47.425+0530","caller":"config/model.go:117","msg":"Found dashboard host hypexwfperf-1843-dashboard.hyperexecute.cloud"}
{"level":"debug","time":"2025-06-05T19:08:47.426+0530","caller":"config/model.go:128","msg":"Found auth host hypexwfperf-1843-auth.hyperexecute.cloud"}
{"level":"debug","time":"2025-06-05T19:08:48.638+0530","caller":"cmd/bin.go:137","msg":"cli os: darwin, cli arch: arm64"}
{"level":"debug","time":"2025-06-05T19:08:49.822+0530","caller":"cmd/bin.go:146","msg":"Upstream version details: {Name:cli Min:0.2.254 Max:0.2.280} "}
{"level":"warn","time":"2025-06-05T19:08:49.824+0530","caller":"globalconfigvalidator/setup.go:45","msg":"Found user credentials in env and cli flag both, credentials in env will be ignored"}
{"level":"warn","time":"2025-06-05T19:08:49.825+0530","caller":"globalconfigvalidator/setup.go:50","msg":"Found key credentials in env and cli flag both, credentials in env will be ignored"}
{"level":"debug","time":"2025-06-05T19:08:52.840+0530","caller":"core/lifecycle.go:108","msg":"Setting environment"}
{"level":"debug","time":"2025-06-05T19:08:52.840+0530","caller":"core/lifecycle.go:111","msg":"Parsing config"}
{"level":"debug","time":"2025-06-05T19:08:52.841+0530","caller":"yamlconfigmanager/setup.go:717","msg":"Custom location for .hyperexecute.yaml specified. Using: hyperexecute.yaml"}
{"level":"debug","time":"2025-06-05T19:08:52.841+0530","caller":"yamlconfigmanager/setup.go:117","msg":"using hyperexecute config from : hyperexecute.yaml"}
{"level":"debug","time":"2025-06-05T19:08:54.626+0530","caller":"yamlconfigmanager/setup.go:2108","msg":"Autodetecting test type in files of path : /Users/dhakshath/Documents/KarateAPI"}
{"level":"debug","time":"2025-06-05T19:08:54.627+0530","caller":"yamlconfigmanager/setup.go:541","msg":"Tunnel: %!t(<nil>)"}
{"level":"info","time":"2025-06-05T19:08:54.627+0530","caller":"models/HypertestYamlConfig.go:874","msg":"\n\u001b[4m\u001b[1m\u001b[97mExecution Plan\u001b[0m\u001b[22m\u001b[24m"}
{"level":"info","time":"2025-06-05T19:08:54.628+0530","caller":"models/HypertestYamlConfig.go:675","msg":"Mode:    \u001b[36mautosplit\u001b[0m"}
{"level":"info","time":"2025-06-05T19:08:54.628+0530","caller":"models/HypertestYamlConfig.go:735","msg":"Runson:    \u001b[36mlinux\u001b[0m"}
{"level":"info","time":"2025-06-05T19:08:54.628+0530","caller":"models/HypertestYamlConfig.go:743","msg":"Concurrency:    \u001b[36m10\u001b[0m"}
{"level":"info","time":"2025-06-05T19:08:54.628+0530","caller":"models/HypertestYamlConfig.go:807","msg":"Report:    \u001b[36menabled\u001b[0m"}
{"level":"info","time":"2025-06-05T19:08:54.628+0530","caller":"models/HypertestYamlConfig.go:821","msg":"Artefacts:"}
{"level":"info","time":"2025-06-05T19:08:54.628+0530","caller":"models/HypertestYamlConfig.go:824","msg":"    Log File:    \u001b[36mtarget/\u001b[0m"}
{"level":"info","time":"2025-06-05T19:08:54.628+0530","caller":"models/HypertestYamlConfig.go:824","msg":"    Karate Report:    \u001b[36mbuild/karate-reports/\u001b[0m"}
{"level":"info","time":"2025-06-05T19:08:54.628+0530","caller":"models/HypertestYamlConfig.go:839","msg":"Cache Directories:"}
{"level":"info","time":"2025-06-05T19:08:54.628+0530","caller":"models/HypertestYamlConfig.go:841","msg":"    \u001b[36m.gradle\u001b[0m"}
{"level":"info","time":"2025-06-05T19:08:54.628+0530","caller":"models/HypertestYamlConfig.go:841","msg":"    \u001b[36mgradle/wrapper\u001b[0m"}
{"level":"info","time":"2025-06-05T19:08:54.628+0530","caller":"models/HypertestYamlConfig.go:887","msg":""}
{"level":"debug","time":"2025-06-05T19:08:54.628+0530","caller":"filevalidator/setup.go:49","msg":"Warning: Checking data.json file in current directory, no dataJsonPath found in .hyperexecute.yaml"}
{"level":"debug","time":"2025-06-05T19:08:54.628+0530","caller":"filevalidator/setup.go:53","msg":"Warning: data.json file doesn't exist"}
{"level":"debug","time":"2025-06-05T19:08:58.137+0530","caller":"core/lifecycle.go:516","msg":"Job ID: b4ed39dd-51a4-4bed-95c0-92f22dcf636a"}
{"level":"debug","time":"2025-06-05T19:09:00.211+0530","caller":"archivemanager/setup.go:340","msg":"digestMap: map[.DS_Store:{3871810194567043080 6148 .DS_Store false} .classpath:{8827601988711166433 2000 .classpath false} .gitignore:{11051052422951732985 9 .gitignore false} .hyperexecute.exe.old:{1814488955344391496 31111392 .hyperexecute.exe.old false} .hyperexecute.yaml:{7538582188657674 3969 .hyperexecute.yaml false} .idea:{0 0 .idea true} .idea/.gitignore:{16279786366844463540 122 .idea/.gitignore false} .idea/compiler.xml:{4782826776331281393 541 .idea/compiler.xml false} .idea/encodings.xml:{6192254966890951896 261 .idea/encodings.xml false} .idea/jarRepositories.xml:{17822188902630846375 845 .idea/jarRepositories.xml false} .idea/misc.xml:{11846752138597214634 467 .idea/misc.xml false} .idea/shelf:{0 0 .idea/shelf true} .idea/shelf/Changes:{0 0 .idea/shelf/Changes true} .idea/shelf/Changes.xml:{2521148387131059365 430 .idea/shelf/Changes.xml false} .idea/shelf/Changes/shelved.patch:{12147597570052827992 6226 .idea/shelf/Changes/shelved.patch false} .idea/vcs.xml:{10229679421546700793 219 .idea/vcs.xml false} .idea/workspace.xml:{4632358011955573262 12485 .idea/workspace.xml false} .m2:{0 0 .m2 true} .m2/aopalliance:{0 0 .m2/aopalliance true} .m2/aopalliance/aopalliance:{0 0 .m2/aopalliance/aopalliance true} .m2/aopalliance/aopalliance/1.0:{0 0 .m2/aopalliance/aopalliance/1.0 true} .m2/aopalliance/aopalliance/1.0/_remote.repositories:{2055656164625264545 198 .m2/aopalliance/aopalliance/1.0/_remote.repositories false} .m2/aopalliance/aopalliance/1.0/aopalliance-1.0.jar:{8640851505310514781 4467 .m2/aopalliance/aopalliance/1.0/aopalliance-1.0.jar false} .m2/aopalliance/aopalliance/1.0/aopalliance-1.0.jar.sha1:{1190776743322357531 40 .m2/aopalliance/aopalliance/1.0/aopalliance-1.0.jar.sha1 false} .m2/aopalliance/aopalliance/1.0/aopalliance-1.0.pom:{13020814188901595997 363 .m2/aopalliance/aopalliance/1.0/aopalliance-1.0.pom false} .m2/aopalliance/aopalliance/1.0/aopalliance-1.0.pom.sha1:{14944149356548167620 40 .m2/aopalliance/aopalliance/1.0/aopalliance-1.0.pom.sha1 false} .m2/com:{0 0 .m2/com true} .m2/com/aventstack:{0 0 .m2/com/aventstack true} .m2/com/aventstack/extentreports:{0 0 .m2/com/aventstack/extentreports true} .m2/com/aventstack/extentreports/5.0.9:{0 0 .m2/com/aventstack/extentreports/5.0.9 true} .m2/com/aventstack/extentreports/5.0.9/_remote.repositories:{3599226671233578408 206 .m2/com/aventstack/extentreports/5.0.9/_remote.repositories false} .m2/com/aventstack/extentreports/5.0.9/extentreports-5.0.9.jar:{11167854787359871735 1009145 .m2/com/aventstack/extentreports/5.0.9/extentreports-5.0.9.jar false} .m2/com/aventstack/extentreports/5.0.9/extentreports-5.0.9.jar.sha1:{4575055614082330531 40 .m2/com/aventstack/extentreports/5.0.9/extentreports-5.0.9.jar.sha1 false} .m2/com/aventstack/extentreports/5.0.9/extentreports-5.0.9.pom:{16353115263207250542 5014 .m2/com/aventstack/extentreports/5.0.9/extentreports-5.0.9.pom false} .m2/com/aventstack/extentreports/5.0.9/extentreports-5.0.9.pom.sha1:{9375273061354240150 40 .m2/com/aventstack/extentreports/5.0.9/extentreports-5.0.9.pom.sha1 false} .m2/com/beust:{0 0 .m2/com/beust true} .m2/com/beust/jcommander:{0 0 .m2/com/beust/jcommander true} .m2/com/beust/jcommander/1.48:{0 0 .m2/com/beust/jcommander/1.48 true} .m2/com/beust/jcommander/1.48/_remote.repositories:{14428198224555434289 169 .m2/com/beust/jcommander/1.48/_remote.repositories false} .m2/com/beust/jcommander/1.48/jcommander-1.48.pom:{15101097143417644431 9293 .m2/com/beust/jcommander/1.48/jcommander-1.48.pom false} .m2/com/beust/jcommander/1.48/jcommander-1.48.pom.sha1:{17002790306828687564 40 .m2/com/beust/jcommander/1.48/jcommander-1.48.pom.sha1 false} .m2/com/beust/jcommander/1.72:{0 0 .m2/com/beust/jcommander/1.72 true} .m2/com/beust/jcommander/1.72/_remote.repositories:{6871644896464805311 198 .m2/com/beust/jcommander/1.72/_remote.repositories false} .m2/com/beust/jcommander/1.72/jcommander-1.72.jar:{6547532299235979881 69254 .m2/com/beust/jcommander/1.72/jcommander-1.72.jar false} .m2/com/beust/jcommander/1.72/jcommander-1.72.jar.sha1:{16016392486715323948 40 .m2/com/beust/jcommander/1.72/jcommander-1.72.jar.sha1 false} .m2/com/beust/jcommander/1.72/jcommander-1.72.pom:{13678462345632190305 1204 .m2/com/beust/jcommander/1.72/jcommander-1.72.pom false} .m2/com/beust/jcommander/1.72/jcommander-1.72.pom.sha1:{16825654063958410703 40 .m2/com/beust/jcommander/1.72/jcommander-1.72.pom.sha1 false} .m2/com/beust/jcommander/1.81:{0 0 .m2/com/beust/jcommander/1.81 true} .m2/com/beust/jcommander/1.81/_remote.repositories:{13738636754171219635 169 .m2/com/beust/jcommander/1.81/_remote.repositories false} .m2/com/beust/jcommander/1.81/jcommander-1.81.pom:{7234989363654561328 1474 .m2/com/beust/jcommander/1.81/jcommander-1.81.pom false} .m2/com/beust/jcommander/1.81/jcommander-1.81.pom.sha1:{7635698357627153985 40 .m2/com/beust/jcommander/1.81/jcommander-1.81.pom.sha1 false} .m2/com/beust/jcommander/1.82:{0 0 .m2/com/beust/jcommander/1.82 true} .m2/com/beust/jcommander/1.82/_remote.repositories:{14108766962870698505 198 .m2/com/beust/jcommander/1.82/_remote.repositories false} .m2/com/beust/jcommander/1.82/jcommander-1.82.jar:{8708211529932618520 88407 .m2/com/beust/jcommander/1.82/jcommander-1.82.jar false} .m2/com/beust/jcommander/1.82/jcommander-1.82.jar.sha1:{7006066463145107274 40 .m2/com/beust/jcommander/1.82/jcommander-1.82.jar.sha1 false} .m2/com/beust/jcommander/1.82/jcommander-1.82.pom:{7308240835244755759 1511 .m2/com/beust/jcommander/1.82/jcommander-1.82.pom false} .m2/com/beust/jcommander/1.82/jcommander-1.82.pom.sha1:{13820791130852464342 40 .m2/com/beust/jcommander/1.82/jcommander-1.82.pom.sha1 false} .m2/com/fasterxml:{0 0 .m2/com/fasterxml true} .m2/com/fasterxml/jackson:{0 0 .m2/com/fasterxml/jackson true} .m2/com/fasterxml/jackson/core:{0 0 .m2/com/fasterxml/jackson/core true} .m2/com/fasterxml/jackson/core/jackson-annotations:{0 0 .m2/com/fasterxml/jackson/core/jackson-annotations true} .m2/com/fasterxml/jackson/core/jackson-annotations/2.10.3:{0 0 .m2/com/fasterxml/jackson/core/jackson-annotations/2.10.3 true} .m2/com/fasterxml/jackson/core/jackson-annotations/2.10.3/_remote.repositories:{4782652882935281680 220 .m2/com/fasterxml/jackson/core/jackson-annotations/2.10.3/_remote.repositories false} .m2/com/fasterxml/jackson/core/jackson-annotations/2.10.3/jackson-annotations-2.10.3.jar:{8976542430553432777 68079 .m2/com/fasterxml/jackson/core/jackson-annotations/2.10.3/jackson-annotations-2.10.3.jar false} .m2/com/fasterxml/jackson/core/jackson-annotations/2.10.3/jackson-annotations-2.10.3.jar.sha1:{7203983492187895405 40 .m2/com/fasterxml/jackson/core/jackson-annotations/2.10.3/jackson-annotations-2.10.3.jar.sha1 false} .m2/com/fasterxml/jackson/core/jackson-annotations/2.10.3/jackson-annotations-2.10.3.pom:{18367642678335387962 3437 .m2/com/fasterxml/jackson/core/jackson-annotations/2.10.3/jackson-annotations-2.10.3.pom false} .m2/com/fasterxml/jackson/core/jackson-annotations/2.10.3/jackson-annotations-2.10.3.pom.sha1:{18015497965006027458 40 .m2/com/fasterxml/jackson/core/jackson-annotations/2.10.3/jackson-annotations-2.10.3.pom.sha1 false} .m2/com/fasterxml/jackson/core/jackson-core:{0 0 .m2/com/fasterxml/jackson/core/jackson-core true} .m2/com/fasterxml/jackson/core/jackson-core/2.10.3:{0 0 .m2/com/fasterxml/jackson/core/jackson-core/2.10.3 true} .m2/com/fasterxml/jackson/core/jackson-core/2.10.3/_remote.repositories:{11304508939228804349 206 .m2/com/fasterxml/jackson/core/jackson-core/2.10.3/_remote.repositories false} .m2/com/fasterxml/jackson/core/jackson-core/2.10.3/jackson-core-2.10.3.jar:{9684725882353424491 349108 .m2/com/fasterxml/jackson/core/jackson-core/2.10.3/jackson-core-2.10.3.jar false} .m2/com/fasterxml/jackson/core/jackson-core/2.10.3/jackson-core-2.10.3.jar.sha1:{6006464487260496707 40 .m2/com/fasterxml/jackson/core/jackson-core/2.10.3/jackson-core-2.10.3.jar.sha1 false} .m2/com/fasterxml/jackson/core/jackson-core/2.10.3/jackson-core-2.10.3.pom:{17754676494374003937 4640 .m2/com/fasterxml/jackson/core/jackson-core/2.10.3/jackson-core-2.10.3.pom false} .m2/com/fasterxml/jackson/core/jackson-core/2.10.3/jackson-core-2.10.3.pom.sha1:{11878643074165616403 40 .m2/com/fasterxml/jackson/core/jackson-core/2.10.3/jackson-core-2.10.3.pom.sha1 false} .m2/com/fasterxml/jackson/core/jackson-databind:{0 0 .m2/com/fasterxml/jackson/core/jackson-databind true} .m2/com/fasterxml/jackson/core/jackson-databind/2.10.3:{0 0 .m2/com/fasterxml/jackson/core/jackson-databind/2.10.3 true} .m2/com/fasterxml/jackson/core/jackson-databind/2.10.3/_remote.repositories:{5638848105731338697 214 .m2/com/fasterxml/jackson/core/jackson-databind/2.10.3/_remote.repositories false} .m2/com/fasterxml/jackson/core/jackson-databind/2.10.3/jackson-databind-2.10.3.jar:{6985969164691562185 1404171 .m2/com/fasterxml/jackson/core/jackson-databind/2.10.3/jackson-databind-2.10.3.jar false} .m2/com/fasterxml/jackson/core/jackson-databind/2.10.3/jackson-databind-2.10.3.jar.sha1:{640423314729906023 40 .m2/com/fasterxml/jackson/core/jackson-databind/2.10.3/jackson-databind-2.10.3.jar.sha1 false} .m2/com/fasterxml/jackson/core/jackson-databind/2.10.3/jackson-databind-2.10.3.pom:{17854321844698947957 7153 .m2/com/fasterxml/jackson/core/jackson-databind/2.10.3/jackson-databind-2.10.3.pom false} .m2/com/fasterxml/jackson/core/jackson-databind/2.10.3/jackson-databind-2.10.3.pom.sha1:{12777590130777051585 40 .m2/com/fasterxml/jackson/core/jackson-databind/2.10.3/jackson-databind-2.10.3.pom.sha1 false} .m2/com/fasterxml/jackson/jackson-base:{0 0 .m2/com/fasterxml/jackson/jackson-base true} .m2/com/fasterxml/jackson/jackson-base/2.10.3:{0 0 .m2/com/fasterxml/jackson/jackson-base/2.10.3 true} .m2/com/fasterxml/jackson/jackson-base/2.10.3/_remote.repositories:{6563663546901356050 173 .m2/com/fasterxml/jackson/jackson-base/2.10.3/_remote.repositories false} .m2/com/fasterxml/jackson/jackson-base/2.10.3/jackson-base-2.10.3.pom:{7556229033884706938 7224 .m2/com/fasterxml/jackson/jackson-base/2.10.3/jackson-base-2.10.3.pom false} .m2/com/fasterxml/jackson/jackson-base/2.10.3/jackson-base-2.10.3.pom.sha1:{12332261827399233958 40 .m2/com/fasterxml/jackson/jackson-base/2.10.3/jackson-base-2.10.3.pom.sha1 false} .m2/com/fasterxml/jackson/jackson-bom:{0 0 .m2/com/fasterxml/jackson/jackson-bom true} .m2/com/fasterxml/jackson/jackson-bom/2.10.3:{0 0 .m2/com/fasterxml/jackson/jackson-bom/2.10.3 true} .m2/com/fasterxml/jackson/jackson-bom/2.10.3/_remote.repositories:{3133653385670548202 172 .m2/com/fasterxml/jackson/jackson-bom/2.10.3/_remote.repositories false} .m2/com/fasterxml/jackson/jackson-bom/2.10.3/jackson-bom-2.10.3.pom:{18038409235158924671 12506 .m2/com/fasterxml/jackson/jackson-bom/2.10.3/jackson-bom-2.10.3.pom false} .m2/com/fasterxml/jackson/jackson-bom/2.10.3/jackson-bom-2.10.3.pom.sha1:{370812860192076579 40 .m2/com/fasterxml/jackson/jackson-bom/2.10.3/jackson-bom-2.10.3.pom.sha1 false} .m2/com/fasterxml/jackson/jackson-parent:{0 0 .m2/com/fasterxml/jackson/jackson-parent true} .m2/com/fasterxml/jackson/jackson-parent/2.10:{0 0 .m2/com/fasterxml/jackson/jackson-parent/2.10 true} .m2/com/fasterxml/jackson/jackson-parent/2.10/_remote.repositories:{14375527874027166480 173 .m2/com/fasterxml/jackson/jackson-parent/2.10/_remote.repositories false} .m2/com/fasterxml/jackson/jackson-parent/2.10/jackson-parent-2.10.pom:{12099767455744515349 8253 .m2/com/fasterxml/jackson/jackson-parent/2.10/jackson-parent-2.10.pom false} .m2/com/fasterxml/jackson/jackson-parent/2.10/jackson-parent-2.10.pom.sha1:{2165976069879420190 40 .m2/com/fasterxml/jackson/jackson-parent/2.10/jackson-parent-2.10.pom.sha1 false} .m2/com/fasterxml/oss-parent:{0 0 .m2/com/fasterxml/oss-parent true} .m2/com/fasterxml/oss-parent/38:{0 0 .m2/com/fasterxml/oss-parent/38 true} .m2/com/fasterxml/oss-parent/38/_remote.repositories:{18432101813424911948 167 .m2/com/fasterxml/oss-parent/38/_remote.repositories false} .m2/com/fasterxml/oss-parent/38/oss-parent-38.pom:{14245523560045555171 23048 .m2/com/fasterxml/oss-parent/38/oss-parent-38.pom false} .m2/com/fasterxml/oss-parent/38/oss-parent-38.pom.sha1:{16562577545568086276 40 .m2/com/fasterxml/oss-parent/38/oss-parent-38.pom.sha1 false} .m2/com/github:{0 0 .m2/com/github true} .m2/com/github/docker-java:{0 0 .m2/com/github/docker-java true} .m2/com/github/docker-java/docker-java:{0 0 .m2/com/github/docker-java/docker-java true} .m2/com/github/docker-java/docker-java-api:{0 0 .m2/com/github/docker-java/docker-java-api true} .m2/com/github/docker-java/docker-java-api/3.3.4:{0 0 .m2/com/github/docker-java/docker-java-api/3.3.4 true} .m2/com/github/docker-java/docker-java-api/3.3.4/_remote.repositories:{3424401380171770798 210 .m2/com/github/docker-java/docker-java-api/3.3.4/_remote.repositories false} .m2/com/github/docker-java/docker-java-api/3.3.4/docker-java-api-3.3.4.jar:{16767712109677782675 470999 .m2/com/github/docker-java/docker-java-api/3.3.4/docker-java-api-3.3.4.jar false} .m2/com/github/docker-java/docker-java-api/3.3.4/docker-java-api-3.3.4.jar.sha1:{15785241985653932960 40 .m2/com/github/docker-java/docker-java-api/3.3.4/docker-java-api-3.3.4.jar.sha1 false} .m2/com/github/docker-java/docker-java-api/3.3.4/docker-java-api-3.3.4.pom:{13347413464865251673 2282 .m2/com/github/docker-java/docker-java-api/3.3.4/docker-java-api-3.3.4.pom false} .m2/com/github/docker-java/docker-java-api/3.3.4/docker-java-api-3.3.4.pom.sha1:{6318018854667353341 40 .m2/com/github/docker-java/docker-java-api/3.3.4/docker-java-api-3.3.4.pom.sha1 false} .m2/com/github/docker-java/docker-java-core:{0 0 .m2/com/github/docker-java/docker-java-core true} .m2/com/github/docker-java/docker-java-core/3.3.4:{0 0 .m2/com/github/docker-java/docker-java-core/3.3.4 true} .m2/com/github/docker-java/docker-java-core/3.3.4/_remote.repositories:{12279843895948642701 212 .m2/com/github/docker-java/docker-java-core/3.3.4/_remote.repositories false} .m2/com/github/docker-java/docker-java-core/3.3.4/docker-java-core-3.3.4.jar:{6821225104076273763 372211 .m2/com/github/docker-java/docker-java-core/3.3.4/docker-java-core-3.3.4.jar false} .m2/com/github/docker-java/docker-java-core/3.3.4/docker-java-core-3.3.4.jar.sha1:{16857725506381434928 40 .m2/com/github/docker-java/docker-java-core/3.3.4/docker-java-core-3.3.4.jar.sha1 false} .m2/com/github/docker-java/docker-java-core/3.3.4/docker-java-core-3.3.4.pom:{10960859659151379995 2933 .m2/com/github/docker-java/docker-java-core/3.3.4/docker-java-core-3.3.4.pom false} .m2/com/github/docker-java/docker-java-core/3.3.4/docker-java-core-3.3.4.pom.sha1:{671391511501298721 40 .m2/com/github/docker-java/docker-java-core/3.3.4/docker-java-core-3.3.4.pom.sha1 false} .m2/com/github/docker-java/docker-java-parent:{0 0 .m2/com/github/docker-java/docker-java-parent true} .m2/com/github/docker-java/docker-java-parent/3.3.4:{0 0 .m2/com/github/docker-java/docker-java-parent/3.3.4 true} .m2/com/github/docker-java/docker-java-parent/3.3.4/_remote.repositories:{8516850712720844681 178 .m2/com/github/docker-java/docker-java-parent/3.3.4/_remote.repositories false} .m2/com/github/docker-java/docker-java-parent/3.3.4/docker-java-parent-3.3.4.pom:{1662581406633806365 11723 .m2/com/github/docker-java/docker-java-parent/3.3.4/docker-java-parent-3.3.4.pom false} .m2/com/github/docker-java/docker-java-parent/3.3.4/docker-java-parent-3.3.4.pom.sha1:{5672100099211538893 40 .m2/com/github/docker-java/docker-java-parent/3.3.4/docker-java-parent-3.3.4.pom.sha1 false} .m2/com/github/docker-java/docker-java-transport:{0 0 .m2/com/github/docker-java/docker-java-transport true} .m2/com/github/docker-java/docker-java-transport-httpclient5:{0 0 .m2/com/github/docker-java/docker-java-transport-httpclient5 true} .m2/com/github/docker-java/docker-java-transport-httpclient5/3.3.4:{0 0 .m2/com/github/docker-java/docker-java-transport-httpclient5/3.3.4 true} .m2/com/github/docker-java/docker-java-transport-httpclient5/3.3.4/_remote.repositories:{17726443425407756220 246 .m2/com/github/docker-java/docker-java-transport-httpclient5/3.3.4/_remote.repositories false} .m2/com/github/docker-java/docker-java-transport-httpclient5/3.3.4/docker-java-transport-httpclient5-3.3.4.jar:{14311186489243839129 17500 .m2/com/github/docker-java/docker-java-transport-httpclient5/3.3.4/docker-java-transport-httpclient5-3.3.4.jar false} .m2/com/github/docker-java/docker-java-transport-httpclient5/3.3.4/docker-java-transport-httpclient5-3.3.4.jar.sha1:{9400015041549759375 40 .m2/com/github/docker-java/docker-java-transport-httpclient5/3.3.4/docker-java-transport-httpclient5-3.3.4.jar.sha1 false} .m2/com/github/docker-java/docker-java-transport-httpclient5/3.3.4/docker-java-transport-httpclient5-3.3.4.pom:{4885235610001621145 2239 .m2/com/github/docker-java/docker-java-transport-httpclient5/3.3.4/docker-java-transport-httpclient5-3.3.4.pom false} .m2/com/github/docker-java/docker-java-transport-httpclient5/3.3.4/docker-java-transport-httpclient5-3.3.4.pom.sha1:{8621503906539241270 40 .m2/com/github/docker-java/docker-java-transport-httpclient5/3.3.4/docker-java-transport-httpclient5-3.3.4.pom.sha1 false} .m2/com/github/docker-java/docker-java-transport/3.3.4:{0 0 .m2/com/github/docker-java/docker-java-transport/3.3.4 true} .m2/com/github/docker-java/docker-java-transport/3.3.4/_remote.repositories:{14225881313357075095 222 .m2/com/github/docker-java/docker-java-transport/3.3.4/_remote.repositories false} .m2/com/github/docker-java/docker-java-transport/3.3.4/docker-java-transport-3.3.4.jar:{4263807476701264271 37599 .m2/com/github/docker-java/docker-java-transport/3.3.4/docker-java-transport-3.3.4.jar false} .m2/com/github/docker-java/docker-java-transport/3.3.4/docker-java-transport-3.3.4.jar.sha1:{17714831178162753450 40 .m2/com/github/docker-java/docker-java-transport/3.3.4/docker-java-transport-3.3.4.jar.sha1 false} .m2/com/github/docker-java/docker-java-transport/3.3.4/docker-java-transport-3.3.4.pom:{3987403788921591116 1642 .m2/com/github/docker-java/docker-java-transport/3.3.4/docker-java-transport-3.3.4.pom false} .m2/com/github/docker-java/docker-java-transport/3.3.4/docker-java-transport-3.3.4.pom.sha1:{1158549785793625938 40 .m2/com/github/docker-java/docker-java-transport/3.3.4/docker-java-transport-3.3.4.pom.sha1 false} .m2/com/github/docker-java/docker-java/3.3.4:{0 0 .m2/com/github/docker-java/docker-java/3.3.4 true} .m2/com/github/docker-java/docker-java/3.3.4/_remote.repositories:{16001331483066426174 202 .m2/com/github/docker-java/docker-java/3.3.4/_remote.repositories false} .m2/com/github/docker-java/docker-java/3.3.4/docker-java-3.3.4.jar:{496067969770552558 4530 .m2/com/github/docker-java/docker-java/3.3.4/docker-java-3.3.4.jar false} .m2/com/github/docker-java/docker-java/3.3.4/docker-java-3.3.4.jar.sha1:{16396997639585383035 40 .m2/com/github/docker-java/docker-java/3.3.4/docker-java-3.3.4.jar.sha1 false} .m2/com/github/docker-java/docker-java/3.3.4/docker-java-3.3.4.pom:{15716206559069652004 5652 .m2/com/github/docker-java/docker-java/3.3.4/docker-java-3.3.4.pom false} .m2/com/github/docker-java/docker-java/3.3.4/docker-java-3.3.4.pom.sha1:{15686161584847859832 40 .m2/com/github/docker-java/docker-java/3.3.4/docker-java-3.3.4.pom.sha1 false} .m2/com/google:{0 0 .m2/com/google true} .m2/com/google/auto:{0 0 .m2/com/google/auto true} .m2/com/google/auto/auto-common:{0 0 .m2/com/google/auto/auto-common true} .m2/com/google/auto/auto-common/1.0:{0 0 .m2/com/google/auto/auto-common/1.0 true} .m2/com/google/auto/auto-common/1.0/_remote.repositories:{17222450884059043594 169 .m2/com/google/auto/auto-common/1.0/_remote.repositories false} .m2/com/google/auto/auto-common/1.0/auto-common-1.0.pom:{5053318826432866862 4417 .m2/com/google/auto/auto-common/1.0/auto-common-1.0.pom false} .m2/com/google/auto/auto-common/1.0/auto-common-1.0.pom.sha1:{12004188141785748339 40 .m2/com/google/auto/auto-common/1.0/auto-common-1.0.pom.sha1 false} .m2/com/google/auto/service:{0 0 .m2/com/google/auto/service true} .m2/com/google/auto/service/auto-service:{0 0 .m2/com/google/auto/service/auto-service true} .m2/com/google/auto/service/auto-service-aggregator:{0 0 .m2/com/google/auto/service/auto-service-aggregator true} .m2/com/google/auto/service/auto-service-aggregator/1.0:{0 0 .m2/com/google/auto/service/auto-service-aggregator/1.0 true} .m2/com/google/auto/service/auto-service-aggregator/1.0/_remote.repositories:{15290209322603106623 181 .m2/com/google/auto/service/auto-service-aggregator/1.0/_remote.repositories false} .m2/com/google/auto/service/auto-service-aggregator/1.0/auto-service-aggregator-1.0.pom:{7116499149591379765 4252 .m2/com/google/auto/service/auto-service-aggregator/1.0/auto-service-aggregator-1.0.pom false} .m2/com/google/auto/service/auto-service-aggregator/1.0/auto-service-aggregator-1.0.pom.sha1:{14327176941797034247 40 .m2/com/google/auto/service/auto-service-aggregator/1.0/auto-service-aggregator-1.0.pom.sha1 false} .m2/com/google/auto/service/auto-service-aggregator/1.1.1:{0 0 .m2/com/google/auto/service/auto-service-aggregator/1.1.1 true} .m2/com/google/auto/service/auto-service-aggregator/1.1.1/_remote.repositories:{16482598070262415283 183 .m2/com/google/auto/service/auto-service-aggregator/1.1.1/_remote.repositories false} .m2/com/google/auto/service/auto-service-aggregator/1.1.1/auto-service-aggregator-1.1.1.pom:{560102245764257920 4253 .m2/com/google/auto/service/auto-service-aggregator/1.1.1/auto-service-aggregator-1.1.1.pom false} .m2/com/google/auto/service/auto-service-aggregator/1.1.1/auto-service-aggregator-1.1.1.pom.sha1:{12598734109191987077 40 .m2/com/google/auto/service/auto-service-aggregator/1.1.1/auto-service-aggregator-1.1.1.pom.sha1 false} .m2/com/google/auto/service/auto-service-annotations:{0 0 .m2/com/google/auto/service/auto-service-annotations true} .m2/com/google/auto/service/auto-service-annotations/1.0:{0 0 .m2/com/google/auto/service/auto-service-annotations/1.0 true} .m2/com/google/auto/service/auto-service-annotations/1.0/_remote.repositories:{13006379580756281176 182 .m2/com/google/auto/service/auto-service-annotations/1.0/_remote.repositories false} .m2/com/google/auto/service/auto-service-annotations/1.0/auto-service-annotations-1.0.pom:{7709236405782739004 2285 .m2/com/google/auto/service/auto-service-annotations/1.0/auto-service-annotations-1.0.pom false} .m2/com/google/auto/service/auto-service-annotations/1.0/auto-service-annotations-1.0.pom.sha1:{95885723877095843 40 .m2/com/google/auto/service/auto-service-annotations/1.0/auto-service-annotations-1.0.pom.sha1 false} .m2/com/google/auto/service/auto-service-annotations/1.1.1:{0 0 .m2/com/google/auto/service/auto-service-annotations/1.1.1 true} .m2/com/google/auto/service/auto-service-annotations/1.1.1/_remote.repositories:{12718288491131553007 228 .m2/com/google/auto/service/auto-service-annotations/1.1.1/_remote.repositories false} .m2/com/google/auto/service/auto-service-annotations/1.1.1/auto-service-annotations-1.1.1.jar:{11924770894065099263 3172 .m2/com/google/auto/service/auto-service-annotations/1.1.1/auto-service-annotations-1.1.1.jar false} .m2/com/google/auto/service/auto-service-annotations/1.1.1/auto-service-annotations-1.1.1.jar.sha1:{13295021840620609002 40 .m2/com/google/auto/service/auto-service-annotations/1.1.1/auto-service-annotations-1.1.1.jar.sha1 false} .m2/com/google/auto/service/auto-service-annotations/1.1.1/auto-service-annotations-1.1.1.pom:{14206276867142572756 2287 .m2/com/google/auto/service/auto-service-annotations/1.1.1/auto-service-annotations-1.1.1.pom false} .m2/com/google/auto/service/auto-service-annotations/1.1.1/auto-service-annotations-1.1.1.pom.sha1:{3037109803842101438 40 .m2/com/google/auto/service/auto-service-annotations/1.1.1/auto-service-annotations-1.1.1.pom.sha1 false} .m2/com/google/auto/service/auto-service/1.0:{0 0 .m2/com/google/auto/service/auto-service/1.0 true} .m2/com/google/auto/service/auto-service/1.0/_remote.repositories:{11242736827730380109 170 .m2/com/google/auto/service/auto-service/1.0/_remote.repositories false} .m2/com/google/auto/service/auto-service/1.0/auto-service-1.0.pom:{15455858497536936125 3093 .m2/com/google/auto/service/auto-service/1.0/auto-service-1.0.pom false} .m2/com/google/auto/service/auto-service/1.0/auto-service-1.0.pom.sha1:{5411085448819846272 40 .m2/com/google/auto/service/auto-service/1.0/auto-service-1.0.pom.sha1 false} .m2/com/google/code:{0 0 .m2/com/google/code true} .m2/com/google/code/findbugs:{0 0 .m2/com/google/code/findbugs true} .m2/com/google/code/findbugs/jsr305:{0 0 .m2/com/google/code/findbugs/jsr305 true} .m2/com/google/code/findbugs/jsr305/3.0.2:{0 0 .m2/com/google/code/findbugs/jsr305/3.0.2 true} .m2/com/google/code/findbugs/jsr305/3.0.2/_remote.repositories:{11143323707728363711 192 .m2/com/google/code/findbugs/jsr305/3.0.2/_remote.repositories false} .m2/com/google/code/findbugs/jsr305/3.0.2/jsr305-3.0.2.jar:{11436469958487229696 19936 .m2/com/google/code/findbugs/jsr305/3.0.2/jsr305-3.0.2.jar false} .m2/com/google/code/findbugs/jsr305/3.0.2/jsr305-3.0.2.jar.sha1:{11293224760686782597 40 .m2/com/google/code/findbugs/jsr305/3.0.2/jsr305-3.0.2.jar.sha1 false} .m2/com/google/code/findbugs/jsr305/3.0.2/jsr305-3.0.2.pom:{11152553696869132255 4286 .m2/com/google/code/findbugs/jsr305/3.0.2/jsr305-3.0.2.pom false} .m2/com/google/code/findbugs/jsr305/3.0.2/jsr305-3.0.2.pom.sha1:{8635349047847529611 40 .m2/com/google/code/findbugs/jsr305/3.0.2/jsr305-3.0.2.pom.sha1 false} .m2/com/google/code/gson:{0 0 .m2/com/google/code/gson true} .m2/com/google/code/gson/gson:{0 0 .m2/com/google/code/gson/gson true} .m2/com/google/code/gson/gson-parent:{0 0 .m2/com/google/code/gson/gson-parent true} .m2/com/google/code/gson/gson-parent/2.10.1:{0 0 .m2/com/google/code/gson/gson-parent/2.10.1 true} .m2/com/google/code/gson/gson-parent/2.10.1/_remote.repositories:{10536922258939428736 172 .m2/com/google/code/gson/gson-parent/2.10.1/_remote.repositories false} .m2/com/google/code/gson/gson-parent/2.10.1/gson-parent-2.10.1.pom:{1491376892228977986 12522 .m2/com/google/code/gson/gson-parent/2.10.1/gson-parent-2.10.1.pom false} .m2/com/google/code/gson/gson-parent/2.10.1/gson-parent-2.10.1.pom.sha1:{15828375931682508778 40 .m2/com/google/code/gson/gson-parent/2.10.1/gson-parent-2.10.1.pom.sha1 false} .m2/com/google/code/gson/gson-parent/2.8.6:{0 0 .m2/com/google/code/gson/gson-parent/2.8.6 true} .m2/com/google/code/gson/gson-parent/2.8.6/_remote.repositories:{5926389042459377501 171 .m2/com/google/code/gson/gson-parent/2.8.6/_remote.repositories false} .m2/com/google/code/gson/gson-parent/2.8.6/gson-parent-2.8.6.pom:{3226036957647079348 4422 .m2/com/google/code/gson/gson-parent/2.8.6/gson-parent-2.8.6.pom false} .m2/com/google/code/gson/gson-parent/2.8.6/gson-parent-2.8.6.pom.sha1:{15634764898571741699 40 .m2/com/google/code/gson/gson-parent/2.8.6/gson-parent-2.8.6.pom.sha1 false} .m2/com/google/code/gson/gson-parent/2.9.0:{0 0 .m2/com/google/code/gson/gson-parent/2.9.0 true} .m2/com/google/code/gson/gson-parent/2.9.0/_remote.repositories:{7772020344338351722 171 .m2/com/google/code/gson/gson-parent/2.9.0/_remote.repositories false} .m2/com/google/code/gson/gson-parent/2.9.0/gson-parent-2.9.0.pom:{7254970265626481595 4515 .m2/com/google/code/gson/gson-parent/2.9.0/gson-parent-2.9.0.pom false} .m2/com/google/code/gson/gson-parent/2.9.0/gson-parent-2.9.0.pom.sha1:{1779302768495116053 40 .m2/com/google/code/gson/gson-parent/2.9.0/gson-parent-2.9.0.pom.sha1 false} .m2/com/google/code/gson/gson/2.10.1:{0 0 .m2/com/google/code/gson/gson/2.10.1 true} .m2/com/google/code/gson/gson/2.10.1/_remote.repositories:{11999017477833639533 165 .m2/com/google/code/gson/gson/2.10.1/_remote.repositories false} .m2/com/google/code/gson/gson/2.10.1/gson-2.10.1.pom:{11661854366996919652 9365 .m2/com/google/code/gson/gson/2.10.1/gson-2.10.1.pom false} .m2/com/google/code/gson/gson/2.10.1/gson-2.10.1.pom.sha1:{4463614130292212710 40 .m2/com/google/code/gson/gson/2.10.1/gson-2.10.1.pom.sha1 false} .m2/com/google/code/gson/gson/2.8.6:{0 0 .m2/com/google/code/gson/gson/2.8.6 true} .m2/com/google/code/gson/gson/2.8.6/_remote.repositories:{16905035787477041816 188 .m2/com/google/code/gson/gson/2.8.6/_remote.repositories false} .m2/com/google/code/gson/gson/2.8.6/gson-2.8.6.jar:{1215504422942611982 240255 .m2/com/google/code/gson/gson/2.8.6/gson-2.8.6.jar false} .m2/com/google/code/gson/gson/2.8.6/gson-2.8.6.jar.sha1:{14746705001756217439 40 .m2/com/google/code/gson/gson/2.8.6/gson-2.8.6.jar.sha1 false} .m2/com/google/code/gson/gson/2.8.6/gson-2.8.6.pom:{17493231388292820006 2527 .m2/com/google/code/gson/gson/2.8.6/gson-2.8.6.pom false} .m2/com/google/code/gson/gson/2.8.6/gson-2.8.6.pom.sha1:{4630826863821322491 40 .m2/com/google/code/gson/gson/2.8.6/gson-2.8.6.pom.sha1 false} .m2/com/google/code/gson/gson/2.9.0:{0 0 .m2/com/google/code/gson/gson/2.9.0 true} .m2/com/google/code/gson/gson/2.9.0/_remote.repositories:{10388669640737927718 164 .m2/com/google/code/gson/gson/2.9.0/_remote.repositories false} .m2/com/google/code/gson/gson/2.9.0/gson-2.9.0.pom:{15375091910398350212 8065 .m2/com/google/code/gson/gson/2.9.0/gson-2.9.0.pom false} .m2/com/google/code/gson/gson/2.9.0/gson-2.9.0.pom.sha1:{2996299722091429549 40 .m2/com/google/code/gson/gson/2.9.0/gson-2.9.0.pom.sha1 false} .m2/com/google/errorprone:{0 0 .m2/com/google/errorprone true} .m2/com/google/errorprone/error_prone_annotations:{0 0 .m2/com/google/errorprone/error_prone_annotations true} .m2/com/google/errorprone/error_prone_annotations/2.18.0:{0 0 .m2/com/google/errorprone/error_prone_annotations/2.18.0 true} .m2/com/google/errorprone/error_prone_annotations/2.18.0/_remote.repositories:{10954779470608356736 228 .m2/com/google/errorprone/error_prone_annotations/2.18.0/_remote.repositories false} .m2/com/google/errorprone/error_prone_annotations/2.18.0/error_prone_annotations-2.18.0.jar:{250725039197424757 16017 .m2/com/google/errorprone/error_prone_annotations/2.18.0/error_prone_annotations-2.18.0.jar false} .m2/com/google/errorprone/error_prone_annotations/2.18.0/error_prone_annotations-2.18.0.jar.sha1:{13423703616376136947 40 .m2/com/google/errorprone/error_prone_annotations/2.18.0/error_prone_annotations-2.18.0.jar.sha1 false} .m2/com/google/errorprone/error_prone_annotations/2.18.0/error_prone_annotations-2.18.0.pom:{14307359237466542563 2159 .m2/com/google/errorprone/error_prone_annotations/2.18.0/error_prone_annotations-2.18.0.pom false} .m2/com/google/errorprone/error_prone_annotations/2.18.0/error_prone_annotations-2.18.0.pom.sha1:{12526651020208135689 40 .m2/com/google/errorprone/error_prone_annotations/2.18.0/error_prone_annotations-2.18.0.pom.sha1 false} .m2/com/google/errorprone/error_prone_annotations/2.36.0:{0 0 .m2/com/google/errorprone/error_prone_annotations/2.36.0 true} .m2/com/google/errorprone/error_prone_annotations/2.36.0/_remote.repositories:{15604697970277608661 228 .m2/com/google/errorprone/error_prone_annotations/2.36.0/_remote.repositories false} .m2/com/google/errorprone/error_prone_annotations/2.36.0/error_prone_annotations-2.36.0.jar:{17928815366216736349 19401 .m2/com/google/errorprone/error_prone_annotations/2.36.0/error_prone_annotations-2.36.0.jar false} .m2/com/google/errorprone/error_prone_annotations/2.36.0/error_prone_annotations-2.36.0.jar.sha1:{13207182376605129308 40 .m2/com/google/errorprone/error_prone_annotations/2.36.0/error_prone_annotations-2.36.0.jar.sha1 false} .m2/com/google/errorprone/error_prone_annotations/2.36.0/error_prone_annotations-2.36.0.pom:{12645658782695446540 4252 .m2/com/google/errorprone/error_prone_annotations/2.36.0/error_prone_annotations-2.36.0.pom false} .m2/com/google/errorprone/error_prone_annotations/2.36.0/error_prone_annotations-2.36.0.pom.sha1:{16149175387576047801 40 .m2/com/google/errorprone/error_prone_annotations/2.36.0/error_prone_annotations-2.36.0.pom.sha1 false} .m2/com/google/errorprone/error_prone_annotations/2.5.1:{0 0 .m2/com/google/errorprone/error_prone_annotations/2.5.1 true} .m2/com/google/errorprone/error_prone_annotations/2.5.1/_remote.repositories:{14891910199467606510 183 .m2/com/google/errorprone/error_prone_annotations/2.5.1/_remote.repositories false} .m2/com/google/errorprone/error_prone_annotations/2.5.1/error_prone_annotations-2.5.1.pom:{9016303479395636795 2111 .m2/com/google/errorprone/error_prone_annotations/2.5.1/error_prone_annotations-2.5.1.pom false} .m2/com/google/errorprone/error_prone_annotations/2.5.1/error_prone_annotations-2.5.1.pom.sha1:{7857230499423534949 40 .m2/com/google/errorprone/error_prone_annotations/2.5.1/error_prone_annotations-2.5.1.pom.sha1 false} .m2/com/google/errorprone/error_prone_annotations/2.7.1:{0 0 .m2/com/google/errorprone/error_prone_annotations/2.7.1 true} .m2/com/google/errorprone/error_prone_annotations/2.7.1/_remote.repositories:{908878073781386935 183 .m2/com/google/errorprone/error_prone_annotations/2.7.1/_remote.repositories false} .m2/com/google/errorprone/error_prone_annotations/2.7.1/error_prone_annotations-2.7.1.pom:{1465507826139658213 2111 .m2/com/google/errorprone/error_prone_annotations/2.7.1/error_prone_annotations-2.7.1.pom false} .m2/com/google/errorprone/error_prone_annotations/2.7.1/error_prone_annotations-2.7.1.pom.sha1:{17856742390628397097 40 .m2/com/google/errorprone/error_prone_annotations/2.7.1/error_prone_annotations-2.7.1.pom.sha1 false} .m2/com/google/errorprone/error_prone_parent:{0 0 .m2/com/google/errorprone/error_prone_parent true} .m2/com/google/errorprone/error_prone_parent/2.18.0:{0 0 .m2/com/google/errorprone/error_prone_parent/2.18.0 true} .m2/com/google/errorprone/error_prone_parent/2.18.0/_remote.repositories:{17722039666882156356 179 .m2/com/google/errorprone/error_prone_parent/2.18.0/_remote.repositories false} .m2/com/google/errorprone/error_prone_parent/2.18.0/error_prone_parent-2.18.0.pom:{3969199559242650894 11080 .m2/com/google/errorprone/error_prone_parent/2.18.0/error_prone_parent-2.18.0.pom false} .m2/com/google/errorprone/error_prone_parent/2.18.0/error_prone_parent-2.18.0.pom.sha1:{16482641125024448750 40 .m2/com/google/errorprone/error_prone_parent/2.18.0/error_prone_parent-2.18.0.pom.sha1 false} .m2/com/google/errorprone/error_prone_parent/2.36.0:{0 0 .m2/com/google/errorprone/error_prone_parent/2.36.0 true} .m2/com/google/errorprone/error_prone_parent/2.36.0/_remote.repositories:{12538951792449231277 179 .m2/com/google/errorprone/error_prone_parent/2.36.0/_remote.repositories false} .m2/com/google/errorprone/error_prone_parent/2.36.0/error_prone_parent-2.36.0.pom:{17112915603916118310 15958 .m2/com/google/errorprone/error_prone_parent/2.36.0/error_prone_parent-2.36.0.pom false} .m2/com/google/errorprone/error_prone_parent/2.36.0/error_prone_parent-2.36.0.pom.sha1:{15504189733398869306 40 .m2/com/google/errorprone/error_prone_parent/2.36.0/error_prone_parent-2.36.0.pom.sha1 false} .m2/com/google/errorprone/error_prone_parent/2.5.1:{0 0 .m2/com/google/errorprone/error_prone_parent/2.5.1 true} .m2/com/google/errorprone/error_prone_parent/2.5.1/_remote.repositories:{15460923350489543731 178 .m2/com/google/errorprone/error_prone_parent/2.5.1/_remote.repositories false} .m2/com/google/errorprone/error_prone_parent/2.5.1/error_prone_parent-2.5.1.pom:{3997173948804897645 6976 .m2/com/google/errorprone/error_prone_parent/2.5.1/error_prone_parent-2.5.1.pom false} .m2/com/google/errorprone/error_prone_parent/2.5.1/error_prone_parent-2.5.1.pom.sha1:{18126766867810588626 40 .m2/com/google/errorprone/error_prone_parent/2.5.1/error_prone_parent-2.5.1.pom.sha1 false} .m2/com/google/errorprone/error_prone_parent/2.7.1:{0 0 .m2/com/google/errorprone/error_prone_parent/2.7.1 true} .m2/com/google/errorprone/error_prone_parent/2.7.1/_remote.repositories:{9479029971860126777 178 .m2/com/google/errorprone/error_prone_parent/2.7.1/_remote.repositories false} .m2/com/google/errorprone/error_prone_parent/2.7.1/error_prone_parent-2.7.1.pom:{13566961553895892517 6977 .m2/com/google/errorprone/error_prone_parent/2.7.1/error_prone_parent-2.7.1.pom false} .m2/com/google/errorprone/error_prone_parent/2.7.1/error_prone_parent-2.7.1.pom.sha1:{11660425164744063117 40 .m2/com/google/errorprone/error_prone_parent/2.7.1/error_prone_parent-2.7.1.pom.sha1 false} .m2/com/google/google:{0 0 .m2/com/google/google true} .m2/com/google/google/5:{0 0 .m2/com/google/google/5 true} .m2/com/google/google/5/_remote.repositories:{11654382846934135183 162 .m2/com/google/google/5/_remote.repositories false} .m2/com/google/google/5/google-5.pom:{2552132626650933733 2458 .m2/com/google/google/5/google-5.pom false} .m2/com/google/google/5/google-5.pom.sha1:{15191592125531318781 40 .m2/com/google/google/5/google-5.pom.sha1 false} .m2/com/google/guava:{0 0 .m2/com/google/guava true} .m2/com/google/guava/failureaccess:{0 0 .m2/com/google/guava/failureaccess true} .m2/com/google/guava/failureaccess/1.0.1:{0 0 .m2/com/google/guava/failureaccess/1.0.1 true} .m2/com/google/guava/failureaccess/1.0.1/_remote.repositories:{12432822612637098139 206 .m2/com/google/guava/failureaccess/1.0.1/_remote.repositories false} .m2/com/google/guava/failureaccess/1.0.1/failureaccess-1.0.1.jar:{11089496366331502918 4617 .m2/com/google/guava/failureaccess/1.0.1/failureaccess-1.0.1.jar false} .m2/com/google/guava/failureaccess/1.0.1/failureaccess-1.0.1.jar.sha1:{14276215633583169042 40 .m2/com/google/guava/failureaccess/1.0.1/failureaccess-1.0.1.jar.sha1 false} .m2/com/google/guava/failureaccess/1.0.1/failureaccess-1.0.1.pom:{4286229621635892062 2413 .m2/com/google/guava/failureaccess/1.0.1/failureaccess-1.0.1.pom false} .m2/com/google/guava/failureaccess/1.0.1/failureaccess-1.0.1.pom.sha1:{8450730305774110424 40 .m2/com/google/guava/failureaccess/1.0.1/failureaccess-1.0.1.pom.sha1 false} .m2/com/google/guava/failureaccess/1.0.3:{0 0 .m2/com/google/guava/failureaccess/1.0.3 true} .m2/com/google/guava/failureaccess/1.0.3/_remote.repositories:{12855417135489124395 206 .m2/com/google/guava/failureaccess/1.0.3/_remote.repositories false} .m2/com/google/guava/failureaccess/1.0.3/failureaccess-1.0.3.jar:{17759604909609952207 10763 .m2/com/google/guava/failureaccess/1.0.3/failureaccess-1.0.3.jar false} .m2/com/google/guava/failureaccess/1.0.3/failureaccess-1.0.3.jar.sha1:{284484021616632043 40 .m2/com/google/guava/failureaccess/1.0.3/failureaccess-1.0.3.jar.sha1 false} .m2/com/google/guava/failureaccess/1.0.3/failureaccess-1.0.3.pom:{14811968736908261231 5560 .m2/com/google/guava/failureaccess/1.0.3/failureaccess-1.0.3.pom false} .m2/com/google/guava/failureaccess/1.0.3/failureaccess-1.0.3.pom.sha1:{5343578340778587811 40 .m2/com/google/guava/failureaccess/1.0.3/failureaccess-1.0.3.pom.sha1 false} .m2/com/google/guava/guava:{0 0 .m2/com/google/guava/guava true} .m2/com/google/guava/guava-parent:{0 0 .m2/com/google/guava/guava-parent true} .m2/com/google/guava/guava-parent/19.0:{0 0 .m2/com/google/guava/guava-parent/19.0 true} .m2/com/google/guava/guava-parent/19.0/_remote.repositories:{6497354582349194492 171 .m2/com/google/guava/guava-parent/19.0/_remote.repositories false} .m2/com/google/guava/guava-parent/19.0/guava-parent-19.0.pom:{34342427420044357 9877 .m2/com/google/guava/guava-parent/19.0/guava-parent-19.0.pom false} .m2/com/google/guava/guava-parent/19.0/guava-parent-19.0.pom.sha1:{17643462656178301494 40 .m2/com/google/guava/guava-parent/19.0/guava-parent-19.0.pom.sha1 false} .m2/com/google/guava/guava-parent/26.0-android:{0 0 .m2/com/google/guava/guava-parent/26.0-android true} .m2/com/google/guava/guava-parent/26.0-android/_remote.repositories:{5993918987908696056 179 .m2/com/google/guava/guava-parent/26.0-android/_remote.repositories false} .m2/com/google/guava/guava-parent/26.0-android/guava-parent-26.0-android.pom:{14068859189703201969 10180 .m2/com/google/guava/guava-parent/26.0-android/guava-parent-26.0-android.pom false} .m2/com/google/guava/guava-parent/26.0-android/guava-parent-26.0-android.pom.sha1:{5333873722349082648 40 .m2/com/google/guava/guava-parent/26.0-android/guava-parent-26.0-android.pom.sha1 false} .m2/com/google/guava/guava-parent/30.1.1-jre:{0 0 .m2/com/google/guava/guava-parent/30.1.1-jre true} .m2/com/google/guava/guava-parent/30.1.1-jre/_remote.repositories:{16295480795414083375 177 .m2/com/google/guava/guava-parent/30.1.1-jre/_remote.repositories false} .m2/com/google/guava/guava-parent/30.1.1-jre/guava-parent-30.1.1-jre.pom:{10415954015468611715 14234 .m2/com/google/guava/guava-parent/30.1.1-jre/guava-parent-30.1.1-jre.pom false} .m2/com/google/guava/guava-parent/30.1.1-jre/guava-parent-30.1.1-jre.pom.sha1:{14200903727781591937 40 .m2/com/google/guava/guava-parent/30.1.1-jre/guava-parent-30.1.1-jre.pom.sha1 false} .m2/com/google/guava/guava-parent/31.0.1-jre:{0 0 .m2/com/google/guava/guava-parent/31.0.1-jre true} .m2/com/google/guava/guava-parent/31.0.1-jre/_remote.repositories:{16824819719760647424 177 .m2/com/google/guava/guava-parent/31.0.1-jre/_remote.repositories false} .m2/com/google/guava/guava-parent/31.0.1-jre/guava-parent-31.0.1-jre.pom:{12240439308422130756 13829 .m2/com/google/guava/guava-parent/31.0.1-jre/guava-parent-31.0.1-jre.pom false} .m2/com/google/guava/guava-parent/31.0.1-jre/guava-parent-31.0.1-jre.pom.sha1:{13624150834173159593 40 .m2/com/google/guava/guava-parent/31.0.1-jre/guava-parent-31.0.1-jre.pom.sha1 false} .m2/com/google/guava/guava-parent/32.1.2-jre:{0 0 .m2/com/google/guava/guava-parent/32.1.2-jre true} .m2/com/google/guava/guava-parent/32.1.2-jre/_remote.repositories:{1896233221740140872 177 .m2/com/google/guava/guava-parent/32.1.2-jre/_remote.repositories false} .m2/com/google/guava/guava-parent/32.1.2-jre/guava-parent-32.1.2-jre.pom:{7558575421640364405 19893 .m2/com/google/guava/guava-parent/32.1.2-jre/guava-parent-32.1.2-jre.pom false} .m2/com/google/guava/guava-parent/32.1.2-jre/guava-parent-32.1.2-jre.pom.sha1:{12037886460466889908 40 .m2/com/google/guava/guava-parent/32.1.2-jre/guava-parent-32.1.2-jre.pom.sha1 false} .m2/com/google/guava/guava-parent/33.4.0-android:{0 0 .m2/com/google/guava/guava-parent/33.4.0-android true} .m2/com/google/guava/guava-parent/33.4.0-android/_remote.repositories:{1746872429140026362 181 .m2/com/google/guava/guava-parent/33.4.0-android/_remote.repositories false} .m2/com/google/guava/guava-parent/33.4.0-android/guava-parent-33.4.0-android.pom:{11035339721761029010 21526 .m2/com/google/guava/guava-parent/33.4.0-android/guava-parent-33.4.0-android.pom false} .m2/com/google/guava/guava-parent/33.4.0-android/guava-parent-33.4.0-android.pom.sha1:{6839955604815077054 40 .m2/com/google/guava/guava-parent/33.4.0-android/guava-parent-33.4.0-android.pom.sha1 false} .m2/com/google/guava/guava-parent/33.4.5-jre:{0 0 .m2/com/google/guava/guava-parent/33.4.5-jre true} .m2/com/google/guava/guava-parent/33.4.5-jre/_remote.repositories:{10723395355621369184 177 .m2/com/google/guava/guava-parent/33.4.5-jre/_remote.repositories false} .m2/com/google/guava/guava-parent/33.4.5-jre/guava-parent-33.4.5-jre.pom:{17907999093418562228 23932 .m2/com/google/guava/guava-parent/33.4.5-jre/guava-parent-33.4.5-jre.pom false} .m2/com/google/guava/guava-parent/33.4.5-jre/guava-parent-33.4.5-jre.pom.sha1:{17177532988191076822 40 .m2/com/google/guava/guava-parent/33.4.5-jre/guava-parent-33.4.5-jre.pom.sha1 false} .m2/com/google/guava/guava/19.0:{0 0 .m2/com/google/guava/guava/19.0 true} .m2/com/google/guava/guava/19.0/_remote.repositories:{5215477259507841703 164 .m2/com/google/guava/guava/19.0/_remote.repositories false} .m2/com/google/guava/guava/19.0/guava-19.0.pom:{4589051182371081571 6792 .m2/com/google/guava/guava/19.0/guava-19.0.pom false} .m2/com/google/guava/guava/19.0/guava-19.0.pom.sha1:{10024920330622953382 40 .m2/com/google/guava/guava/19.0/guava-19.0.pom.sha1 false} .m2/com/google/guava/guava/30.1.1-jre:{0 0 .m2/com/google/guava/guava/30.1.1-jre true} .m2/com/google/guava/guava/30.1.1-jre/_remote.repositories:{7106458876890066923 170 .m2/com/google/guava/guava/30.1.1-jre/_remote.repositories false} .m2/com/google/guava/guava/30.1.1-jre/guava-30.1.1-jre.pom:{291375947003760267 12210 .m2/com/google/guava/guava/30.1.1-jre/guava-30.1.1-jre.pom false} .m2/com/google/guava/guava/30.1.1-jre/guava-30.1.1-jre.pom.sha1:{8497008912433020828 40 .m2/com/google/guava/guava/30.1.1-jre/guava-30.1.1-jre.pom.sha1 false} .m2/com/google/guava/guava/31.0.1-jre:{0 0 .m2/com/google/guava/guava/31.0.1-jre true} .m2/com/google/guava/guava/31.0.1-jre/_remote.repositories:{1190066199960953953 170 .m2/com/google/guava/guava/31.0.1-jre/_remote.repositories false} .m2/com/google/guava/guava/31.0.1-jre/guava-31.0.1-jre.pom:{13729454296356829946 10963 .m2/com/google/guava/guava/31.0.1-jre/guava-31.0.1-jre.pom false} .m2/com/google/guava/guava/31.0.1-jre/guava-31.0.1-jre.pom.sha1:{18412762129684721336 40 .m2/com/google/guava/guava/31.0.1-jre/guava-31.0.1-jre.pom.sha1 false} .m2/com/google/guava/guava/32.1.2-jre:{0 0 .m2/com/google/guava/guava/32.1.2-jre true} .m2/com/google/guava/guava/32.1.2-jre/_remote.repositories:{17828841012308729705 200 .m2/com/google/guava/guava/32.1.2-jre/_remote.repositories false} .m2/com/google/guava/guava/32.1.2-jre/guava-32.1.2-jre.jar:{1539978984884751882 3041591 .m2/com/google/guava/guava/32.1.2-jre/guava-32.1.2-jre.jar false} .m2/com/google/guava/guava/32.1.2-jre/guava-32.1.2-jre.jar.sha1:{13380420737280858274 40 .m2/com/google/guava/guava/32.1.2-jre/guava-32.1.2-jre.jar.sha1 false} .m2/com/google/guava/guava/32.1.2-jre/guava-32.1.2-jre.pom:{10461788955944476374 12843 .m2/com/google/guava/guava/32.1.2-jre/guava-32.1.2-jre.pom false} .m2/com/google/guava/guava/32.1.2-jre/guava-32.1.2-jre.pom.sha1:{17600643165462589132 40 .m2/com/google/guava/guava/32.1.2-jre/guava-32.1.2-jre.pom.sha1 false} .m2/com/google/guava/guava/33.4.5-jre:{0 0 .m2/com/google/guava/guava/33.4.5-jre true} .m2/com/google/guava/guava/33.4.5-jre/_remote.repositories:{15803212635005996122 200 .m2/com/google/guava/guava/33.4.5-jre/_remote.repositories false} .m2/com/google/guava/guava/33.4.5-jre/guava-33.4.5-jre.jar:{6878598630930480835 6137064 .m2/com/google/guava/guava/33.4.5-jre/guava-33.4.5-jre.jar false} .m2/com/google/guava/guava/33.4.5-jre/guava-33.4.5-jre.jar.sha1:{8358629860277253132 40 .m2/com/google/guava/guava/33.4.5-jre/guava-33.4.5-jre.jar.sha1 false} .m2/com/google/guava/guava/33.4.5-jre/guava-33.4.5-jre.pom:{411940865291804197 9507 .m2/com/google/guava/guava/33.4.5-jre/guava-33.4.5-jre.pom false} .m2/com/google/guava/guava/33.4.5-jre/guava-33.4.5-jre.pom.sha1:{588744531622926599 40 .m2/com/google/guava/guava/33.4.5-jre/guava-33.4.5-jre.pom.sha1 false} .m2/com/google/guava/listenablefuture:{0 0 .m2/com/google/guava/listenablefuture true} .m2/com/google/guava/listenablefuture/9999.0-empty-to-avoid-conflict-with-guava:{0 0 .m2/com/google/guava/listenablefuture/9999.0-empty-to-avoid-conflict-with-guava true} .m2/com/google/guava/listenablefuture/9999.0-empty-to-avoid-conflict-with-guava/_remote.repositories:{9643939397205705915 284 .m2/com/google/guava/listenablefuture/9999.0-empty-to-avoid-conflict-with-guava/_remote.repositories false} .m2/com/google/guava/listenablefuture/9999.0-empty-to-avoid-conflict-with-guava/listenablefuture-9999.0-empty-to-avoid-conflict-with-guava.jar:{14990619278178981463 2199 .m2/com/google/guava/listenablefuture/9999.0-empty-to-avoid-conflict-with-guava/listenablefuture-9999.0-empty-to-avoid-conflict-with-guava.jar false} .m2/com/google/guava/listenablefuture/9999.0-empty-to-avoid-conflict-with-guava/listenablefuture-9999.0-empty-to-avoid-conflict-with-guava.jar.sha1:{10140943573878248186 40 .m2/com/google/guava/listenablefuture/9999.0-empty-to-avoid-conflict-with-guava/listenablefuture-9999.0-empty-to-avoid-conflict-with-guava.jar.sha1 false} .m2/com/google/guava/listenablefuture/9999.0-empty-to-avoid-conflict-with-guava/listenablefuture-9999.0-empty-to-avoid-conflict-with-guava.pom:{8490988478657657999 2278 .m2/com/google/guava/listenablefuture/9999.0-empty-to-avoid-conflict-with-guava/listenablefuture-9999.0-empty-to-avoid-conflict-with-guava.pom false} .m2/com/google/guava/listenablefuture/9999.0-empty-to-avoid-conflict-with-guava/listenablefuture-9999.0-empty-to-avoid-conflict-with-guava.pom.sha1:{11930495950312564492 40 .m2/com/google/guava/listenablefuture/9999.0-empty-to-avoid-conflict-with-guava/listenablefuture-9999.0-empty-to-avoid-conflict-with-guava.pom.sha1 false} .m2/com/google/inject:{0 0 .m2/com/google/inject true} .m2/com/google/inject/guice:{0 0 .m2/com/google/inject/guice true} .m2/com/google/inject/guice-parent:{0 0 .m2/com/google/inject/guice-parent true} .m2/com/google/inject/guice-parent/3.0:{0 0 .m2/com/google/inject/guice-parent/3.0 true} .m2/com/google/inject/guice-parent/3.0/_remote.repositories:{1724812747850504813 170 .m2/com/google/inject/guice-parent/3.0/_remote.repositories false} .m2/com/google/inject/guice-parent/3.0/guice-parent-3.0.pom:{13076763254268207600 12975 .m2/com/google/inject/guice-parent/3.0/guice-parent-3.0.pom false} .m2/com/google/inject/guice-parent/3.0/guice-parent-3.0.pom.sha1:{11226597001638012261 40 .m2/com/google/inject/guice-parent/3.0/guice-parent-3.0.pom.sha1 false} .m2/com/google/inject/guice-parent/4.1.0:{0 0 .m2/com/google/inject/guice-parent/4.1.0 true} .m2/com/google/inject/guice-parent/4.1.0/_remote.repositories:{6882106422687337189 172 .m2/com/google/inject/guice-parent/4.1.0/_remote.repositories false} .m2/com/google/inject/guice-parent/4.1.0/guice-parent-4.1.0.pom:{5155058407527283588 15607 .m2/com/google/inject/guice-parent/4.1.0/guice-parent-4.1.0.pom false} .m2/com/google/inject/guice-parent/4.1.0/guice-parent-4.1.0.pom.sha1:{2551878950801847263 40 .m2/com/google/inject/guice-parent/4.1.0/guice-parent-4.1.0.pom.sha1 false} .m2/com/google/inject/guice/3.0:{0 0 .m2/com/google/inject/guice/3.0 true} .m2/com/google/inject/guice/3.0/_remote.repositories:{453150099342367431 186 .m2/com/google/inject/guice/3.0/_remote.repositories false} .m2/com/google/inject/guice/3.0/guice-3.0.jar:{7574935481359061269 710492 .m2/com/google/inject/guice/3.0/guice-3.0.jar false} .m2/com/google/inject/guice/3.0/guice-3.0.jar.sha1:{16619585781553943891 40 .m2/com/google/inject/guice/3.0/guice-3.0.jar.sha1 false} .m2/com/google/inject/guice/3.0/guice-3.0.pom:{5238699719429055169 7282 .m2/com/google/inject/guice/3.0/guice-3.0.pom false} .m2/com/google/inject/guice/3.0/guice-3.0.pom.sha1:{4849323345753254859 40 .m2/com/google/inject/guice/3.0/guice-3.0.pom.sha1 false} .m2/com/google/inject/guice/4.1.0:{0 0 .m2/com/google/inject/guice/4.1.0 true} .m2/com/google/inject/guice/4.1.0/_remote.repositories:{6512548573703578683 197 .m2/com/google/inject/guice/4.1.0/_remote.repositories false} .m2/com/google/inject/guice/4.1.0/guice-4.1.0-no_aop.jar:{9816725997564389620 428603 .m2/com/google/inject/guice/4.1.0/guice-4.1.0-no_aop.jar false} .m2/com/google/inject/guice/4.1.0/guice-4.1.0-no_aop.jar.sha1:{2425082992521929545 40 .m2/com/google/inject/guice/4.1.0/guice-4.1.0-no_aop.jar.sha1 false} .m2/com/google/inject/guice/4.1.0/guice-4.1.0.pom:{4226363586641511423 10635 .m2/com/google/inject/guice/4.1.0/guice-4.1.0.pom false} .m2/com/google/inject/guice/4.1.0/guice-4.1.0.pom.sha1:{3768234080678019610 40 .m2/com/google/inject/guice/4.1.0/guice-4.1.0.pom.sha1 false} .m2/com/google/j2objc:{0 0 .m2/com/google/j2objc true} .m2/com/google/j2objc/j2objc-annotations:{0 0 .m2/com/google/j2objc/j2objc-annotations true} .m2/com/google/j2objc/j2objc-annotations/1.3:{0 0 .m2/com/google/j2objc/j2objc-annotations/1.3 true} .m2/com/google/j2objc/j2objc-annotations/1.3/_remote.repositories:{9312024553003841518 176 .m2/com/google/j2objc/j2objc-annotations/1.3/_remote.repositories false} .m2/com/google/j2objc/j2objc-annotations/1.3/j2objc-annotations-1.3.pom:{13619654700375535886 2762 .m2/com/google/j2objc/j2objc-annotations/1.3/j2objc-annotations-1.3.pom false} .m2/com/google/j2objc/j2objc-annotations/1.3/j2objc-annotations-1.3.pom.sha1:{6044178605397796874 40 .m2/com/google/j2objc/j2objc-annotations/1.3/j2objc-annotations-1.3.pom.sha1 false} .m2/com/google/j2objc/j2objc-annotations/2.8:{0 0 .m2/com/google/j2objc/j2objc-annotations/2.8 true} .m2/com/google/j2objc/j2objc-annotations/2.8/_remote.repositories:{1504665528891446391 212 .m2/com/google/j2objc/j2objc-annotations/2.8/_remote.repositories false} .m2/com/google/j2objc/j2objc-annotations/2.8/j2objc-annotations-2.8.jar:{15308189570362703855 9301 .m2/com/google/j2objc/j2objc-annotations/2.8/j2objc-annotations-2.8.jar false} .m2/com/google/j2objc/j2objc-annotations/2.8/j2objc-annotations-2.8.jar.sha1:{16063530179410703680 40 .m2/com/google/j2objc/j2objc-annotations/2.8/j2objc-annotations-2.8.jar.sha1 false} .m2/com/google/j2objc/j2objc-annotations/2.8/j2objc-annotations-2.8.pom:{18239291253732383302 2921 .m2/com/google/j2objc/j2objc-annotations/2.8/j2objc-annotations-2.8.pom false} .m2/com/google/j2objc/j2objc-annotations/2.8/j2objc-annotations-2.8.pom.sha1:{11975987725632894851 40 .m2/com/google/j2objc/j2objc-annotations/2.8/j2objc-annotations-2.8.pom.sha1 false} .m2/com/google/j2objc/j2objc-annotations/3.0.0:{0 0 .m2/com/google/j2objc/j2objc-annotations/3.0.0 true} .m2/com/google/j2objc/j2objc-annotations/3.0.0/_remote.repositories:{7693686708865889097 216 .m2/com/google/j2objc/j2objc-annotations/3.0.0/_remote.repositories false} .m2/com/google/j2objc/j2objc-annotations/3.0.0/j2objc-annotations-3.0.0.jar:{5702317632263784603 12467 .m2/com/google/j2objc/j2objc-annotations/3.0.0/j2objc-annotations-3.0.0.jar false} .m2/com/google/j2objc/j2objc-annotations/3.0.0/j2objc-annotations-3.0.0.jar.sha1:{17104504379940045984 40 .m2/com/google/j2objc/j2objc-annotations/3.0.0/j2objc-annotations-3.0.0.jar.sha1 false} .m2/com/google/j2objc/j2objc-annotations/3.0.0/j2objc-annotations-3.0.0.pom:{13621330866045008222 5057 .m2/com/google/j2objc/j2objc-annotations/3.0.0/j2objc-annotations-3.0.0.pom false} .m2/com/google/j2objc/j2objc-annotations/3.0.0/j2objc-annotations-3.0.0.pom.sha1:{11935460647705603666 40 .m2/com/google/j2objc/j2objc-annotations/3.0.0/j2objc-annotations-3.0.0.pom.sha1 false} .m2/com/qmetry:{0 0 .m2/com/qmetry true} .m2/com/qmetry/qaf:{0 0 .m2/com/qmetry/qaf true} .m2/com/qmetry/qaf/4.0.0-RC3:{0 0 .m2/com/qmetry/qaf/4.0.0-RC3 true} .m2/com/qmetry/qaf/4.0.0-RC3/_remote.repositories:{14471703325274767873 194 .m2/com/qmetry/qaf/4.0.0-RC3/_remote.repositories false} .m2/com/qmetry/qaf/4.0.0-RC3/qaf-4.0.0-RC3.jar:{10822497863097404457 770757 .m2/com/qmetry/qaf/4.0.0-RC3/qaf-4.0.0-RC3.jar false} .m2/com/qmetry/qaf/4.0.0-RC3/qaf-4.0.0-RC3.jar.sha1:{8375885555317784470 40 .m2/com/qmetry/qaf/4.0.0-RC3/qaf-4.0.0-RC3.jar.sha1 false} .m2/com/qmetry/qaf/4.0.0-RC3/qaf-4.0.0-RC3.pom:{9196036000215823647 9696 .m2/com/qmetry/qaf/4.0.0-RC3/qaf-4.0.0-RC3.pom false} .m2/com/qmetry/qaf/4.0.0-RC3/qaf-4.0.0-RC3.pom.sha1:{11740544623434471655 40 .m2/com/qmetry/qaf/4.0.0-RC3/qaf-4.0.0-RC3.pom.sha1 false} .m2/com/sun:{0 0 .m2/com/sun true} .m2/com/sun/activation:{0 0 .m2/com/sun/activation true} .m2/com/sun/activation/all:{0 0 .m2/com/sun/activation/all true} .m2/com/sun/activation/all/1.2.2:{0 0 .m2/com/sun/activation/all/1.2.2 true} .m2/com/sun/activation/all/1.2.2/_remote.repositories:{11108767626342063155 163 .m2/com/sun/activation/all/1.2.2/_remote.repositories false} .m2/com/sun/activation/all/1.2.2/all-1.2.2.pom:{3573458953164986368 15164 .m2/com/sun/activation/all/1.2.2/all-1.2.2.pom false} .m2/com/sun/activation/all/1.2.2/all-1.2.2.pom.sha1:{3742077875265397981 40 .m2/com/sun/activation/all/1.2.2/all-1.2.2.pom.sha1 false} .m2/com/sun/activation/all/2.0.1:{0 0 .m2/com/sun/activation/all/2.0.1 true} .m2/com/sun/activation/all/2.0.1/_remote.repositories:{6508602132060681809 163 .m2/com/sun/activation/all/2.0.1/_remote.repositories false} .m2/com/sun/activation/all/2.0.1/all-2.0.1.pom:{15121875076677501291 22830 .m2/com/sun/activation/all/2.0.1/all-2.0.1.pom false} .m2/com/sun/activation/all/2.0.1/all-2.0.1.pom.sha1:{17649299697214082501 40 .m2/com/sun/activation/all/2.0.1/all-2.0.1.pom.sha1 false} .m2/com/sun/activation/jakarta.activation:{0 0 .m2/com/sun/activation/jakarta.activation true} .m2/com/sun/activation/jakarta.activation/1.2.2:{0 0 .m2/com/sun/activation/jakarta.activation/1.2.2 true} .m2/com/sun/activation/jakarta.activation/1.2.2/_remote.repositories:{6752235164460097383 178 .m2/com/sun/activation/jakarta.activation/1.2.2/_remote.repositories false} .m2/com/sun/activation/jakarta.activation/1.2.2/jakarta.activation-1.2.2.pom:{15544119403675115352 4621 .m2/com/sun/activation/jakarta.activation/1.2.2/jakarta.activation-1.2.2.pom false} .m2/com/sun/activation/jakarta.activation/1.2.2/jakarta.activation-1.2.2.pom.sha1:{3776087773188637689 40 .m2/com/sun/activation/jakarta.activation/1.2.2/jakarta.activation-1.2.2.pom.sha1 false} .m2/com/sun/activation/jakarta.activation/2.0.1:{0 0 .m2/com/sun/activation/jakarta.activation/2.0.1 true} .m2/com/sun/activation/jakarta.activation/2.0.1/_remote.repositories:{13737178790706834179 216 .m2/com/sun/activation/jakarta.activation/2.0.1/_remote.repositories false} .m2/com/sun/activation/jakarta.activation/2.0.1/jakarta.activation-2.0.1.jar:{10049951671175473281 62154 .m2/com/sun/activation/jakarta.activation/2.0.1/jakarta.activation-2.0.1.jar false} .m2/com/sun/activation/jakarta.activation/2.0.1/jakarta.activation-2.0.1.jar.sha1:{18429988949977980159 40 .m2/com/sun/activation/jakarta.activation/2.0.1/jakarta.activation-2.0.1.jar.sha1 false} .m2/com/sun/activation/jakarta.activation/2.0.1/jakarta.activation-2.0.1.pom:{13231990495635202175 1998 .m2/com/sun/activation/jakarta.activation/2.0.1/jakarta.activation-2.0.1.pom false} .m2/com/sun/activation/jakarta.activation/2.0.1/jakarta.activation-2.0.1.pom.sha1:{3891293704368496948 40 .m2/com/sun/activation/jakarta.activation/2.0.1/jakarta.activation-2.0.1.pom.sha1 false} .m2/com/sun/jersey:{0 0 .m2/com/sun/jersey true} .m2/com/sun/jersey/contribs:{0 0 .m2/com/sun/jersey/contribs true} .m2/com/sun/jersey/contribs/jersey-apache-client:{0 0 .m2/com/sun/jersey/contribs/jersey-apache-client true} .m2/com/sun/jersey/contribs/jersey-apache-client/1.17.1:{0 0 .m2/com/sun/jersey/contribs/jersey-apache-client/1.17.1 true} .m2/com/sun/jersey/contribs/jersey-apache-client/1.17.1/_remote.repositories:{9219628001253909149 222 .m2/com/sun/jersey/contribs/jersey-apache-client/1.17.1/_remote.repositories false} .m2/com/sun/jersey/contribs/jersey-apache-client/1.17.1/jersey-apache-client-1.17.1.jar:{12500422965575404359 22279 .m2/com/sun/jersey/contribs/jersey-apache-client/1.17.1/jersey-apache-client-1.17.1.jar false} .m2/com/sun/jersey/contribs/jersey-apache-client/1.17.1/jersey-apache-client-1.17.1.jar.sha1:{9702273079371459953 40 .m2/com/sun/jersey/contribs/jersey-apache-client/1.17.1/jersey-apache-client-1.17.1.jar.sha1 false} .m2/com/sun/jersey/contribs/jersey-apache-client/1.17.1/jersey-apache-client-1.17.1.pom:{3527523877469266585 6376 .m2/com/sun/jersey/contribs/jersey-apache-client/1.17.1/jersey-apache-client-1.17.1.pom false} .m2/com/sun/jersey/contribs/jersey-apache-client/1.17.1/jersey-apache-client-1.17.1.pom.sha1:{3856444464151880852 40 .m2/com/sun/jersey/contribs/jersey-apache-client/1.17.1/jersey-apache-client-1.17.1.pom.sha1 false} .m2/com/sun/jersey/contribs/jersey-contribs:{0 0 .m2/com/sun/jersey/contribs/jersey-contribs true} .m2/com/sun/jersey/contribs/jersey-contribs/1.17.1:{0 0 .m2/com/sun/jersey/contribs/jersey-contribs/1.17.1 true} .m2/com/sun/jersey/contribs/jersey-contribs/1.17.1/_remote.repositories:{18349968736961681906 176 .m2/com/sun/jersey/contribs/jersey-contribs/1.17.1/_remote.repositories false} .m2/com/sun/jersey/contribs/jersey-contribs/1.17.1/jersey-contribs-1.17.1.pom:{2838658028157324936 3567 .m2/com/sun/jersey/contribs/jersey-contribs/1.17.1/jersey-contribs-1.17.1.pom false} .m2/com/sun/jersey/contribs/jersey-contribs/1.17.1/jersey-contribs-1.17.1.pom.sha1:{2432100335930541480 40 .m2/com/sun/jersey/contribs/jersey-contribs/1.17.1/jersey-contribs-1.17.1.pom.sha1 false} .m2/com/sun/jersey/contribs/jersey-contribs/1.19:{0 0 .m2/com/sun/jersey/contribs/jersey-contribs/1.19 true} .m2/com/sun/jersey/contribs/jersey-contribs/1.19/_remote.repositories:{2306562182806155634 174 .m2/com/sun/jersey/contribs/jersey-contribs/1.19/_remote.repositories false} .m2/com/sun/jersey/contribs/jersey-contribs/1.19/jersey-contribs-1.19.pom:{13717798437488970641 3566 .m2/com/sun/jersey/contribs/jersey-contribs/1.19/jersey-contribs-1.19.pom false} .m2/com/sun/jersey/contribs/jersey-contribs/1.19/jersey-contribs-1.19.pom.sha1:{1079030292302601695 40 .m2/com/sun/jersey/contribs/jersey-contribs/1.19/jersey-contribs-1.19.pom.sha1 false} .m2/com/sun/jersey/contribs/jersey-multipart:{0 0 .m2/com/sun/jersey/contribs/jersey-multipart true} .m2/com/sun/jersey/contribs/jersey-multipart/1.19:{0 0 .m2/com/sun/jersey/contribs/jersey-multipart/1.19 true} .m2/com/sun/jersey/contribs/jersey-multipart/1.19/_remote.repositories:{10944580696435688930 210 .m2/com/sun/jersey/contribs/jersey-multipart/1.19/_remote.repositories false} .m2/com/sun/jersey/contribs/jersey-multipart/1.19/jersey-multipart-1.19.jar:{3207177045599630872 53275 .m2/com/sun/jersey/contribs/jersey-multipart/1.19/jersey-multipart-1.19.jar false} .m2/com/sun/jersey/contribs/jersey-multipart/1.19/jersey-multipart-1.19.jar.sha1:{7213678906027788445 40 .m2/com/sun/jersey/contribs/jersey-multipart/1.19/jersey-multipart-1.19.jar.sha1 false} .m2/com/sun/jersey/contribs/jersey-multipart/1.19/jersey-multipart-1.19.pom:{6279011926177176510 8415 .m2/com/sun/jersey/contribs/jersey-multipart/1.19/jersey-multipart-1.19.pom false} .m2/com/sun/jersey/contribs/jersey-multipart/1.19/jersey-multipart-1.19.pom.sha1:{4584748716073356476 40 .m2/com/sun/jersey/contribs/jersey-multipart/1.19/jersey-multipart-1.19.pom.sha1 false} .m2/com/sun/jersey/jersey-client:{0 0 .m2/com/sun/jersey/jersey-client true} .m2/com/sun/jersey/jersey-client/1.17.1:{0 0 .m2/com/sun/jersey/jersey-client/1.17.1 true} .m2/com/sun/jersey/jersey-client/1.17.1/_remote.repositories:{11107113054038156024 174 .m2/com/sun/jersey/jersey-client/1.17.1/_remote.repositories false} .m2/com/sun/jersey/jersey-client/1.17.1/jersey-client-1.17.1.pom:{11003931925084037873 6686 .m2/com/sun/jersey/jersey-client/1.17.1/jersey-client-1.17.1.pom false} .m2/com/sun/jersey/jersey-client/1.17.1/jersey-client-1.17.1.pom.sha1:{8887644105902675488 40 .m2/com/sun/jersey/jersey-client/1.17.1/jersey-client-1.17.1.pom.sha1 false} .m2/com/sun/jersey/jersey-client/1.19:{0 0 .m2/com/sun/jersey/jersey-client/1.19 true} .m2/com/sun/jersey/jersey-client/1.19/_remote.repositories:{5580144679351885925 204 .m2/com/sun/jersey/jersey-client/1.19/_remote.repositories false} .m2/com/sun/jersey/jersey-client/1.19/jersey-client-1.19.jar:{3097201721211863400 134021 .m2/com/sun/jersey/jersey-client/1.19/jersey-client-1.19.jar false} .m2/com/sun/jersey/jersey-client/1.19/jersey-client-1.19.jar.sha1:{3637900015240504641 40 .m2/com/sun/jersey/jersey-client/1.19/jersey-client-1.19.jar.sha1 false} .m2/com/sun/jersey/jersey-client/1.19/jersey-client-1.19.pom:{11485041150050954871 6685 .m2/com/sun/jersey/jersey-client/1.19/jersey-client-1.19.pom false} .m2/com/sun/jersey/jersey-client/1.19/jersey-client-1.19.pom.sha1:{175840086504942261 40 .m2/com/sun/jersey/jersey-client/1.19/jersey-client-1.19.pom.sha1 false} .m2/com/sun/jersey/jersey-core:{0 0 .m2/com/sun/jersey/jersey-core true} .m2/com/sun/jersey/jersey-core/1.17.1:{0 0 .m2/com/sun/jersey/jersey-core/1.17.1 true} .m2/com/sun/jersey/jersey-core/1.17.1/_remote.repositories:{16788496003156862037 172 .m2/com/sun/jersey/jersey-core/1.17.1/_remote.repositories false} .m2/com/sun/jersey/jersey-core/1.17.1/jersey-core-1.17.1.pom:{3506936490609145050 10393 .m2/com/sun/jersey/jersey-core/1.17.1/jersey-core-1.17.1.pom false} .m2/com/sun/jersey/jersey-core/1.17.1/jersey-core-1.17.1.pom.sha1:{11983301796574097283 40 .m2/com/sun/jersey/jersey-core/1.17.1/jersey-core-1.17.1.pom.sha1 false} .m2/com/sun/jersey/jersey-core/1.19:{0 0 .m2/com/sun/jersey/jersey-core/1.19 true} .m2/com/sun/jersey/jersey-core/1.19/_remote.repositories:{9541228116073657046 200 .m2/com/sun/jersey/jersey-core/1.19/_remote.repositories false} .m2/com/sun/jersey/jersey-core/1.19/jersey-core-1.19.jar:{11148558818751305555 436689 .m2/com/sun/jersey/jersey-core/1.19/jersey-core-1.19.jar false} .m2/com/sun/jersey/jersey-core/1.19/jersey-core-1.19.jar.sha1:{5696554517355105207 40 .m2/com/sun/jersey/jersey-core/1.19/jersey-core-1.19.jar.sha1 false} .m2/com/sun/jersey/jersey-core/1.19/jersey-core-1.19.pom:{3949968815543247348 9686 .m2/com/sun/jersey/jersey-core/1.19/jersey-core-1.19.pom false} .m2/com/sun/jersey/jersey-core/1.19/jersey-core-1.19.pom.sha1:{12723635082980630114 40 .m2/com/sun/jersey/jersey-core/1.19/jersey-core-1.19.pom.sha1 false} .m2/com/sun/jersey/jersey-project:{0 0 .m2/com/sun/jersey/jersey-project true} .m2/com/sun/jersey/jersey-project/1.17.1:{0 0 .m2/com/sun/jersey/jersey-project/1.17.1 true} .m2/com/sun/jersey/jersey-project/1.17.1/_remote.repositories:{4303356074142179032 175 .m2/com/sun/jersey/jersey-project/1.17.1/_remote.repositories false} .m2/com/sun/jersey/jersey-project/1.17.1/jersey-project-1.17.1.pom:{5300418355525730011 21428 .m2/com/sun/jersey/jersey-project/1.17.1/jersey-project-1.17.1.pom false} .m2/com/sun/jersey/jersey-project/1.17.1/jersey-project-1.17.1.pom.sha1:{1612631253270708511 40 .m2/com/sun/jersey/jersey-project/1.17.1/jersey-project-1.17.1.pom.sha1 false} .m2/com/sun/jersey/jersey-project/1.19:{0 0 .m2/com/sun/jersey/jersey-project/1.19 true} .m2/com/sun/jersey/jersey-project/1.19/_remote.repositories:{16230411729340032671 173 .m2/com/sun/jersey/jersey-project/1.19/_remote.repositories false} .m2/com/sun/jersey/jersey-project/1.19/jersey-project-1.19.pom:{15889404311892081327 24525 .m2/com/sun/jersey/jersey-project/1.19/jersey-project-1.19.pom false} .m2/com/sun/jersey/jersey-project/1.19/jersey-project-1.19.pom.sha1:{1525447577540318417 40 .m2/com/sun/jersey/jersey-project/1.19/jersey-project-1.19.pom.sha1 false} .m2/com/sun/mail:{0 0 .m2/com/sun/mail true} .m2/com/sun/mail/all:{0 0 .m2/com/sun/mail/all true} .m2/com/sun/mail/all/2.0.1:{0 0 .m2/com/sun/mail/all/2.0.1 true} .m2/com/sun/mail/all/2.0.1/_remote.repositories:{6508602132060681809 163 .m2/com/sun/mail/all/2.0.1/_remote.repositories false} .m2/com/sun/mail/all/2.0.1/all-2.0.1.pom:{9600616274022868439 24139 .m2/com/sun/mail/all/2.0.1/all-2.0.1.pom false} .m2/com/sun/mail/all/2.0.1/all-2.0.1.pom.sha1:{1609337519849958833 40 .m2/com/sun/mail/all/2.0.1/all-2.0.1.pom.sha1 false} .m2/com/sun/mail/jakarta.mail:{0 0 .m2/com/sun/mail/jakarta.mail true} .m2/com/sun/mail/jakarta.mail/2.0.1:{0 0 .m2/com/sun/mail/jakarta.mail/2.0.1 true} .m2/com/sun/mail/jakarta.mail/2.0.1/_remote.repositories:{4317753402180083619 204 .m2/com/sun/mail/jakarta.mail/2.0.1/_remote.repositories false} .m2/com/sun/mail/jakarta.mail/2.0.1/jakarta.mail-2.0.1.jar:{2717349223049810114 689294 .m2/com/sun/mail/jakarta.mail/2.0.1/jakarta.mail-2.0.1.jar false} .m2/com/sun/mail/jakarta.mail/2.0.1/jakarta.mail-2.0.1.jar.sha1:{5653352675053068990 40 .m2/com/sun/mail/jakarta.mail/2.0.1/jakarta.mail-2.0.1.jar.sha1 false} .m2/com/sun/mail/jakarta.mail/2.0.1/jakarta.mail-2.0.1.pom:{1175818378469231372 5722 .m2/com/sun/mail/jakarta.mail/2.0.1/jakarta.mail-2.0.1.pom false} .m2/com/sun/mail/jakarta.mail/2.0.1/jakarta.mail-2.0.1.pom.sha1:{15271663405604173845 40 .m2/com/sun/mail/jakarta.mail/2.0.1/jakarta.mail-2.0.1.pom.sha1 false} .m2/com/thoughtworks:{0 0 .m2/com/thoughtworks true} .m2/com/thoughtworks/qdox:{0 0 .m2/com/thoughtworks/qdox true} .m2/com/thoughtworks/qdox/qdox:{0 0 .m2/com/thoughtworks/qdox/qdox true} .m2/com/thoughtworks/qdox/qdox/2.0.3:{0 0 .m2/com/thoughtworks/qdox/qdox/2.0.3 true} .m2/com/thoughtworks/qdox/qdox/2.0.3/_remote.repositories:{595197336217877986 188 .m2/com/thoughtworks/qdox/qdox/2.0.3/_remote.repositories false} .m2/com/thoughtworks/qdox/qdox/2.0.3/qdox-2.0.3.jar:{17404160067709963236 334163 .m2/com/thoughtworks/qdox/qdox/2.0.3/qdox-2.0.3.jar false} .m2/com/thoughtworks/qdox/qdox/2.0.3/qdox-2.0.3.jar.sha1:{8708419387841531473 40 .m2/com/thoughtworks/qdox/qdox/2.0.3/qdox-2.0.3.jar.sha1 false} .m2/com/thoughtworks/qdox/qdox/2.0.3/qdox-2.0.3.pom:{17853366744675154470 17237 .m2/com/thoughtworks/qdox/qdox/2.0.3/qdox-2.0.3.pom false} .m2/com/thoughtworks/qdox/qdox/2.0.3/qdox-2.0.3.pom.sha1:{15274883684255513777 40 .m2/com/thoughtworks/qdox/qdox/2.0.3/qdox-2.0.3.pom.sha1 false} .m2/com/typesafe:{0 0 .m2/com/typesafe true} .m2/com/typesafe/netty:{0 0 .m2/com/typesafe/netty true} .m2/com/typesafe/netty/netty-reactive-streams:{0 0 .m2/com/typesafe/netty/netty-reactive-streams true} .m2/com/typesafe/netty/netty-reactive-streams-parent:{0 0 .m2/com/typesafe/netty/netty-reactive-streams-parent true} .m2/com/typesafe/netty/netty-reactive-streams-parent/2.0.4:{0 0 .m2/com/typesafe/netty/netty-reactive-streams-parent/2.0.4 true} .m2/com/typesafe/netty/netty-reactive-streams-parent/2.0.4/_remote.repositories:{10971454671597097251 189 .m2/com/typesafe/netty/netty-reactive-streams-parent/2.0.4/_remote.repositories false} .m2/com/typesafe/netty/netty-reactive-streams-parent/2.0.4/netty-reactive-streams-parent-2.0.4.pom:{6020595408570467473 8408 .m2/com/typesafe/netty/netty-reactive-streams-parent/2.0.4/netty-reactive-streams-parent-2.0.4.pom false} .m2/com/typesafe/netty/netty-reactive-streams-parent/2.0.4/netty-reactive-streams-parent-2.0.4.pom.sha1:{3602212771516986992 40 .m2/com/typesafe/netty/netty-reactive-streams-parent/2.0.4/netty-reactive-streams-parent-2.0.4.pom.sha1 false} .m2/com/typesafe/netty/netty-reactive-streams/2.0.4:{0 0 .m2/com/typesafe/netty/netty-reactive-streams/2.0.4 true} .m2/com/typesafe/netty/netty-reactive-streams/2.0.4/_remote.repositories:{7805949351988231295 182 .m2/com/typesafe/netty/netty-reactive-streams/2.0.4/_remote.repositories false} .m2/com/typesafe/netty/netty-reactive-streams/2.0.4/netty-reactive-streams-2.0.4.pom:{10675950198107024127 2150 .m2/com/typesafe/netty/netty-reactive-streams/2.0.4/netty-reactive-streams-2.0.4.pom false} .m2/com/typesafe/netty/netty-reactive-streams/2.0.4/netty-reactive-streams-2.0.4.pom.sha1:{2973593868001907213 40 .m2/com/typesafe/netty/netty-reactive-streams/2.0.4/netty-reactive-streams-2.0.4.pom.sha1 false} .m2/com/zaxxer:{0 0 .m2/com/zaxxer true} .m2/com/zaxxer/SparseBitSet:{0 0 .m2/com/zaxxer/SparseBitSet true} .m2/com/zaxxer/SparseBitSet/1.2:{0 0 .m2/com/zaxxer/SparseBitSet/1.2 true} .m2/com/zaxxer/SparseBitSet/1.2/SparseBitSet-1.2.jar:{3760212546621904075 24510 .m2/com/zaxxer/SparseBitSet/1.2/SparseBitSet-1.2.jar false} .m2/com/zaxxer/SparseBitSet/1.2/SparseBitSet-1.2.jar.sha1:{12770732130162841555 40 .m2/com/zaxxer/SparseBitSet/1.2/SparseBitSet-1.2.jar.sha1 false} .m2/com/zaxxer/SparseBitSet/1.2/SparseBitSet-1.2.pom:{5656445577913839703 4247 .m2/com/zaxxer/SparseBitSet/1.2/SparseBitSet-1.2.pom false} .m2/com/zaxxer/SparseBitSet/1.2/SparseBitSet-1.2.pom.sha1:{3166588753417047353 40 .m2/com/zaxxer/SparseBitSet/1.2/SparseBitSet-1.2.pom.sha1 false} .m2/com/zaxxer/SparseBitSet/1.2/_remote.repositories:{340180276863233243 200 .m2/com/zaxxer/SparseBitSet/1.2/_remote.repositories false} .m2/commons-beanutils:{0 0 .m2/commons-beanutils true} .m2/commons-beanutils/commons-beanutils:{0 0 .m2/commons-beanutils/commons-beanutils true} .m2/commons-beanutils/commons-beanutils/1.8.0:{0 0 .m2/commons-beanutils/commons-beanutils/1.8.0 true} .m2/commons-beanutils/commons-beanutils/1.8.0/_remote.repositories:{12566514995567181132 177 .m2/commons-beanutils/commons-beanutils/1.8.0/_remote.repositories false} .m2/commons-beanutils/commons-beanutils/1.8.0/commons-beanutils-1.8.0.pom:{11947498196165562236 10786 .m2/commons-beanutils/commons-beanutils/1.8.0/commons-beanutils-1.8.0.pom false} .m2/commons-beanutils/commons-beanutils/1.8.0/commons-beanutils-1.8.0.pom.sha1:{4556677440864743522 40 .m2/commons-beanutils/commons-beanutils/1.8.0/commons-beanutils-1.8.0.pom.sha1 false} .m2/commons-beanutils/commons-beanutils/1.8.3:{0 0 .m2/commons-beanutils/commons-beanutils/1.8.3 true} .m2/commons-beanutils/commons-beanutils/1.8.3/_remote.repositories:{13825093544513560555 214 .m2/commons-beanutils/commons-beanutils/1.8.3/_remote.repositories false} .m2/commons-beanutils/commons-beanutils/1.8.3/commons-beanutils-1.8.3.jar:{7864518646222479815 232019 .m2/commons-beanutils/commons-beanutils/1.8.3/commons-beanutils-1.8.3.jar false} .m2/commons-beanutils/commons-beanutils/1.8.3/commons-beanutils-1.8.3.jar.sha1:{7199267655459560691 40 .m2/commons-beanutils/commons-beanutils/1.8.3/commons-beanutils-1.8.3.jar.sha1 false} .m2/commons-beanutils/commons-beanutils/1.8.3/commons-beanutils-1.8.3.pom:{2719461259535835449 11198 .m2/commons-beanutils/commons-beanutils/1.8.3/commons-beanutils-1.8.3.pom false} .m2/commons-beanutils/commons-beanutils/1.8.3/commons-beanutils-1.8.3.pom.sha1:{5470061691613255267 40 .m2/commons-beanutils/commons-beanutils/1.8.3/commons-beanutils-1.8.3.pom.sha1 false} .m2/commons-codec:{0 0 .m2/commons-codec true} .m2/commons-codec/commons-codec:{0 0 .m2/commons-codec/commons-codec true} .m2/commons-codec/commons-codec/1.13:{0 0 .m2/commons-codec/commons-codec/1.13 true} .m2/commons-codec/commons-codec/1.13/_remote.repositories:{12624050997490207554 172 .m2/commons-codec/commons-codec/1.13/_remote.repositories false} .m2/commons-codec/commons-codec/1.13/commons-codec-1.13.pom:{4221369263349082143 14274 .m2/commons-codec/commons-codec/1.13/commons-codec-1.13.pom false} .m2/commons-codec/commons-codec/1.13/commons-codec-1.13.pom.sha1:{15539021421944444147 40 .m2/commons-codec/commons-codec/1.13/commons-codec-1.13.pom.sha1 false} .m2/commons-codec/commons-codec/1.15:{0 0 .m2/commons-codec/commons-codec/1.15 true} .m2/commons-codec/commons-codec/1.15/_remote.repositories:{13499144809580083723 172 .m2/commons-codec/commons-codec/1.15/_remote.repositories false} .m2/commons-codec/commons-codec/1.15/commons-codec-1.15.pom:{15780305939915579356 15443 .m2/commons-codec/commons-codec/1.15/commons-codec-1.15.pom false} .m2/commons-codec/commons-codec/1.15/commons-codec-1.15.pom.sha1:{15657949488390481364 40 .m2/commons-codec/commons-codec/1.15/commons-codec-1.15.pom.sha1 false} .m2/commons-codec/commons-codec/1.2:{0 0 .m2/commons-codec/commons-codec/1.2 true} .m2/commons-codec/commons-codec/1.2/_remote.repositories:{6890657440844987896 171 .m2/commons-codec/commons-codec/1.2/_remote.repositories false} .m2/commons-codec/commons-codec/1.2/commons-codec-1.2.pom:{2631945428185724950 3825 .m2/commons-codec/commons-codec/1.2/commons-codec-1.2.pom false} .m2/commons-codec/commons-codec/1.2/commons-codec-1.2.pom.sha1:{15345091376913679584 40 .m2/commons-codec/commons-codec/1.2/commons-codec-1.2.pom.sha1 false} .m2/commons-codec/commons-codec/1.8:{0 0 .m2/commons-codec/commons-codec/1.8 true} .m2/commons-codec/commons-codec/1.8/_remote.repositories:{17266411895796048827 202 .m2/commons-codec/commons-codec/1.8/_remote.repositories false} .m2/commons-codec/commons-codec/1.8/commons-codec-1.8.jar:{2898553606922378642 263865 .m2/commons-codec/commons-codec/1.8/commons-codec-1.8.jar false} .m2/commons-codec/commons-codec/1.8/commons-codec-1.8.jar.sha1:{12173414015077373146 40 .m2/commons-codec/commons-codec/1.8/commons-codec-1.8.jar.sha1 false} .m2/commons-codec/commons-codec/1.8/commons-codec-1.8.pom:{15321032172698108003 11417 .m2/commons-codec/commons-codec/1.8/commons-codec-1.8.pom false} .m2/commons-codec/commons-codec/1.8/commons-codec-1.8.pom.sha1:{11201082011513881364 40 .m2/commons-codec/commons-codec/1.8/commons-codec-1.8.pom.sha1 false} .m2/commons-collections:{0 0 .m2/commons-collections true} .m2/commons-collections/commons-collections:{0 0 .m2/commons-collections/commons-collections true} .m2/commons-collections/commons-collections/3.2.1:{0 0 .m2/commons-collections/commons-collections/3.2.1 true} .m2/commons-collections/commons-collections/3.2.1/_remote.repositories:{3808301918954118321 218 .m2/commons-collections/commons-collections/3.2.1/_remote.repositories false} .m2/commons-collections/commons-collections/3.2.1/commons-collections-3.2.1.jar:{8532552787052188476 575389 .m2/commons-collections/commons-collections/3.2.1/commons-collections-3.2.1.jar false} .m2/commons-collections/commons-collections/3.2.1/commons-collections-3.2.1.jar.sha1:{16151603014712033787 40 .m2/commons-collections/commons-collections/3.2.1/commons-collections-3.2.1.jar.sha1 false} .m2/commons-collections/commons-collections/3.2.1/commons-collections-3.2.1.pom:{1383184305627985480 12505 .m2/commons-collections/commons-collections/3.2.1/commons-collections-3.2.1.pom false} .m2/commons-collections/commons-collections/3.2.1/commons-collections-3.2.1.pom.sha1:{3970064199162129459 40 .m2/commons-collections/commons-collections/3.2.1/commons-collections-3.2.1.pom.sha1 false} .m2/commons-configuration:{0 0 .m2/commons-configuration true} .m2/commons-configuration/commons-configuration:{0 0 .m2/commons-configuration/commons-configuration true} .m2/commons-configuration/commons-configuration/1.7:{0 0 .m2/commons-configuration/commons-configuration/1.7 true} .m2/commons-configuration/commons-configuration/1.7/_remote.repositories:{2021208022548671722 218 .m2/commons-configuration/commons-configuration/1.7/_remote.repositories false} .m2/commons-configuration/commons-configuration/1.7/commons-configuration-1.7.jar:{5284016493421576220 350332 .m2/commons-configuration/commons-configuration/1.7/commons-configuration-1.7.jar false} .m2/commons-configuration/commons-configuration/1.7/commons-configuration-1.7.jar.sha1:{7094548674231672889 40 .m2/commons-configuration/commons-configuration/1.7/commons-configuration-1.7.jar.sha1 false} .m2/commons-configuration/commons-configuration/1.7/commons-configuration-1.7.pom:{2912959701156027626 22100 .m2/commons-configuration/commons-configuration/1.7/commons-configuration-1.7.pom false} .m2/commons-configuration/commons-configuration/1.7/commons-configuration-1.7.pom.sha1:{7085390411434340316 40 .m2/commons-configuration/commons-configuration/1.7/commons-configuration-1.7.pom.sha1 false} .m2/commons-digester:{0 0 .m2/commons-digester true} .m2/commons-digester/commons-digester:{0 0 .m2/commons-digester/commons-digester true} .m2/commons-digester/commons-digester/1.8.1:{0 0 .m2/commons-digester/commons-digester/1.8.1 true} .m2/commons-digester/commons-digester/1.8.1/_remote.repositories:{13791536674157920551 212 .m2/commons-digester/commons-digester/1.8.1/_remote.repositories false} .m2/commons-digester/commons-digester/1.8.1/commons-digester-1.8.1.jar:{17189990648331238797 146108 .m2/commons-digester/commons-digester/1.8.1/commons-digester-1.8.1.jar false} .m2/commons-digester/commons-digester/1.8.1/commons-digester-1.8.1.jar.sha1:{8117623242347885026 40 .m2/commons-digester/commons-digester/1.8.1/commons-digester-1.8.1.jar.sha1 false} .m2/commons-digester/commons-digester/1.8.1/commons-digester-1.8.1.pom:{10154917292779805495 10028 .m2/commons-digester/commons-digester/1.8.1/commons-digester-1.8.1.pom false} .m2/commons-digester/commons-digester/1.8.1/commons-digester-1.8.1.pom.sha1:{16756847899079487697 40 .m2/commons-digester/commons-digester/1.8.1/commons-digester-1.8.1.pom.sha1 false} .m2/commons-httpclient:{0 0 .m2/commons-httpclient true} .m2/commons-httpclient/commons-httpclient:{0 0 .m2/commons-httpclient/commons-httpclient true} .m2/commons-httpclient/commons-httpclient/3.1:{0 0 .m2/commons-httpclient/commons-httpclient/3.1 true} .m2/commons-httpclient/commons-httpclient/3.1/_remote.repositories:{13667832835653533916 212 .m2/commons-httpclient/commons-httpclient/3.1/_remote.repositories false} .m2/commons-httpclient/commons-httpclient/3.1/commons-httpclient-3.1.jar:{16488500248127329381 305001 .m2/commons-httpclient/commons-httpclient/3.1/commons-httpclient-3.1.jar false} .m2/commons-httpclient/commons-httpclient/3.1/commons-httpclient-3.1.jar.sha1:{4639062596460679785 40 .m2/commons-httpclient/commons-httpclient/3.1/commons-httpclient-3.1.jar.sha1 false} .m2/commons-httpclient/commons-httpclient/3.1/commons-httpclient-3.1.pom:{4199290286634939769 7763 .m2/commons-httpclient/commons-httpclient/3.1/commons-httpclient-3.1.pom false} .m2/commons-httpclient/commons-httpclient/3.1/commons-httpclient-3.1.pom.sha1:{12166004875099827403 40 .m2/commons-httpclient/commons-httpclient/3.1/commons-httpclient-3.1.pom.sha1 false} .m2/commons-io:{0 0 .m2/commons-io true} .m2/commons-io/commons-io:{0 0 .m2/commons-io/commons-io true} .m2/commons-io/commons-io/2.11.0:{0 0 .m2/commons-io/commons-io/2.11.0 true} .m2/commons-io/commons-io/2.11.0/_remote.repositories:{7432285608484941214 202 .m2/commons-io/commons-io/2.11.0/_remote.repositories false} .m2/commons-io/commons-io/2.11.0/commons-io-2.11.0.jar:{3057605434323018867 327135 .m2/commons-io/commons-io/2.11.0/commons-io-2.11.0.jar false} .m2/commons-io/commons-io/2.11.0/commons-io-2.11.0.jar.sha1:{12643471780978499200 40 .m2/commons-io/commons-io/2.11.0/commons-io-2.11.0.jar.sha1 false} .m2/commons-io/commons-io/2.11.0/commons-io-2.11.0.pom:{3406922731861151364 19729 .m2/commons-io/commons-io/2.11.0/commons-io-2.11.0.pom false} .m2/commons-io/commons-io/2.11.0/commons-io-2.11.0.pom.sha1:{2241247544891840266 40 .m2/commons-io/commons-io/2.11.0/commons-io-2.11.0.pom.sha1 false} .m2/commons-io/commons-io/2.13.0:{0 0 .m2/commons-io/commons-io/2.13.0 true} .m2/commons-io/commons-io/2.13.0/_remote.repositories:{11899031125015502140 171 .m2/commons-io/commons-io/2.13.0/_remote.repositories false} .m2/commons-io/commons-io/2.13.0/commons-io-2.13.0.pom:{3088895053001347200 20319 .m2/commons-io/commons-io/2.13.0/commons-io-2.13.0.pom false} .m2/commons-io/commons-io/2.13.0/commons-io-2.13.0.pom.sha1:{9517089995235077014 40 .m2/commons-io/commons-io/2.13.0/commons-io-2.13.0.pom.sha1 false} .m2/commons-lang:{0 0 .m2/commons-lang true} .m2/commons-lang/commons-lang:{0 0 .m2/commons-lang/commons-lang true} .m2/commons-lang/commons-lang/2.6:{0 0 .m2/commons-lang/commons-lang/2.6 true} .m2/commons-lang/commons-lang/2.6/_remote.repositories:{11060923448473254419 200 .m2/commons-lang/commons-lang/2.6/_remote.repositories false} .m2/commons-lang/commons-lang/2.6/commons-lang-2.6.jar:{3397295870363679811 284220 .m2/commons-lang/commons-lang/2.6/commons-lang-2.6.jar false} .m2/commons-lang/commons-lang/2.6/commons-lang-2.6.jar.sha1:{12155940155043318764 40 .m2/commons-lang/commons-lang/2.6/commons-lang-2.6.jar.sha1 false} .m2/commons-lang/commons-lang/2.6/commons-lang-2.6.pom:{4374116012156603703 17494 .m2/commons-lang/commons-lang/2.6/commons-lang-2.6.pom false} .m2/commons-lang/commons-lang/2.6/commons-lang-2.6.pom.sha1:{7401982205712679798 40 .m2/commons-lang/commons-lang/2.6/commons-lang-2.6.pom.sha1 false} .m2/commons-logging:{0 0 .m2/commons-logging true} .m2/commons-logging/commons-logging:{0 0 .m2/commons-logging/commons-logging true} .m2/commons-logging/commons-logging/1.0.4:{0 0 .m2/commons-logging/commons-logging/1.0.4 true} .m2/commons-logging/commons-logging/1.0.4/_remote.repositories:{2643803038373087523 175 .m2/commons-logging/commons-logging/1.0.4/_remote.repositories false} .m2/commons-logging/commons-logging/1.0.4/commons-logging-1.0.4.pom:{16786923800155785236 5264 .m2/commons-logging/commons-logging/1.0.4/commons-logging-1.0.4.pom false} .m2/commons-logging/commons-logging/1.0.4/commons-logging-1.0.4.pom.sha1:{17109300278295511274 40 .m2/commons-logging/commons-logging/1.0.4/commons-logging-1.0.4.pom.sha1 false} .m2/commons-logging/commons-logging/1.1.1:{0 0 .m2/commons-logging/commons-logging/1.1.1 true} .m2/commons-logging/commons-logging/1.1.1/_remote.repositories:{2170892177542628446 210 .m2/commons-logging/commons-logging/1.1.1/_remote.repositories false} .m2/commons-logging/commons-logging/1.1.1/commons-logging-1.1.1.jar:{15554237266132856123 60686 .m2/commons-logging/commons-logging/1.1.1/commons-logging-1.1.1.jar false} .m2/commons-logging/commons-logging/1.1.1/commons-logging-1.1.1.jar.sha1:{16112531639419079840 40 .m2/commons-logging/commons-logging/1.1.1/commons-logging-1.1.1.jar.sha1 false} .m2/commons-logging/commons-logging/1.1.1/commons-logging-1.1.1.pom:{6359757136346935697 18365 .m2/commons-logging/commons-logging/1.1.1/commons-logging-1.1.1.pom false} .m2/commons-logging/commons-logging/1.1.1/commons-logging-1.1.1.pom.sha1:{6310049589229407499 40 .m2/commons-logging/commons-logging/1.1.1/commons-logging-1.1.1.pom.sha1 false} .m2/commons-logging/commons-logging/1.2:{0 0 .m2/commons-logging/commons-logging/1.2 true} .m2/commons-logging/commons-logging/1.2/_remote.repositories:{11358976613203476796 173 .m2/commons-logging/commons-logging/1.2/_remote.repositories false} .m2/commons-logging/commons-logging/1.2/commons-logging-1.2.pom:{10941881088984502486 19206 .m2/commons-logging/commons-logging/1.2/commons-logging-1.2.pom false} .m2/commons-logging/commons-logging/1.2/commons-logging-1.2.pom.sha1:{9992592693118327142 40 .m2/commons-logging/commons-logging/1.2/commons-logging-1.2.pom.sha1 false} .m2/io:{0 0 .m2/io true} .m2/io/github:{0 0 .m2/io/github true} .m2/io/github/bonigarcia:{0 0 .m2/io/github/bonigarcia true} .m2/io/github/bonigarcia/webdrivermanager:{0 0 .m2/io/github/bonigarcia/webdrivermanager true} .m2/io/github/bonigarcia/webdrivermanager/5.6.3:{0 0 .m2/io/github/bonigarcia/webdrivermanager/5.6.3 true} .m2/io/github/bonigarcia/webdrivermanager/5.6.3/_remote.repositories:{10722773683917743185 212 .m2/io/github/bonigarcia/webdrivermanager/5.6.3/_remote.repositories false} .m2/io/github/bonigarcia/webdrivermanager/5.6.3/webdrivermanager-5.6.3.jar:{11758664007007049901 894415 .m2/io/github/bonigarcia/webdrivermanager/5.6.3/webdrivermanager-5.6.3.jar false} .m2/io/github/bonigarcia/webdrivermanager/5.6.3/webdrivermanager-5.6.3.jar.sha1:{381379871592013479 40 .m2/io/github/bonigarcia/webdrivermanager/5.6.3/webdrivermanager-5.6.3.jar.sha1 false} .m2/io/github/bonigarcia/webdrivermanager/5.6.3/webdrivermanager-5.6.3.pom:{2644331716618579730 18606 .m2/io/github/bonigarcia/webdrivermanager/5.6.3/webdrivermanager-5.6.3.pom false} .m2/io/github/bonigarcia/webdrivermanager/5.6.3/webdrivermanager-5.6.3.pom.sha1:{1992696363313212707 40 .m2/io/github/bonigarcia/webdrivermanager/5.6.3/webdrivermanager-5.6.3.pom.sha1 false} .m2/io/netty:{0 0 .m2/io/netty true} .m2/io/netty/netty-buffer:{0 0 .m2/io/netty/netty-buffer true} .m2/io/netty/netty-buffer/4.1.43.Final:{0 0 .m2/io/netty/netty-buffer/4.1.43.Final true} .m2/io/netty/netty-buffer/4.1.43.Final/_remote.repositories:{17822072079121345300 179 .m2/io/netty/netty-buffer/4.1.43.Final/_remote.repositories false} .m2/io/netty/netty-buffer/4.1.43.Final/netty-buffer-4.1.43.Final.pom:{9202275540034082470 1578 .m2/io/netty/netty-buffer/4.1.43.Final/netty-buffer-4.1.43.Final.pom false} .m2/io/netty/netty-buffer/4.1.43.Final/netty-buffer-4.1.43.Final.pom.sha1:{9485181654731301355 40 .m2/io/netty/netty-buffer/4.1.43.Final/netty-buffer-4.1.43.Final.pom.sha1 false} .m2/io/netty/netty-buffer/4.1.60.Final:{0 0 .m2/io/netty/netty-buffer/4.1.60.Final true} .m2/io/netty/netty-buffer/4.1.60.Final/_remote.repositories:{15551700160772661243 179 .m2/io/netty/netty-buffer/4.1.60.Final/_remote.repositories false} .m2/io/netty/netty-buffer/4.1.60.Final/netty-buffer-4.1.60.Final.pom:{6236842004632506883 1580 .m2/io/netty/netty-buffer/4.1.60.Final/netty-buffer-4.1.60.Final.pom false} .m2/io/netty/netty-buffer/4.1.60.Final/netty-buffer-4.1.60.Final.pom.sha1:{8612462508215571331 40 .m2/io/netty/netty-buffer/4.1.60.Final/netty-buffer-4.1.60.Final.pom.sha1 false} .m2/io/netty/netty-buffer/4.1.67.Final:{0 0 .m2/io/netty/netty-buffer/4.1.67.Final true} .m2/io/netty/netty-buffer/4.1.67.Final/_remote.repositories:{10138850437185269678 179 .m2/io/netty/netty-buffer/4.1.67.Final/_remote.repositories false} .m2/io/netty/netty-buffer/4.1.67.Final/netty-buffer-4.1.67.Final.pom:{1825664913666526998 1580 .m2/io/netty/netty-buffer/4.1.67.Final/netty-buffer-4.1.67.Final.pom false} .m2/io/netty/netty-buffer/4.1.67.Final/netty-buffer-4.1.67.Final.pom.sha1:{14027104521082132900 40 .m2/io/netty/netty-buffer/4.1.67.Final/netty-buffer-4.1.67.Final.pom.sha1 false} .m2/io/netty/netty-buffer/4.1.68.Final:{0 0 .m2/io/netty/netty-buffer/4.1.68.Final true} .m2/io/netty/netty-buffer/4.1.68.Final/_remote.repositories:{2906887110496781235 179 .m2/io/netty/netty-buffer/4.1.68.Final/_remote.repositories false} .m2/io/netty/netty-buffer/4.1.68.Final/netty-buffer-4.1.68.Final.pom:{7233064622998270308 1580 .m2/io/netty/netty-buffer/4.1.68.Final/netty-buffer-4.1.68.Final.pom false} .m2/io/netty/netty-buffer/4.1.68.Final/netty-buffer-4.1.68.Final.pom.sha1:{2856723866855316388 40 .m2/io/netty/netty-buffer/4.1.68.Final/netty-buffer-4.1.68.Final.pom.sha1 false} .m2/io/netty/netty-codec:{0 0 .m2/io/netty/netty-codec true} .m2/io/netty/netty-codec-http:{0 0 .m2/io/netty/netty-codec-http true} .m2/io/netty/netty-codec-http/4.1.60.Final:{0 0 .m2/io/netty/netty-codec-http/4.1.60.Final true} .m2/io/netty/netty-codec-http/4.1.60.Final/_remote.repositories:{703568119939904590 183 .m2/io/netty/netty-codec-http/4.1.60.Final/_remote.repositories false} .m2/io/netty/netty-codec-http/4.1.60.Final/netty-codec-http-4.1.60.Final.pom:{8816578927978307354 2404 .m2/io/netty/netty-codec-http/4.1.60.Final/netty-codec-http-4.1.60.Final.pom false} .m2/io/netty/netty-codec-http/4.1.60.Final/netty-codec-http-4.1.60.Final.pom.sha1:{15836527055422496714 40 .m2/io/netty/netty-codec-http/4.1.60.Final/netty-codec-http-4.1.60.Final.pom.sha1 false} .m2/io/netty/netty-codec-http/4.1.67.Final:{0 0 .m2/io/netty/netty-codec-http/4.1.67.Final true} .m2/io/netty/netty-codec-http/4.1.67.Final/_remote.repositories:{13835260602340591310 183 .m2/io/netty/netty-codec-http/4.1.67.Final/_remote.repositories false} .m2/io/netty/netty-codec-http/4.1.67.Final/netty-codec-http-4.1.67.Final.pom:{3297403207532711846 3168 .m2/io/netty/netty-codec-http/4.1.67.Final/netty-codec-http-4.1.67.Final.pom false} .m2/io/netty/netty-codec-http/4.1.67.Final/netty-codec-http-4.1.67.Final.pom.sha1:{2326722920174954087 40 .m2/io/netty/netty-codec-http/4.1.67.Final/netty-codec-http-4.1.67.Final.pom.sha1 false} .m2/io/netty/netty-codec-socks:{0 0 .m2/io/netty/netty-codec-socks true} .m2/io/netty/netty-codec-socks/4.1.60.Final:{0 0 .m2/io/netty/netty-codec-socks/4.1.60.Final true} .m2/io/netty/netty-codec-socks/4.1.60.Final/_remote.repositories:{12050629827828386761 184 .m2/io/netty/netty-codec-socks/4.1.60.Final/_remote.repositories false} .m2/io/netty/netty-codec-socks/4.1.60.Final/netty-codec-socks-4.1.60.Final.pom:{110937533904897330 1983 .m2/io/netty/netty-codec-socks/4.1.60.Final/netty-codec-socks-4.1.60.Final.pom false} .m2/io/netty/netty-codec-socks/4.1.60.Final/netty-codec-socks-4.1.60.Final.pom.sha1:{11493741734311389782 40 .m2/io/netty/netty-codec-socks/4.1.60.Final/netty-codec-socks-4.1.60.Final.pom.sha1 false} .m2/io/netty/netty-codec/4.1.43.Final:{0 0 .m2/io/netty/netty-codec/4.1.43.Final true} .m2/io/netty/netty-codec/4.1.43.Final/_remote.repositories:{4367811520891002072 178 .m2/io/netty/netty-codec/4.1.43.Final/_remote.repositories false} .m2/io/netty/netty-codec/4.1.43.Final/netty-codec-4.1.43.Final.pom:{14627087117134469344 3587 .m2/io/netty/netty-codec/4.1.43.Final/netty-codec-4.1.43.Final.pom false} .m2/io/netty/netty-codec/4.1.43.Final/netty-codec-4.1.43.Final.pom.sha1:{7939901467514726302 40 .m2/io/netty/netty-codec/4.1.43.Final/netty-codec-4.1.43.Final.pom.sha1 false} .m2/io/netty/netty-codec/4.1.60.Final:{0 0 .m2/io/netty/netty-codec/4.1.60.Final true} .m2/io/netty/netty-codec/4.1.60.Final/_remote.repositories:{2421523645852289173 178 .m2/io/netty/netty-codec/4.1.60.Final/_remote.repositories false} .m2/io/netty/netty-codec/4.1.60.Final/netty-codec-4.1.60.Final.pom:{10698721246029203994 3589 .m2/io/netty/netty-codec/4.1.60.Final/netty-codec-4.1.60.Final.pom false} .m2/io/netty/netty-codec/4.1.60.Final/netty-codec-4.1.60.Final.pom.sha1:{10888308251548451842 40 .m2/io/netty/netty-codec/4.1.60.Final/netty-codec-4.1.60.Final.pom.sha1 false} .m2/io/netty/netty-codec/4.1.67.Final:{0 0 .m2/io/netty/netty-codec/4.1.67.Final true} .m2/io/netty/netty-codec/4.1.67.Final/_remote.repositories:{989788947102814969 178 .m2/io/netty/netty-codec/4.1.67.Final/_remote.repositories false} .m2/io/netty/netty-codec/4.1.67.Final/netty-codec-4.1.67.Final.pom:{18050678048487752820 4407 .m2/io/netty/netty-codec/4.1.67.Final/netty-codec-4.1.67.Final.pom false} .m2/io/netty/netty-codec/4.1.67.Final/netty-codec-4.1.67.Final.pom.sha1:{16588683651246540285 40 .m2/io/netty/netty-codec/4.1.67.Final/netty-codec-4.1.67.Final.pom.sha1 false} .m2/io/netty/netty-common:{0 0 .m2/io/netty/netty-common true} .m2/io/netty/netty-common/4.1.43.Final:{0 0 .m2/io/netty/netty-common/4.1.43.Final true} .m2/io/netty/netty-common/4.1.43.Final/_remote.repositories:{17868436766068256686 179 .m2/io/netty/netty-common/4.1.43.Final/_remote.repositories false} .m2/io/netty/netty-common/4.1.43.Final/netty-common-4.1.43.Final.pom:{11094226986719359436 10060 .m2/io/netty/netty-common/4.1.43.Final/netty-common-4.1.43.Final.pom false} .m2/io/netty/netty-common/4.1.43.Final/netty-common-4.1.43.Final.pom.sha1:{7367746167009592792 40 .m2/io/netty/netty-common/4.1.43.Final/netty-common-4.1.43.Final.pom.sha1 false} .m2/io/netty/netty-common/4.1.60.Final:{0 0 .m2/io/netty/netty-common/4.1.60.Final true} .m2/io/netty/netty-common/4.1.60.Final/_remote.repositories:{7883546255237021980 179 .m2/io/netty/netty-common/4.1.60.Final/_remote.repositories false} .m2/io/netty/netty-common/4.1.60.Final/netty-common-4.1.60.Final.pom:{5338182025162683934 12093 .m2/io/netty/netty-common/4.1.60.Final/netty-common-4.1.60.Final.pom false} .m2/io/netty/netty-common/4.1.60.Final/netty-common-4.1.60.Final.pom.sha1:{9339418128072541680 40 .m2/io/netty/netty-common/4.1.60.Final/netty-common-4.1.60.Final.pom.sha1 false} .m2/io/netty/netty-common/4.1.67.Final:{0 0 .m2/io/netty/netty-common/4.1.67.Final true} .m2/io/netty/netty-common/4.1.67.Final/_remote.repositories:{9048895375288127407 179 .m2/io/netty/netty-common/4.1.67.Final/_remote.repositories false} .m2/io/netty/netty-common/4.1.67.Final/netty-common-4.1.67.Final.pom:{6642394046229319654 12501 .m2/io/netty/netty-common/4.1.67.Final/netty-common-4.1.67.Final.pom false} .m2/io/netty/netty-common/4.1.67.Final/netty-common-4.1.67.Final.pom.sha1:{8541112387081916077 40 .m2/io/netty/netty-common/4.1.67.Final/netty-common-4.1.67.Final.pom.sha1 false} .m2/io/netty/netty-common/4.1.68.Final:{0 0 .m2/io/netty/netty-common/4.1.68.Final true} .m2/io/netty/netty-common/4.1.68.Final/_remote.repositories:{2442192656076341547 179 .m2/io/netty/netty-common/4.1.68.Final/_remote.repositories false} .m2/io/netty/netty-common/4.1.68.Final/netty-common-4.1.68.Final.pom:{16831578149241950633 12501 .m2/io/netty/netty-common/4.1.68.Final/netty-common-4.1.68.Final.pom false} .m2/io/netty/netty-common/4.1.68.Final/netty-common-4.1.68.Final.pom.sha1:{5132508854851871471 40 .m2/io/netty/netty-common/4.1.68.Final/netty-common-4.1.68.Final.pom.sha1 false} .m2/io/netty/netty-handler:{0 0 .m2/io/netty/netty-handler true} .m2/io/netty/netty-handler-proxy:{0 0 .m2/io/netty/netty-handler-proxy true} .m2/io/netty/netty-handler-proxy/4.1.60.Final:{0 0 .m2/io/netty/netty-handler-proxy/4.1.60.Final true} .m2/io/netty/netty-handler-proxy/4.1.60.Final/_remote.repositories:{15373955019828833319 186 .m2/io/netty/netty-handler-proxy/4.1.60.Final/_remote.repositories false} .m2/io/netty/netty-handler-proxy/4.1.60.Final/netty-handler-proxy-4.1.60.Final.pom:{12353912539857671019 2792 .m2/io/netty/netty-handler-proxy/4.1.60.Final/netty-handler-proxy-4.1.60.Final.pom false} .m2/io/netty/netty-handler-proxy/4.1.60.Final/netty-handler-proxy-4.1.60.Final.pom.sha1:{721181506689381408 40 .m2/io/netty/netty-handler-proxy/4.1.60.Final/netty-handler-proxy-4.1.60.Final.pom.sha1 false} .m2/io/netty/netty-handler/4.1.43.Final:{0 0 .m2/io/netty/netty-handler/4.1.43.Final true} .m2/io/netty/netty-handler/4.1.43.Final/_remote.repositories:{11064364110787515729 180 .m2/io/netty/netty-handler/4.1.43.Final/_remote.repositories false} .m2/io/netty/netty-handler/4.1.43.Final/netty-handler-4.1.43.Final.pom:{13301170487515419482 3387 .m2/io/netty/netty-handler/4.1.43.Final/netty-handler-4.1.43.Final.pom false} .m2/io/netty/netty-handler/4.1.43.Final/netty-handler-4.1.43.Final.pom.sha1:{2900446897886921511 40 .m2/io/netty/netty-handler/4.1.43.Final/netty-handler-4.1.43.Final.pom.sha1 false} .m2/io/netty/netty-handler/4.1.60.Final:{0 0 .m2/io/netty/netty-handler/4.1.60.Final true} .m2/io/netty/netty-handler/4.1.60.Final/_remote.repositories:{13785637600462381647 180 .m2/io/netty/netty-handler/4.1.60.Final/_remote.repositories false} .m2/io/netty/netty-handler/4.1.60.Final/netty-handler-4.1.60.Final.pom:{15699055360995011667 3558 .m2/io/netty/netty-handler/4.1.60.Final/netty-handler-4.1.60.Final.pom false} .m2/io/netty/netty-handler/4.1.60.Final/netty-handler-4.1.60.Final.pom.sha1:{489217567897629534 40 .m2/io/netty/netty-handler/4.1.60.Final/netty-handler-4.1.60.Final.pom.sha1 false} .m2/io/netty/netty-handler/4.1.67.Final:{0 0 .m2/io/netty/netty-handler/4.1.67.Final true} .m2/io/netty/netty-handler/4.1.67.Final/_remote.repositories:{3664476224222812606 180 .m2/io/netty/netty-handler/4.1.67.Final/_remote.repositories false} .m2/io/netty/netty-handler/4.1.67.Final/netty-handler-4.1.67.Final.pom:{17374778232088984148 3558 .m2/io/netty/netty-handler/4.1.67.Final/netty-handler-4.1.67.Final.pom false} .m2/io/netty/netty-handler/4.1.67.Final/netty-handler-4.1.67.Final.pom.sha1:{11997666706932489756 40 .m2/io/netty/netty-handler/4.1.67.Final/netty-handler-4.1.67.Final.pom.sha1 false} .m2/io/netty/netty-parent:{0 0 .m2/io/netty/netty-parent true} .m2/io/netty/netty-parent/4.1.43.Final:{0 0 .m2/io/netty/netty-parent/4.1.43.Final true} .m2/io/netty/netty-parent/4.1.43.Final/_remote.repositories:{552751878980123917 179 .m2/io/netty/netty-parent/4.1.43.Final/_remote.repositories false} .m2/io/netty/netty-parent/4.1.43.Final/netty-parent-4.1.43.Final.pom:{5721649921704909155 56242 .m2/io/netty/netty-parent/4.1.43.Final/netty-parent-4.1.43.Final.pom false} .m2/io/netty/netty-parent/4.1.43.Final/netty-parent-4.1.43.Final.pom.sha1:{16731465865053027715 40 .m2/io/netty/netty-parent/4.1.43.Final/netty-parent-4.1.43.Final.pom.sha1 false} .m2/io/netty/netty-parent/4.1.60.Final:{0 0 .m2/io/netty/netty-parent/4.1.60.Final true} .m2/io/netty/netty-parent/4.1.60.Final/_remote.repositories:{6702199006390031201 179 .m2/io/netty/netty-parent/4.1.60.Final/_remote.repositories false} .m2/io/netty/netty-parent/4.1.60.Final/netty-parent-4.1.60.Final.pom:{16349009405453764768 61890 .m2/io/netty/netty-parent/4.1.60.Final/netty-parent-4.1.60.Final.pom false} .m2/io/netty/netty-parent/4.1.60.Final/netty-parent-4.1.60.Final.pom.sha1:{1393800320283325453 40 .m2/io/netty/netty-parent/4.1.60.Final/netty-parent-4.1.60.Final.pom.sha1 false} .m2/io/netty/netty-parent/4.1.67.Final:{0 0 .m2/io/netty/netty-parent/4.1.67.Final true} .m2/io/netty/netty-parent/4.1.67.Final/_remote.repositories:{1706851066558222255 179 .m2/io/netty/netty-parent/4.1.67.Final/_remote.repositories false} .m2/io/netty/netty-parent/4.1.67.Final/netty-parent-4.1.67.Final.pom:{14950612976780686568 69073 .m2/io/netty/netty-parent/4.1.67.Final/netty-parent-4.1.67.Final.pom false} .m2/io/netty/netty-parent/4.1.67.Final/netty-parent-4.1.67.Final.pom.sha1:{14579705007079609457 40 .m2/io/netty/netty-parent/4.1.67.Final/netty-parent-4.1.67.Final.pom.sha1 false} .m2/io/netty/netty-parent/4.1.68.Final:{0 0 .m2/io/netty/netty-parent/4.1.68.Final true} .m2/io/netty/netty-parent/4.1.68.Final/_remote.repositories:{12823233464709705892 179 .m2/io/netty/netty-parent/4.1.68.Final/_remote.repositories false} .m2/io/netty/netty-parent/4.1.68.Final/netty-parent-4.1.68.Final.pom:{2224562185716137379 69073 .m2/io/netty/netty-parent/4.1.68.Final/netty-parent-4.1.68.Final.pom false} .m2/io/netty/netty-parent/4.1.68.Final/netty-parent-4.1.68.Final.pom.sha1:{1120288783407925396 40 .m2/io/netty/netty-parent/4.1.68.Final/netty-parent-4.1.68.Final.pom.sha1 false} .m2/io/netty/netty-resolver:{0 0 .m2/io/netty/netty-resolver true} .m2/io/netty/netty-resolver/4.1.43.Final:{0 0 .m2/io/netty/netty-resolver/4.1.43.Final true} .m2/io/netty/netty-resolver/4.1.43.Final/_remote.repositories:{5225755126393968519 181 .m2/io/netty/netty-resolver/4.1.43.Final/_remote.repositories false} .m2/io/netty/netty-resolver/4.1.43.Final/netty-resolver-4.1.43.Final.pom:{327087692193030793 1585 .m2/io/netty/netty-resolver/4.1.43.Final/netty-resolver-4.1.43.Final.pom false} .m2/io/netty/netty-resolver/4.1.43.Final/netty-resolver-4.1.43.Final.pom.sha1:{13087049728277885564 40 .m2/io/netty/netty-resolver/4.1.43.Final/netty-resolver-4.1.43.Final.pom.sha1 false} .m2/io/netty/netty-resolver/4.1.60.Final:{0 0 .m2/io/netty/netty-resolver/4.1.60.Final true} .m2/io/netty/netty-resolver/4.1.60.Final/_remote.repositories:{4496838936510819853 181 .m2/io/netty/netty-resolver/4.1.60.Final/_remote.repositories false} .m2/io/netty/netty-resolver/4.1.60.Final/netty-resolver-4.1.60.Final.pom:{14471807770475568669 1587 .m2/io/netty/netty-resolver/4.1.60.Final/netty-resolver-4.1.60.Final.pom false} .m2/io/netty/netty-resolver/4.1.60.Final/netty-resolver-4.1.60.Final.pom.sha1:{15728684418165405071 40 .m2/io/netty/netty-resolver/4.1.60.Final/netty-resolver-4.1.60.Final.pom.sha1 false} .m2/io/netty/netty-resolver/4.1.67.Final:{0 0 .m2/io/netty/netty-resolver/4.1.67.Final true} .m2/io/netty/netty-resolver/4.1.67.Final/_remote.repositories:{15146427266945394578 181 .m2/io/netty/netty-resolver/4.1.67.Final/_remote.repositories false} .m2/io/netty/netty-resolver/4.1.67.Final/netty-resolver-4.1.67.Final.pom:{13074879297945912956 1587 .m2/io/netty/netty-resolver/4.1.67.Final/netty-resolver-4.1.67.Final.pom false} .m2/io/netty/netty-resolver/4.1.67.Final/netty-resolver-4.1.67.Final.pom.sha1:{12544143767074880659 40 .m2/io/netty/netty-resolver/4.1.67.Final/netty-resolver-4.1.67.Final.pom.sha1 false} .m2/io/netty/netty-resolver/4.1.68.Final:{0 0 .m2/io/netty/netty-resolver/4.1.68.Final true} .m2/io/netty/netty-resolver/4.1.68.Final/_remote.repositories:{18027982155940125079 181 .m2/io/netty/netty-resolver/4.1.68.Final/_remote.repositories false} .m2/io/netty/netty-resolver/4.1.68.Final/netty-resolver-4.1.68.Final.pom:{9716566139844015487 1587 .m2/io/netty/netty-resolver/4.1.68.Final/netty-resolver-4.1.68.Final.pom false} .m2/io/netty/netty-resolver/4.1.68.Final/netty-resolver-4.1.68.Final.pom.sha1:{2299125809045466606 40 .m2/io/netty/netty-resolver/4.1.68.Final/netty-resolver-4.1.68.Final.pom.sha1 false} .m2/io/netty/netty-transport:{0 0 .m2/io/netty/netty-transport true} .m2/io/netty/netty-transport-native-epoll:{0 0 .m2/io/netty/netty-transport-native-epoll true} .m2/io/netty/netty-transport-native-epoll/4.1.60.Final:{0 0 .m2/io/netty/netty-transport-native-epoll/4.1.60.Final true} .m2/io/netty/netty-transport-native-epoll/4.1.60.Final/_remote.repositories:{1767874214399347083 195 .m2/io/netty/netty-transport-native-epoll/4.1.60.Final/_remote.repositories false} .m2/io/netty/netty-transport-native-epoll/4.1.60.Final/netty-transport-native-epoll-4.1.60.Final.pom:{7287678916665701945 17894 .m2/io/netty/netty-transport-native-epoll/4.1.60.Final/netty-transport-native-epoll-4.1.60.Final.pom false} .m2/io/netty/netty-transport-native-epoll/4.1.60.Final/netty-transport-native-epoll-4.1.60.Final.pom.sha1:{16542241711056951480 40 .m2/io/netty/netty-transport-native-epoll/4.1.60.Final/netty-transport-native-epoll-4.1.60.Final.pom.sha1 false} .m2/io/netty/netty-transport-native-epoll/4.1.67.Final:{0 0 .m2/io/netty/netty-transport-native-epoll/4.1.67.Final true} .m2/io/netty/netty-transport-native-epoll/4.1.67.Final/_remote.repositories:{7358506140025894056 195 .m2/io/netty/netty-transport-native-epoll/4.1.67.Final/_remote.repositories false} .m2/io/netty/netty-transport-native-epoll/4.1.67.Final/netty-transport-native-epoll-4.1.67.Final.pom:{12247337751459133629 18124 .m2/io/netty/netty-transport-native-epoll/4.1.67.Final/netty-transport-native-epoll-4.1.67.Final.pom false} .m2/io/netty/netty-transport-native-epoll/4.1.67.Final/netty-transport-native-epoll-4.1.67.Final.pom.sha1:{220029790578013493 40 .m2/io/netty/netty-transport-native-epoll/4.1.67.Final/netty-transport-native-epoll-4.1.67.Final.pom.sha1 false} .m2/io/netty/netty-transport-native-kqueue:{0 0 .m2/io/netty/netty-transport-native-kqueue true} .m2/io/netty/netty-transport-native-kqueue/4.1.60.Final:{0 0 .m2/io/netty/netty-transport-native-kqueue/4.1.60.Final true} .m2/io/netty/netty-transport-native-kqueue/4.1.60.Final/_remote.repositories:{11028595200553786848 196 .m2/io/netty/netty-transport-native-kqueue/4.1.60.Final/_remote.repositories false} .m2/io/netty/netty-transport-native-kqueue/4.1.60.Final/netty-transport-native-kqueue-4.1.60.Final.pom:{16171267670317462600 18584 .m2/io/netty/netty-transport-native-kqueue/4.1.60.Final/netty-transport-native-kqueue-4.1.60.Final.pom false} .m2/io/netty/netty-transport-native-kqueue/4.1.60.Final/netty-transport-native-kqueue-4.1.60.Final.pom.sha1:{2090303474968607427 40 .m2/io/netty/netty-transport-native-kqueue/4.1.60.Final/netty-transport-native-kqueue-4.1.60.Final.pom.sha1 false} .m2/io/netty/netty-transport-native-kqueue/4.1.67.Final:{0 0 .m2/io/netty/netty-transport-native-kqueue/4.1.67.Final true} .m2/io/netty/netty-transport-native-kqueue/4.1.67.Final/_remote.repositories:{14580747110711130551 196 .m2/io/netty/netty-transport-native-kqueue/4.1.67.Final/_remote.repositories false} .m2/io/netty/netty-transport-native-kqueue/4.1.67.Final/netty-transport-native-kqueue-4.1.67.Final.pom:{3542136561158323908 18584 .m2/io/netty/netty-transport-native-kqueue/4.1.67.Final/netty-transport-native-kqueue-4.1.67.Final.pom false} .m2/io/netty/netty-transport-native-kqueue/4.1.67.Final/netty-transport-native-kqueue-4.1.67.Final.pom.sha1:{16427558616325354767 40 .m2/io/netty/netty-transport-native-kqueue/4.1.67.Final/netty-transport-native-kqueue-4.1.67.Final.pom.sha1 false} .m2/io/netty/netty-transport-native-unix-common:{0 0 .m2/io/netty/netty-transport-native-unix-common true} .m2/io/netty/netty-transport-native-unix-common/4.1.60.Final:{0 0 .m2/io/netty/netty-transport-native-unix-common/4.1.60.Final true} .m2/io/netty/netty-transport-native-unix-common/4.1.60.Final/_remote.repositories:{8123783510299190375 201 .m2/io/netty/netty-transport-native-unix-common/4.1.60.Final/_remote.repositories false} .m2/io/netty/netty-transport-native-unix-common/4.1.60.Final/netty-transport-native-unix-common-4.1.60.Final.pom:{10493409958819275345 22086 .m2/io/netty/netty-transport-native-unix-common/4.1.60.Final/netty-transport-native-unix-common-4.1.60.Final.pom false} .m2/io/netty/netty-transport-native-unix-common/4.1.60.Final/netty-transport-native-unix-common-4.1.60.Final.pom.sha1:{6459285707616196270 40 .m2/io/netty/netty-transport-native-unix-common/4.1.60.Final/netty-transport-native-unix-common-4.1.60.Final.pom.sha1 false} .m2/io/netty/netty-transport-native-unix-common/4.1.67.Final:{0 0 .m2/io/netty/netty-transport-native-unix-common/4.1.67.Final true} .m2/io/netty/netty-transport-native-unix-common/4.1.67.Final/_remote.repositories:{5950773053968549005 201 .m2/io/netty/netty-transport-native-unix-common/4.1.67.Final/_remote.repositories false} .m2/io/netty/netty-transport-native-unix-common/4.1.67.Final/netty-transport-native-unix-common-4.1.67.Final.pom:{5569469866581052335 22096 .m2/io/netty/netty-transport-native-unix-common/4.1.67.Final/netty-transport-native-unix-common-4.1.67.Final.pom false} .m2/io/netty/netty-transport-native-unix-common/4.1.67.Final/netty-transport-native-unix-common-4.1.67.Final.pom.sha1:{176064278034865206 40 .m2/io/netty/netty-transport-native-unix-common/4.1.67.Final/netty-transport-native-unix-common-4.1.67.Final.pom.sha1 false} .m2/io/netty/netty-transport/4.1.43.Final:{0 0 .m2/io/netty/netty-transport/4.1.43.Final true} .m2/io/netty/netty-transport/4.1.43.Final/_remote.repositories:{12115662640024636682 182 .m2/io/netty/netty-transport/4.1.43.Final/_remote.repositories false} .m2/io/netty/netty-transport/4.1.43.Final/netty-transport-4.1.43.Final.pom:{1692606085243452463 1924 .m2/io/netty/netty-transport/4.1.43.Final/netty-transport-4.1.43.Final.pom false} .m2/io/netty/netty-transport/4.1.43.Final/netty-transport-4.1.43.Final.pom.sha1:{12503325153592638242 40 .m2/io/netty/netty-transport/4.1.43.Final/netty-transport-4.1.43.Final.pom.sha1 false} .m2/io/netty/netty-transport/4.1.60.Final:{0 0 .m2/io/netty/netty-transport/4.1.60.Final true} .m2/io/netty/netty-transport/4.1.60.Final/_remote.repositories:{13357844097043944395 182 .m2/io/netty/netty-transport/4.1.60.Final/_remote.repositories false} .m2/io/netty/netty-transport/4.1.60.Final/netty-transport-4.1.60.Final.pom:{1005313512326187486 1926 .m2/io/netty/netty-transport/4.1.60.Final/netty-transport-4.1.60.Final.pom false} .m2/io/netty/netty-transport/4.1.60.Final/netty-transport-4.1.60.Final.pom.sha1:{13097939015994958069 40 .m2/io/netty/netty-transport/4.1.60.Final/netty-transport-4.1.60.Final.pom.sha1 false} .m2/io/netty/netty-transport/4.1.67.Final:{0 0 .m2/io/netty/netty-transport/4.1.67.Final true} .m2/io/netty/netty-transport/4.1.67.Final/_remote.repositories:{4720049090026867330 182 .m2/io/netty/netty-transport/4.1.67.Final/_remote.repositories false} .m2/io/netty/netty-transport/4.1.67.Final/netty-transport-4.1.67.Final.pom:{9320983962081061140 1926 .m2/io/netty/netty-transport/4.1.67.Final/netty-transport-4.1.67.Final.pom false} .m2/io/netty/netty-transport/4.1.67.Final/netty-transport-4.1.67.Final.pom.sha1:{17835722871382002960 40 .m2/io/netty/netty-transport/4.1.67.Final/netty-transport-4.1.67.Final.pom.sha1 false} .m2/io/netty/netty-transport/4.1.68.Final:{0 0 .m2/io/netty/netty-transport/4.1.68.Final true} .m2/io/netty/netty-transport/4.1.68.Final/_remote.repositories:{16838640571286969400 182 .m2/io/netty/netty-transport/4.1.68.Final/_remote.repositories false} .m2/io/netty/netty-transport/4.1.68.Final/netty-transport-4.1.68.Final.pom:{9062340472335868819 1926 .m2/io/netty/netty-transport/4.1.68.Final/netty-transport-4.1.68.Final.pom false} .m2/io/netty/netty-transport/4.1.68.Final/netty-transport-4.1.68.Final.pom.sha1:{1040418401080851522 40 .m2/io/netty/netty-transport/4.1.68.Final/netty-transport-4.1.68.Final.pom.sha1 false} .m2/io/opentelemetry:{0 0 .m2/io/opentelemetry true} .m2/io/opentelemetry/opentelemetry-api:{0 0 .m2/io/opentelemetry/opentelemetry-api true} .m2/io/opentelemetry/opentelemetry-api-metrics:{0 0 .m2/io/opentelemetry/opentelemetry-api-metrics true} .m2/io/opentelemetry/opentelemetry-api-metrics/1.6.0-alpha:{0 0 .m2/io/opentelemetry/opentelemetry-api-metrics/1.6.0-alpha true} .m2/io/opentelemetry/opentelemetry-api-metrics/1.6.0-alpha/_remote.repositories:{14109377333282097230 191 .m2/io/opentelemetry/opentelemetry-api-metrics/1.6.0-alpha/_remote.repositories false} .m2/io/opentelemetry/opentelemetry-api-metrics/1.6.0-alpha/opentelemetry-api-metrics-1.6.0-alpha.pom:{12896243460557914310 1977 .m2/io/opentelemetry/opentelemetry-api-metrics/1.6.0-alpha/opentelemetry-api-metrics-1.6.0-alpha.pom false} .m2/io/opentelemetry/opentelemetry-api-metrics/1.6.0-alpha/opentelemetry-api-metrics-1.6.0-alpha.pom.sha1:{14701546578284187537 40 .m2/io/opentelemetry/opentelemetry-api-metrics/1.6.0-alpha/opentelemetry-api-metrics-1.6.0-alpha.pom.sha1 false} .m2/io/opentelemetry/opentelemetry-api/1.48.0:{0 0 .m2/io/opentelemetry/opentelemetry-api/1.48.0 true} .m2/io/opentelemetry/opentelemetry-api/1.48.0/_remote.repositories:{15722369405648207575 216 .m2/io/opentelemetry/opentelemetry-api/1.48.0/_remote.repositories false} .m2/io/opentelemetry/opentelemetry-api/1.48.0/opentelemetry-api-1.48.0.jar:{1601299068546131008 158832 .m2/io/opentelemetry/opentelemetry-api/1.48.0/opentelemetry-api-1.48.0.jar false} .m2/io/opentelemetry/opentelemetry-api/1.48.0/opentelemetry-api-1.48.0.jar.sha1:{16296089006413962967 40 .m2/io/opentelemetry/opentelemetry-api/1.48.0/opentelemetry-api-1.48.0.jar.sha1 false} .m2/io/opentelemetry/opentelemetry-api/1.48.0/opentelemetry-api-1.48.0.pom:{8379294253968992068 1779 .m2/io/opentelemetry/opentelemetry-api/1.48.0/opentelemetry-api-1.48.0.pom false} .m2/io/opentelemetry/opentelemetry-api/1.48.0/opentelemetry-api-1.48.0.pom.sha1:{6485147242315388580 40 .m2/io/opentelemetry/opentelemetry-api/1.48.0/opentelemetry-api-1.48.0.pom.sha1 false} .m2/io/opentelemetry/opentelemetry-api/1.6.0:{0 0 .m2/io/opentelemetry/opentelemetry-api/1.6.0 true} .m2/io/opentelemetry/opentelemetry-api/1.6.0/_remote.repositories:{4497556341980577010 177 .m2/io/opentelemetry/opentelemetry-api/1.6.0/_remote.repositories false} .m2/io/opentelemetry/opentelemetry-api/1.6.0/opentelemetry-api-1.6.0.pom:{8134533399853482163 1777 .m2/io/opentelemetry/opentelemetry-api/1.6.0/opentelemetry-api-1.6.0.pom false} .m2/io/opentelemetry/opentelemetry-api/1.6.0/opentelemetry-api-1.6.0.pom.sha1:{3474622047354779940 40 .m2/io/opentelemetry/opentelemetry-api/1.6.0/opentelemetry-api-1.6.0.pom.sha1 false} .m2/io/opentelemetry/opentelemetry-context:{0 0 .m2/io/opentelemetry/opentelemetry-context true} .m2/io/opentelemetry/opentelemetry-context/1.48.0:{0 0 .m2/io/opentelemetry/opentelemetry-context/1.48.0 true} .m2/io/opentelemetry/opentelemetry-context/1.48.0/_remote.repositories:{17606214025156869603 224 .m2/io/opentelemetry/opentelemetry-context/1.48.0/_remote.repositories false} .m2/io/opentelemetry/opentelemetry-context/1.48.0/opentelemetry-context-1.48.0.jar:{11840822489859377005 49307 .m2/io/opentelemetry/opentelemetry-context/1.48.0/opentelemetry-context-1.48.0.jar false} .m2/io/opentelemetry/opentelemetry-context/1.48.0/opentelemetry-context-1.48.0.jar.sha1:{13237019640212805433 40 .m2/io/opentelemetry/opentelemetry-context/1.48.0/opentelemetry-context-1.48.0.jar.sha1 false} .m2/io/opentelemetry/opentelemetry-context/1.48.0/opentelemetry-context-1.48.0.pom:{6214321757222276677 1573 .m2/io/opentelemetry/opentelemetry-context/1.48.0/opentelemetry-context-1.48.0.pom false} .m2/io/opentelemetry/opentelemetry-context/1.48.0/opentelemetry-context-1.48.0.pom.sha1:{3886748800659858721 40 .m2/io/opentelemetry/opentelemetry-context/1.48.0/opentelemetry-context-1.48.0.pom.sha1 false} .m2/io/opentelemetry/opentelemetry-context/1.6.0:{0 0 .m2/io/opentelemetry/opentelemetry-context/1.6.0 true} .m2/io/opentelemetry/opentelemetry-context/1.6.0/_remote.repositories:{16314072157187113502 181 .m2/io/opentelemetry/opentelemetry-context/1.6.0/_remote.repositories false} .m2/io/opentelemetry/opentelemetry-context/1.6.0/opentelemetry-context-1.6.0.pom:{2603499639843305171 1572 .m2/io/opentelemetry/opentelemetry-context/1.6.0/opentelemetry-context-1.6.0.pom false} .m2/io/opentelemetry/opentelemetry-context/1.6.0/opentelemetry-context-1.6.0.pom.sha1:{11043871096222842819 40 .m2/io/opentelemetry/opentelemetry-context/1.6.0/opentelemetry-context-1.6.0.pom.sha1 false} .m2/io/opentelemetry/opentelemetry-exporter-logging:{0 0 .m2/io/opentelemetry/opentelemetry-exporter-logging true} .m2/io/opentelemetry/opentelemetry-exporter-logging/1.48.0:{0 0 .m2/io/opentelemetry/opentelemetry-exporter-logging/1.48.0 true} .m2/io/opentelemetry/opentelemetry-exporter-logging/1.48.0/_remote.repositories:{15928019659707706292 242 .m2/io/opentelemetry/opentelemetry-exporter-logging/1.48.0/_remote.repositories false} .m2/io/opentelemetry/opentelemetry-exporter-logging/1.48.0/opentelemetry-exporter-logging-1.48.0.jar:{12215008409630516972 16313 .m2/io/opentelemetry/opentelemetry-exporter-logging/1.48.0/opentelemetry-exporter-logging-1.48.0.jar false} .m2/io/opentelemetry/opentelemetry-exporter-logging/1.48.0/opentelemetry-exporter-logging-1.48.0.jar.sha1:{4069021160406099403 40 .m2/io/opentelemetry/opentelemetry-exporter-logging/1.48.0/opentelemetry-exporter-logging-1.48.0.jar.sha1 false} .m2/io/opentelemetry/opentelemetry-exporter-logging/1.48.0/opentelemetry-exporter-logging-1.48.0.pom:{524179383816883570 2018 .m2/io/opentelemetry/opentelemetry-exporter-logging/1.48.0/opentelemetry-exporter-logging-1.48.0.pom false} .m2/io/opentelemetry/opentelemetry-exporter-logging/1.48.0/opentelemetry-exporter-logging-1.48.0.pom.sha1:{13108577913647393648 40 .m2/io/opentelemetry/opentelemetry-exporter-logging/1.48.0/opentelemetry-exporter-logging-1.48.0.pom.sha1 false} .m2/io/opentelemetry/opentelemetry-exporter-logging/1.6.0:{0 0 .m2/io/opentelemetry/opentelemetry-exporter-logging/1.6.0 true} .m2/io/opentelemetry/opentelemetry-exporter-logging/1.6.0/_remote.repositories:{1086145456682233464 190 .m2/io/opentelemetry/opentelemetry-exporter-logging/1.6.0/_remote.repositories false} .m2/io/opentelemetry/opentelemetry-exporter-logging/1.6.0/opentelemetry-exporter-logging-1.6.0.pom:{17959909446894919359 2001 .m2/io/opentelemetry/opentelemetry-exporter-logging/1.6.0/opentelemetry-exporter-logging-1.6.0.pom false} .m2/io/opentelemetry/opentelemetry-exporter-logging/1.6.0/opentelemetry-exporter-logging-1.6.0.pom.sha1:{5582697299392878912 40 .m2/io/opentelemetry/opentelemetry-exporter-logging/1.6.0/opentelemetry-exporter-logging-1.6.0.pom.sha1 false} .m2/io/opentelemetry/opentelemetry-sdk:{0 0 .m2/io/opentelemetry/opentelemetry-sdk true} .m2/io/opentelemetry/opentelemetry-sdk-common:{0 0 .m2/io/opentelemetry/opentelemetry-sdk-common true} .m2/io/opentelemetry/opentelemetry-sdk-common/1.48.0:{0 0 .m2/io/opentelemetry/opentelemetry-sdk-common/1.48.0 true} .m2/io/opentelemetry/opentelemetry-sdk-common/1.48.0/_remote.repositories:{9718584728643400664 230 .m2/io/opentelemetry/opentelemetry-sdk-common/1.48.0/_remote.repositories false} .m2/io/opentelemetry/opentelemetry-sdk-common/1.48.0/opentelemetry-sdk-common-1.48.0.jar:{17018446167049243732 55279 .m2/io/opentelemetry/opentelemetry-sdk-common/1.48.0/opentelemetry-sdk-common-1.48.0.jar false} .m2/io/opentelemetry/opentelemetry-sdk-common/1.48.0/opentelemetry-sdk-common-1.48.0.jar.sha1:{8912925159371778667 40 .m2/io/opentelemetry/opentelemetry-sdk-common/1.48.0/opentelemetry-sdk-common-1.48.0.jar.sha1 false} .m2/io/opentelemetry/opentelemetry-sdk-common/1.48.0/opentelemetry-sdk-common-1.48.0.pom:{14841419662247649130 1789 .m2/io/opentelemetry/opentelemetry-sdk-common/1.48.0/opentelemetry-sdk-common-1.48.0.pom false} .m2/io/opentelemetry/opentelemetry-sdk-common/1.48.0/opentelemetry-sdk-common-1.48.0.pom.sha1:{8523048985620261718 40 .m2/io/opentelemetry/opentelemetry-sdk-common/1.48.0/opentelemetry-sdk-common-1.48.0.pom.sha1 false} .m2/io/opentelemetry/opentelemetry-sdk-common/1.6.0:{0 0 .m2/io/opentelemetry/opentelemetry-sdk-common/1.6.0 true} .m2/io/opentelemetry/opentelemetry-sdk-common/1.6.0/_remote.repositories:{8240931898566489522 184 .m2/io/opentelemetry/opentelemetry-sdk-common/1.6.0/_remote.repositories false} .m2/io/opentelemetry/opentelemetry-sdk-common/1.6.0/opentelemetry-sdk-common-1.6.0.pom:{15097285432617882935 1983 .m2/io/opentelemetry/opentelemetry-sdk-common/1.6.0/opentelemetry-sdk-common-1.6.0.pom false} .m2/io/opentelemetry/opentelemetry-sdk-common/1.6.0/opentelemetry-sdk-common-1.6.0.pom.sha1:{1987605569334281526 40 .m2/io/opentelemetry/opentelemetry-sdk-common/1.6.0/opentelemetry-sdk-common-1.6.0.pom.sha1 false} .m2/io/opentelemetry/opentelemetry-sdk-extension-autoconfigure:{0 0 .m2/io/opentelemetry/opentelemetry-sdk-extension-autoconfigure true} .m2/io/opentelemetry/opentelemetry-sdk-extension-autoconfigure-spi:{0 0 .m2/io/opentelemetry/opentelemetry-sdk-extension-autoconfigure-spi true} .m2/io/opentelemetry/opentelemetry-sdk-extension-autoconfigure-spi/1.48.0:{0 0 .m2/io/opentelemetry/opentelemetry-sdk-extension-autoconfigure-spi/1.48.0 true} .m2/io/opentelemetry/opentelemetry-sdk-extension-autoconfigure-spi/1.48.0/_remote.repositories:{455356025811435427 272 .m2/io/opentelemetry/opentelemetry-sdk-extension-autoconfigure-spi/1.48.0/_remote.repositories false} .m2/io/opentelemetry/opentelemetry-sdk-extension-autoconfigure-spi/1.48.0/opentelemetry-sdk-extension-autoconfigure-spi-1.48.0.jar:{16056504305073682871 18061 .m2/io/opentelemetry/opentelemetry-sdk-extension-autoconfigure-spi/1.48.0/opentelemetry-sdk-extension-autoconfigure-spi-1.48.0.jar false} .m2/io/opentelemetry/opentelemetry-sdk-extension-autoconfigure-spi/1.48.0/opentelemetry-sdk-extension-autoconfigure-spi-1.48.0.jar.sha1:{15684384683824142765 40 .m2/io/opentelemetry/opentelemetry-sdk-extension-autoconfigure-spi/1.48.0/opentelemetry-sdk-extension-autoconfigure-spi-1.48.0.jar.sha1 false} .m2/io/opentelemetry/opentelemetry-sdk-extension-autoconfigure-spi/1.48.0/opentelemetry-sdk-extension-autoconfigure-spi-1.48.0.pom:{15108427185605126357 1826 .m2/io/opentelemetry/opentelemetry-sdk-extension-autoconfigure-spi/1.48.0/opentelemetry-sdk-extension-autoconfigure-spi-1.48.0.pom false} .m2/io/opentelemetry/opentelemetry-sdk-extension-autoconfigure-spi/1.48.0/opentelemetry-sdk-extension-autoconfigure-spi-1.48.0.pom.sha1:{8864860002659762695 40 .m2/io/opentelemetry/opentelemetry-sdk-extension-autoconfigure-spi/1.48.0/opentelemetry-sdk-extension-autoconfigure-spi-1.48.0.pom.sha1 false} .m2/io/opentelemetry/opentelemetry-sdk-extension-autoconfigure-spi/1.6.0:{0 0 .m2/io/opentelemetry/opentelemetry-sdk-extension-autoconfigure-spi/1.6.0 true} .m2/io/opentelemetry/opentelemetry-sdk-extension-autoconfigure-spi/1.6.0/_remote.repositories:{17838797818796435143 205 .m2/io/opentelemetry/opentelemetry-sdk-extension-autoconfigure-spi/1.6.0/_remote.repositories false} .m2/io/opentelemetry/opentelemetry-sdk-extension-autoconfigure-spi/1.6.0/opentelemetry-sdk-extension-autoconfigure-spi-1.6.0.pom:{16663763408797395967 1824 .m2/io/opentelemetry/opentelemetry-sdk-extension-autoconfigure-spi/1.6.0/opentelemetry-sdk-extension-autoconfigure-spi-1.6.0.pom false} .m2/io/opentelemetry/opentelemetry-sdk-extension-autoconfigure-spi/1.6.0/opentelemetry-sdk-extension-autoconfigure-spi-1.6.0.pom.sha1:{13162537193652052805 40 .m2/io/opentelemetry/opentelemetry-sdk-extension-autoconfigure-spi/1.6.0/opentelemetry-sdk-extension-autoconfigure-spi-1.6.0.pom.sha1 false} .m2/io/opentelemetry/opentelemetry-sdk-extension-autoconfigure/1.48.0:{0 0 .m2/io/opentelemetry/opentelemetry-sdk-extension-autoconfigure/1.48.0 true} .m2/io/opentelemetry/opentelemetry-sdk-extension-autoconfigure/1.48.0/_remote.repositories:{15370247529400762742 264 .m2/io/opentelemetry/opentelemetry-sdk-extension-autoconfigure/1.48.0/_remote.repositories false} .m2/io/opentelemetry/opentelemetry-sdk-extension-autoconfigure/1.48.0/opentelemetry-sdk-extension-autoconfigure-1.48.0.jar:{12064123097081353928 48416 .m2/io/opentelemetry/opentelemetry-sdk-extension-autoconfigure/1.48.0/opentelemetry-sdk-extension-autoconfigure-1.48.0.jar false} .m2/io/opentelemetry/opentelemetry-sdk-extension-autoconfigure/1.48.0/opentelemetry-sdk-extension-autoconfigure-1.48.0.jar.sha1:{10917895272162160382 40 .m2/io/opentelemetry/opentelemetry-sdk-extension-autoconfigure/1.48.0/opentelemetry-sdk-extension-autoconfigure-1.48.0.jar.sha1 false} .m2/io/opentelemetry/opentelemetry-sdk-extension-autoconfigure/1.48.0/opentelemetry-sdk-extension-autoconfigure-1.48.0.pom:{12002662137299598099 2033 .m2/io/opentelemetry/opentelemetry-sdk-extension-autoconfigure/1.48.0/opentelemetry-sdk-extension-autoconfigure-1.48.0.pom false} .m2/io/opentelemetry/opentelemetry-sdk-extension-autoconfigure/1.48.0/opentelemetry-sdk-extension-autoconfigure-1.48.0.pom.sha1:{305053120487325055 40 .m2/io/opentelemetry/opentelemetry-sdk-extension-autoconfigure/1.48.0/opentelemetry-sdk-extension-autoconfigure-1.48.0.pom.sha1 false} .m2/io/opentelemetry/opentelemetry-sdk-extension-autoconfigure/1.6.0-alpha:{0 0 .m2/io/opentelemetry/opentelemetry-sdk-extension-autoconfigure/1.6.0-alpha true} .m2/io/opentelemetry/opentelemetry-sdk-extension-autoconfigure/1.6.0-alpha/_remote.repositories:{16378309377730926390 207 .m2/io/opentelemetry/opentelemetry-sdk-extension-autoconfigure/1.6.0-alpha/_remote.repositories false} .m2/io/opentelemetry/opentelemetry-sdk-extension-autoconfigure/1.6.0-alpha/opentelemetry-sdk-extension-autoconfigure-1.6.0-alpha.pom:{15375076934971660832 2432 .m2/io/opentelemetry/opentelemetry-sdk-extension-autoconfigure/1.6.0-alpha/opentelemetry-sdk-extension-autoconfigure-1.6.0-alpha.pom false} .m2/io/opentelemetry/opentelemetry-sdk-extension-autoconfigure/1.6.0-alpha/opentelemetry-sdk-extension-autoconfigure-1.6.0-alpha.pom.sha1:{9193957872191142055 40 .m2/io/opentelemetry/opentelemetry-sdk-extension-autoconfigure/1.6.0-alpha/opentelemetry-sdk-extension-autoconfigure-1.6.0-alpha.pom.sha1 false} .m2/io/opentelemetry/opentelemetry-sdk-logs:{0 0 .m2/io/opentelemetry/opentelemetry-sdk-logs true} .m2/io/opentelemetry/opentelemetry-sdk-logs/1.48.0:{0 0 .m2/io/opentelemetry/opentelemetry-sdk-logs/1.48.0 true} .m2/io/opentelemetry/opentelemetry-sdk-logs/1.48.0/_remote.repositories:{10652648523131226051 226 .m2/io/opentelemetry/opentelemetry-sdk-logs/1.48.0/_remote.repositories false} .m2/io/opentelemetry/opentelemetry-sdk-logs/1.48.0/opentelemetry-sdk-logs-1.48.0.jar:{11313350345023385810 54381 .m2/io/opentelemetry/opentelemetry-sdk-logs/1.48.0/opentelemetry-sdk-logs-1.48.0.jar false} .m2/io/opentelemetry/opentelemetry-sdk-logs/1.48.0/opentelemetry-sdk-logs-1.48.0.jar.sha1:{6767199796161590534 40 .m2/io/opentelemetry/opentelemetry-sdk-logs/1.48.0/opentelemetry-sdk-logs-1.48.0.jar.sha1 false} .m2/io/opentelemetry/opentelemetry-sdk-logs/1.48.0/opentelemetry-sdk-logs-1.48.0.pom:{9018738787526070120 1978 .m2/io/opentelemetry/opentelemetry-sdk-logs/1.48.0/opentelemetry-sdk-logs-1.48.0.pom false} .m2/io/opentelemetry/opentelemetry-sdk-logs/1.48.0/opentelemetry-sdk-logs-1.48.0.pom.sha1:{17395568355222037566 40 .m2/io/opentelemetry/opentelemetry-sdk-logs/1.48.0/opentelemetry-sdk-logs-1.48.0.pom.sha1 false} .m2/io/opentelemetry/opentelemetry-sdk-metrics:{0 0 .m2/io/opentelemetry/opentelemetry-sdk-metrics true} .m2/io/opentelemetry/opentelemetry-sdk-metrics/1.48.0:{0 0 .m2/io/opentelemetry/opentelemetry-sdk-metrics/1.48.0 true} .m2/io/opentelemetry/opentelemetry-sdk-metrics/1.48.0/_remote.repositories:{8898250336895770429 232 .m2/io/opentelemetry/opentelemetry-sdk-metrics/1.48.0/_remote.repositories false} .m2/io/opentelemetry/opentelemetry-sdk-metrics/1.48.0/opentelemetry-sdk-metrics-1.48.0.jar:{16842382683406243715 329233 .m2/io/opentelemetry/opentelemetry-sdk-metrics/1.48.0/opentelemetry-sdk-metrics-1.48.0.jar false} .m2/io/opentelemetry/opentelemetry-sdk-metrics/1.48.0/opentelemetry-sdk-metrics-1.48.0.jar.sha1:{14796538692845776189 40 .m2/io/opentelemetry/opentelemetry-sdk-metrics/1.48.0/opentelemetry-sdk-metrics-1.48.0.jar.sha1 false} .m2/io/opentelemetry/opentelemetry-sdk-metrics/1.48.0/opentelemetry-sdk-metrics-1.48.0.pom:{9656396067635144400 1985 .m2/io/opentelemetry/opentelemetry-sdk-metrics/1.48.0/opentelemetry-sdk-metrics-1.48.0.pom false} .m2/io/opentelemetry/opentelemetry-sdk-metrics/1.48.0/opentelemetry-sdk-metrics-1.48.0.pom.sha1:{13629890025757560190 40 .m2/io/opentelemetry/opentelemetry-sdk-metrics/1.48.0/opentelemetry-sdk-metrics-1.48.0.pom.sha1 false} .m2/io/opentelemetry/opentelemetry-sdk-metrics/1.6.0-alpha:{0 0 .m2/io/opentelemetry/opentelemetry-sdk-metrics/1.6.0-alpha true} .m2/io/opentelemetry/opentelemetry-sdk-metrics/1.6.0-alpha/_remote.repositories:{17237212359343349206 191 .m2/io/opentelemetry/opentelemetry-sdk-metrics/1.6.0-alpha/_remote.repositories false} .m2/io/opentelemetry/opentelemetry-sdk-metrics/1.6.0-alpha/opentelemetry-sdk-metrics-1.6.0-alpha.pom:{648192628042293070 2002 .m2/io/opentelemetry/opentelemetry-sdk-metrics/1.6.0-alpha/opentelemetry-sdk-metrics-1.6.0-alpha.pom false} .m2/io/opentelemetry/opentelemetry-sdk-metrics/1.6.0-alpha/opentelemetry-sdk-metrics-1.6.0-alpha.pom.sha1:{9743554302137195726 40 .m2/io/opentelemetry/opentelemetry-sdk-metrics/1.6.0-alpha/opentelemetry-sdk-metrics-1.6.0-alpha.pom.sha1 false} .m2/io/opentelemetry/opentelemetry-sdk-trace:{0 0 .m2/io/opentelemetry/opentelemetry-sdk-trace true} .m2/io/opentelemetry/opentelemetry-sdk-trace/1.48.0:{0 0 .m2/io/opentelemetry/opentelemetry-sdk-trace/1.48.0 true} .m2/io/opentelemetry/opentelemetry-sdk-trace/1.48.0/_remote.repositories:{15869802149237493075 228 .m2/io/opentelemetry/opentelemetry-sdk-trace/1.48.0/_remote.repositories false} .m2/io/opentelemetry/opentelemetry-sdk-trace/1.48.0/opentelemetry-sdk-trace-1.48.0.jar:{2711584471773195136 132691 .m2/io/opentelemetry/opentelemetry-sdk-trace/1.48.0/opentelemetry-sdk-trace-1.48.0.jar false} .m2/io/opentelemetry/opentelemetry-sdk-trace/1.48.0/opentelemetry-sdk-trace-1.48.0.jar.sha1:{7289634391535396749 40 .m2/io/opentelemetry/opentelemetry-sdk-trace/1.48.0/opentelemetry-sdk-trace-1.48.0.jar.sha1 false} .m2/io/opentelemetry/opentelemetry-sdk-trace/1.48.0/opentelemetry-sdk-trace-1.48.0.pom:{7564854326011003808 1987 .m2/io/opentelemetry/opentelemetry-sdk-trace/1.48.0/opentelemetry-sdk-trace-1.48.0.pom false} .m2/io/opentelemetry/opentelemetry-sdk-trace/1.48.0/opentelemetry-sdk-trace-1.48.0.pom.sha1:{8019561995808974806 40 .m2/io/opentelemetry/opentelemetry-sdk-trace/1.48.0/opentelemetry-sdk-trace-1.48.0.pom.sha1 false} .m2/io/opentelemetry/opentelemetry-sdk-trace/1.6.0:{0 0 .m2/io/opentelemetry/opentelemetry-sdk-trace/1.6.0 true} .m2/io/opentelemetry/opentelemetry-sdk-trace/1.6.0/_remote.repositories:{7523773844307224043 183 .m2/io/opentelemetry/opentelemetry-sdk-trace/1.6.0/_remote.repositories false} .m2/io/opentelemetry/opentelemetry-sdk-trace/1.6.0/opentelemetry-sdk-trace-1.6.0.pom:{13168845703815731568 2380 .m2/io/opentelemetry/opentelemetry-sdk-trace/1.6.0/opentelemetry-sdk-trace-1.6.0.pom false} .m2/io/opentelemetry/opentelemetry-sdk-trace/1.6.0/opentelemetry-sdk-trace-1.6.0.pom.sha1:{14490630980351871559 40 .m2/io/opentelemetry/opentelemetry-sdk-trace/1.6.0/opentelemetry-sdk-trace-1.6.0.pom.sha1 false} .m2/io/opentelemetry/opentelemetry-sdk/1.48.0:{0 0 .m2/io/opentelemetry/opentelemetry-sdk/1.48.0 true} .m2/io/opentelemetry/opentelemetry-sdk/1.48.0/_remote.repositories:{6350186452962516810 216 .m2/io/opentelemetry/opentelemetry-sdk/1.48.0/_remote.repositories false} .m2/io/opentelemetry/opentelemetry-sdk/1.48.0/opentelemetry-sdk-1.48.0.jar:{17822901745680933638 6770 .m2/io/opentelemetry/opentelemetry-sdk/1.48.0/opentelemetry-sdk-1.48.0.jar false} .m2/io/opentelemetry/opentelemetry-sdk/1.48.0/opentelemetry-sdk-1.48.0.jar.sha1:{17792283878316963812 40 .m2/io/opentelemetry/opentelemetry-sdk/1.48.0/opentelemetry-sdk-1.48.0.jar.sha1 false} .m2/io/opentelemetry/opentelemetry-sdk/1.48.0/opentelemetry-sdk-1.48.0.pom:{4285515957173311133 2549 .m2/io/opentelemetry/opentelemetry-sdk/1.48.0/opentelemetry-sdk-1.48.0.pom false} .m2/io/opentelemetry/opentelemetry-sdk/1.48.0/opentelemetry-sdk-1.48.0.pom.sha1:{2800623110524622943 40 .m2/io/opentelemetry/opentelemetry-sdk/1.48.0/opentelemetry-sdk-1.48.0.pom.sha1 false} .m2/io/opentelemetry/opentelemetry-sdk/1.6.0:{0 0 .m2/io/opentelemetry/opentelemetry-sdk/1.6.0 true} .m2/io/opentelemetry/opentelemetry-sdk/1.6.0/_remote.repositories:{1165354259067415995 177 .m2/io/opentelemetry/opentelemetry-sdk/1.6.0/_remote.repositories false} .m2/io/opentelemetry/opentelemetry-sdk/1.6.0/opentelemetry-sdk-1.6.0.pom:{2065276880926422054 2158 .m2/io/opentelemetry/opentelemetry-sdk/1.6.0/opentelemetry-sdk-1.6.0.pom false} .m2/io/opentelemetry/opentelemetry-sdk/1.6.0/opentelemetry-sdk-1.6.0.pom.sha1:{11135046688205510746 40 .m2/io/opentelemetry/opentelemetry-sdk/1.6.0/opentelemetry-sdk-1.6.0.pom.sha1 false} .m2/io/opentelemetry/opentelemetry-semconv:{0 0 .m2/io/opentelemetry/opentelemetry-semconv true} .m2/io/opentelemetry/opentelemetry-semconv/1.6.0-alpha:{0 0 .m2/io/opentelemetry/opentelemetry-semconv/1.6.0-alpha true} .m2/io/opentelemetry/opentelemetry-semconv/1.6.0-alpha/_remote.repositories:{9401737138832856058 187 .m2/io/opentelemetry/opentelemetry-semconv/1.6.0-alpha/_remote.repositories false} .m2/io/opentelemetry/opentelemetry-semconv/1.6.0-alpha/opentelemetry-semconv-1.6.0-alpha.pom:{15454681178242160723 1800 .m2/io/opentelemetry/opentelemetry-semconv/1.6.0-alpha/opentelemetry-semconv-1.6.0-alpha.pom false} .m2/io/opentelemetry/opentelemetry-semconv/1.6.0-alpha/opentelemetry-semconv-1.6.0-alpha.pom.sha1:{8963983171882839942 40 .m2/io/opentelemetry/opentelemetry-semconv/1.6.0-alpha/opentelemetry-semconv-1.6.0-alpha.pom.sha1 false} .m2/io/ous:{0 0 .m2/io/ous true} .m2/io/ous/jtoml:{0 0 .m2/io/ous/jtoml true} .m2/io/ous/jtoml/2.0.0:{0 0 .m2/io/ous/jtoml/2.0.0 true} .m2/io/ous/jtoml/2.0.0/_remote.repositories:{17764283144321255535 165 .m2/io/ous/jtoml/2.0.0/_remote.repositories false} .m2/io/ous/jtoml/2.0.0/jtoml-2.0.0.pom:{3605568905369983054 3957 .m2/io/ous/jtoml/2.0.0/jtoml-2.0.0.pom false} .m2/io/ous/jtoml/2.0.0/jtoml-2.0.0.pom.sha1:{10735403612470931534 40 .m2/io/ous/jtoml/2.0.0/jtoml-2.0.0.pom.sha1 false} .m2/io/reactivex:{0 0 .m2/io/reactivex true} .m2/io/reactivex/rxjava3:{0 0 .m2/io/reactivex/rxjava3 true} .m2/io/reactivex/rxjava3/rxjava:{0 0 .m2/io/reactivex/rxjava3/rxjava true} .m2/io/reactivex/rxjava3/rxjava/3.0.4:{0 0 .m2/io/reactivex/rxjava3/rxjava/3.0.4 true} .m2/io/reactivex/rxjava3/rxjava/3.0.4/_remote.repositories:{1229672282665443368 192 .m2/io/reactivex/rxjava3/rxjava/3.0.4/_remote.repositories false} .m2/io/reactivex/rxjava3/rxjava/3.0.4/rxjava-3.0.4.jar:{9169878950915558079 2637021 .m2/io/reactivex/rxjava3/rxjava/3.0.4/rxjava-3.0.4.jar false} .m2/io/reactivex/rxjava3/rxjava/3.0.4/rxjava-3.0.4.jar.sha1:{12790342416371522207 40 .m2/io/reactivex/rxjava3/rxjava/3.0.4/rxjava-3.0.4.jar.sha1 false} .m2/io/reactivex/rxjava3/rxjava/3.0.4/rxjava-3.0.4.pom:{5994965466058296599 2359 .m2/io/reactivex/rxjava3/rxjava/3.0.4/rxjava-3.0.4.pom false} .m2/io/reactivex/rxjava3/rxjava/3.0.4/rxjava-3.0.4.pom.sha1:{8277241935509939539 40 .m2/io/reactivex/rxjava3/rxjava/3.0.4/rxjava-3.0.4.pom.sha1 false} .m2/javax:{0 0 .m2/javax true} .m2/javax/inject:{0 0 .m2/javax/inject true} .m2/javax/inject/javax.inject:{0 0 .m2/javax/inject/javax.inject true} .m2/javax/inject/javax.inject/1:{0 0 .m2/javax/inject/javax.inject/1 true} .m2/javax/inject/javax.inject/1/_remote.repositories:{15657165036041074222 196 .m2/javax/inject/javax.inject/1/_remote.repositories false} .m2/javax/inject/javax.inject/1/javax.inject-1.jar:{12460519011212841356 2497 .m2/javax/inject/javax.inject/1/javax.inject-1.jar false} .m2/javax/inject/javax.inject/1/javax.inject-1.jar.sha1:{17648518977362940090 40 .m2/javax/inject/javax.inject/1/javax.inject-1.jar.sha1 false} .m2/javax/inject/javax.inject/1/javax.inject-1.pom:{8815255474006257843 612 .m2/javax/inject/javax.inject/1/javax.inject-1.pom false} .m2/javax/inject/javax.inject/1/javax.inject-1.pom.sha1:{12240809848055723509 40 .m2/javax/inject/javax.inject/1/javax.inject-1.pom.sha1 false} .m2/javax/ws:{0 0 .m2/javax/ws true} .m2/javax/ws/rs:{0 0 .m2/javax/ws/rs true} .m2/javax/ws/rs/jsr311-api:{0 0 .m2/javax/ws/rs/jsr311-api true} .m2/javax/ws/rs/jsr311-api/1.1.1:{0 0 .m2/javax/ws/rs/jsr311-api/1.1.1 true} .m2/javax/ws/rs/jsr311-api/1.1.1/_remote.repositories:{1541438874404358383 200 .m2/javax/ws/rs/jsr311-api/1.1.1/_remote.repositories false} .m2/javax/ws/rs/jsr311-api/1.1.1/jsr311-api-1.1.1.jar:{7544305851812755917 46367 .m2/javax/ws/rs/jsr311-api/1.1.1/jsr311-api-1.1.1.jar false} .m2/javax/ws/rs/jsr311-api/1.1.1/jsr311-api-1.1.1.jar.sha1:{12328937089963653617 40 .m2/javax/ws/rs/jsr311-api/1.1.1/jsr311-api-1.1.1.jar.sha1 false} .m2/javax/ws/rs/jsr311-api/1.1.1/jsr311-api-1.1.1.pom:{4998962373690932195 5469 .m2/javax/ws/rs/jsr311-api/1.1.1/jsr311-api-1.1.1.pom false} .m2/javax/ws/rs/jsr311-api/1.1.1/jsr311-api-1.1.1.pom.sha1:{15587946714977963804 40 .m2/javax/ws/rs/jsr311-api/1.1.1/jsr311-api-1.1.1.pom.sha1 false} .m2/net:{0 0 .m2/net true} .m2/net/bytebuddy:{0 0 .m2/net/bytebuddy true} .m2/net/bytebuddy/byte-buddy:{0 0 .m2/net/bytebuddy/byte-buddy true} .m2/net/bytebuddy/byte-buddy-parent:{0 0 .m2/net/bytebuddy/byte-buddy-parent true} .m2/net/bytebuddy/byte-buddy-parent/1.11.19:{0 0 .m2/net/bytebuddy/byte-buddy-parent/1.11.19 true} .m2/net/bytebuddy/byte-buddy-parent/1.11.19/_remote.repositories:{14625368786128908700 179 .m2/net/bytebuddy/byte-buddy-parent/1.11.19/_remote.repositories false} .m2/net/bytebuddy/byte-buddy-parent/1.11.19/byte-buddy-parent-1.11.19.pom:{6314747343712757642 43398 .m2/net/bytebuddy/byte-buddy-parent/1.11.19/byte-buddy-parent-1.11.19.pom false} .m2/net/bytebuddy/byte-buddy-parent/1.11.19/byte-buddy-parent-1.11.19.pom.sha1:{4023232320966085575 40 .m2/net/bytebuddy/byte-buddy-parent/1.11.19/byte-buddy-parent-1.11.19.pom.sha1 false} .m2/net/bytebuddy/byte-buddy-parent/1.17.2:{0 0 .m2/net/bytebuddy/byte-buddy-parent/1.17.2 true} .m2/net/bytebuddy/byte-buddy-parent/1.17.2/_remote.repositories:{12239315413600493767 178 .m2/net/bytebuddy/byte-buddy-parent/1.17.2/_remote.repositories false} .m2/net/bytebuddy/byte-buddy-parent/1.17.2/byte-buddy-parent-1.17.2.pom:{14677829990767044782 63452 .m2/net/bytebuddy/byte-buddy-parent/1.17.2/byte-buddy-parent-1.17.2.pom false} .m2/net/bytebuddy/byte-buddy-parent/1.17.2/byte-buddy-parent-1.17.2.pom.sha1:{9805223787621114958 40 .m2/net/bytebuddy/byte-buddy-parent/1.17.2/byte-buddy-parent-1.17.2.pom.sha1 false} .m2/net/bytebuddy/byte-buddy/1.11.19:{0 0 .m2/net/bytebuddy/byte-buddy/1.11.19 true} .m2/net/bytebuddy/byte-buddy/1.11.19/_remote.repositories:{3739240447219561725 172 .m2/net/bytebuddy/byte-buddy/1.11.19/_remote.repositories false} .m2/net/bytebuddy/byte-buddy/1.11.19/byte-buddy-1.11.19.pom:{6838610849202774403 11858 .m2/net/bytebuddy/byte-buddy/1.11.19/byte-buddy-1.11.19.pom false} .m2/net/bytebuddy/byte-buddy/1.11.19/byte-buddy-1.11.19.pom.sha1:{16686174404033267929 40 .m2/net/bytebuddy/byte-buddy/1.11.19/byte-buddy-1.11.19.pom.sha1 false} .m2/net/bytebuddy/byte-buddy/1.17.2:{0 0 .m2/net/bytebuddy/byte-buddy/1.17.2 true} .m2/net/bytebuddy/byte-buddy/1.17.2/_remote.repositories:{5134864412126979131 202 .m2/net/bytebuddy/byte-buddy/1.17.2/_remote.repositories false} .m2/net/bytebuddy/byte-buddy/1.17.2/byte-buddy-1.17.2.jar:{5906262811353849181 8920583 .m2/net/bytebuddy/byte-buddy/1.17.2/byte-buddy-1.17.2.jar false} .m2/net/bytebuddy/byte-buddy/1.17.2/byte-buddy-1.17.2.jar.sha1:{10709089346781137090 40 .m2/net/bytebuddy/byte-buddy/1.17.2/byte-buddy-1.17.2.jar.sha1 false} .m2/net/bytebuddy/byte-buddy/1.17.2/byte-buddy-1.17.2.pom:{11514092701982166322 19319 .m2/net/bytebuddy/byte-buddy/1.17.2/byte-buddy-1.17.2.pom false} .m2/net/bytebuddy/byte-buddy/1.17.2/byte-buddy-1.17.2.pom.sha1:{15566673621356261084 40 .m2/net/bytebuddy/byte-buddy/1.17.2/byte-buddy-1.17.2.pom.sha1 false} .m2/net/java:{0 0 .m2/net/java true} .m2/net/java/dev:{0 0 .m2/net/java/dev true} .m2/net/java/dev/jna:{0 0 .m2/net/java/dev/jna true} .m2/net/java/dev/jna/jna:{0 0 .m2/net/java/dev/jna/jna true} .m2/net/java/dev/jna/jna/5.13.0:{0 0 .m2/net/java/dev/jna/jna/5.13.0 true} .m2/net/java/dev/jna/jna/5.13.0/_remote.repositories:{9359416749133571160 188 .m2/net/java/dev/jna/jna/5.13.0/_remote.repositories false} .m2/net/java/dev/jna/jna/5.13.0/jna-5.13.0.jar:{7354532225215561247 1879325 .m2/net/java/dev/jna/jna/5.13.0/jna-5.13.0.jar false} .m2/net/java/dev/jna/jna/5.13.0/jna-5.13.0.jar.sha1:{7263015843471628935 40 .m2/net/java/dev/jna/jna/5.13.0/jna-5.13.0.jar.sha1 false} .m2/net/java/dev/jna/jna/5.13.0/jna-5.13.0.pom:{10819175242704915744 2030 .m2/net/java/dev/jna/jna/5.13.0/jna-5.13.0.pom false} .m2/net/java/dev/jna/jna/5.13.0/jna-5.13.0.pom.sha1:{12413430881926003129 40 .m2/net/java/dev/jna/jna/5.13.0/jna-5.13.0.pom.sha1 false} .m2/net/java/jvnet-parent:{0 0 .m2/net/java/jvnet-parent true} .m2/net/java/jvnet-parent/1:{0 0 .m2/net/java/jvnet-parent/1 true} .m2/net/java/jvnet-parent/1/_remote.repositories:{7979478157738213582 168 .m2/net/java/jvnet-parent/1/_remote.repositories false} .m2/net/java/jvnet-parent/1/jvnet-parent-1.pom:{457792562088168243 4711 .m2/net/java/jvnet-parent/1/jvnet-parent-1.pom false} .m2/net/java/jvnet-parent/1/jvnet-parent-1.pom.sha1:{14125125987569938891 40 .m2/net/java/jvnet-parent/1/jvnet-parent-1.pom.sha1 false} .m2/net/java/jvnet-parent/4:{0 0 .m2/net/java/jvnet-parent/4 true} .m2/net/java/jvnet-parent/4/_remote.repositories:{6112272312128337978 168 .m2/net/java/jvnet-parent/4/_remote.repositories false} .m2/net/java/jvnet-parent/4/jvnet-parent-4.pom:{16413214765710346436 7756 .m2/net/java/jvnet-parent/4/jvnet-parent-4.pom false} .m2/net/java/jvnet-parent/4/jvnet-parent-4.pom.sha1:{14780387557537324051 40 .m2/net/java/jvnet-parent/4/jvnet-parent-4.pom.sha1 false} .m2/org:{0 0 .m2/org true} .m2/org/apache:{0 0 .m2/org/apache true} .m2/org/apache/apache:{0 0 .m2/org/apache/apache true} .m2/org/apache/apache/13:{0 0 .m2/org/apache/apache/13 true} .m2/org/apache/apache/13/_remote.repositories:{3683013890503804597 163 .m2/org/apache/apache/13/_remote.repositories false} .m2/org/apache/apache/13/apache-13.pom:{13688676497665469389 13974 .m2/org/apache/apache/13/apache-13.pom false} .m2/org/apache/apache/13/apache-13.pom.sha1:{10832036584810150007 40 .m2/org/apache/apache/13/apache-13.pom.sha1 false} .m2/org/apache/apache/15:{0 0 .m2/org/apache/apache/15 true} .m2/org/apache/apache/15/_remote.repositories:{8442036099894110890 163 .m2/org/apache/apache/15/_remote.repositories false} .m2/org/apache/apache/15/apache-15.pom:{17591848031668472353 15236 .m2/org/apache/apache/15/apache-15.pom false} .m2/org/apache/apache/15/apache-15.pom.sha1:{6517199315478644919 40 .m2/org/apache/apache/15/apache-15.pom.sha1 false} .m2/org/apache/apache/16:{0 0 .m2/org/apache/apache/16 true} .m2/org/apache/apache/16/_remote.repositories:{6311540620413731250 163 .m2/org/apache/apache/16/_remote.repositories false} .m2/org/apache/apache/16/apache-16.pom:{17325727365933069280 15397 .m2/org/apache/apache/16/apache-16.pom false} .m2/org/apache/apache/16/apache-16.pom.sha1:{7743562616439715293 40 .m2/org/apache/apache/16/apache-16.pom.sha1 false} .m2/org/apache/apache/17:{0 0 .m2/org/apache/apache/17 true} .m2/org/apache/apache/17/_remote.repositories:{12822134780656457610 163 .m2/org/apache/apache/17/_remote.repositories false} .m2/org/apache/apache/17/apache-17.pom:{8885558701289984439 16056 .m2/org/apache/apache/17/apache-17.pom false} .m2/org/apache/apache/17/apache-17.pom.sha1:{12330210333405720438 40 .m2/org/apache/apache/17/apache-17.pom.sha1 false} .m2/org/apache/apache/21:{0 0 .m2/org/apache/apache/21 true} .m2/org/apache/apache/21/_remote.repositories:{9862160210620522769 163 .m2/org/apache/apache/21/_remote.repositories false} .m2/org/apache/apache/21/apache-21.pom:{10960754089639760013 17107 .m2/org/apache/apache/21/apache-21.pom false} .m2/org/apache/apache/21/apache-21.pom.sha1:{10039629666224986462 40 .m2/org/apache/apache/21/apache-21.pom.sha1 false} .m2/org/apache/apache/23:{0 0 .m2/org/apache/apache/23 true} .m2/org/apache/apache/23/_remote.repositories:{16208929539772442886 163 .m2/org/apache/apache/23/_remote.repositories false} .m2/org/apache/apache/23/apache-23.pom:{620573686475466030 18422 .m2/org/apache/apache/23/apache-23.pom false} .m2/org/apache/apache/23/apache-23.pom.sha1:{9246732441052786943 40 .m2/org/apache/apache/23/apache-23.pom.sha1 false} .m2/org/apache/apache/27:{0 0 .m2/org/apache/apache/27 true} .m2/org/apache/apache/27/_remote.repositories:{15782669381511416800 163 .m2/org/apache/apache/27/_remote.repositories false} .m2/org/apache/apache/27/apache-27.pom:{16075276400205386742 20363 .m2/org/apache/apache/27/apache-27.pom false} .m2/org/apache/apache/27/apache-27.pom.sha1:{14654543167664258351 40 .m2/org/apache/apache/27/apache-27.pom.sha1 false} .m2/org/apache/apache/29:{0 0 .m2/org/apache/apache/29 true} .m2/org/apache/apache/29/_remote.repositories:{522284297916102692 163 .m2/org/apache/apache/29/_remote.repositories false} .m2/org/apache/apache/29/apache-29.pom:{4568916582757513517 20721 .m2/org/apache/apache/29/apache-29.pom false} .m2/org/apache/apache/29/apache-29.pom.sha1:{13518706937102245234 40 .m2/org/apache/apache/29/apache-29.pom.sha1 false} .m2/org/apache/apache/30:{0 0 .m2/org/apache/apache/30 true} .m2/org/apache/apache/30/_remote.repositories:{9028640239782095345 163 .m2/org/apache/apache/30/_remote.repositories false} .m2/org/apache/apache/30/apache-30.pom:{18034983968993191827 23241 .m2/org/apache/apache/30/apache-30.pom false} .m2/org/apache/apache/30/apache-30.pom.sha1:{4915965742128930114 40 .m2/org/apache/apache/30/apache-30.pom.sha1 false} .m2/org/apache/apache/31:{0 0 .m2/org/apache/apache/31 true} .m2/org/apache/apache/31/_remote.repositories:{11712481321570280018 163 .m2/org/apache/apache/31/_remote.repositories false} .m2/org/apache/apache/31/apache-31.pom:{861462018824080444 23531 .m2/org/apache/apache/31/apache-31.pom false} .m2/org/apache/apache/31/apache-31.pom.sha1:{17397857163610777544 40 .m2/org/apache/apache/31/apache-31.pom.sha1 false} .m2/org/apache/apache/32:{0 0 .m2/org/apache/apache/32 true} .m2/org/apache/apache/32/_remote.repositories:{3701950334434879859 163 .m2/org/apache/apache/32/_remote.repositories false} .m2/org/apache/apache/32/apache-32.pom:{8583381161880019412 24184 .m2/org/apache/apache/32/apache-32.pom false} .m2/org/apache/apache/32/apache-32.pom.sha1:{17281926741353691396 40 .m2/org/apache/apache/32/apache-32.pom.sha1 false} .m2/org/apache/apache/4:{0 0 .m2/org/apache/apache/4 true} .m2/org/apache/apache/4/_remote.repositories:{16356690886259434239 162 .m2/org/apache/apache/4/_remote.repositories false} .m2/org/apache/apache/4/apache-4.pom:{6454436982296253128 4495 .m2/org/apache/apache/4/apache-4.pom false} .m2/org/apache/apache/4/apache-4.pom.sha1:{8404304156752958302 40 .m2/org/apache/apache/4/apache-4.pom.sha1 false} .m2/org/apache/apache/7:{0 0 .m2/org/apache/apache/7 true} .m2/org/apache/apache/7/_remote.repositories:{13027111351226639386 162 .m2/org/apache/apache/7/_remote.repositories false} .m2/org/apache/apache/7/apache-7.pom:{15548697309419303060 14430 .m2/org/apache/apache/7/apache-7.pom false} .m2/org/apache/apache/7/apache-7.pom.sha1:{10732617537896064540 40 .m2/org/apache/apache/7/apache-7.pom.sha1 false} .m2/org/apache/apache/9:{0 0 .m2/org/apache/apache/9 true} .m2/org/apache/apache/9/_remote.repositories:{10216056244433908589 162 .m2/org/apache/apache/9/_remote.repositories false} .m2/org/apache/apache/9/apache-9.pom:{3735689555059173930 15160 .m2/org/apache/apache/9/apache-9.pom false} .m2/org/apache/apache/9/apache-9.pom.sha1:{5219969267665874916 40 .m2/org/apache/apache/9/apache-9.pom.sha1 false} .m2/org/apache/commons:{0 0 .m2/org/apache/commons true} .m2/org/apache/commons/commons-collections4:{0 0 .m2/org/apache/commons/commons-collections4 true} .m2/org/apache/commons/commons-collections4/4.4:{0 0 .m2/org/apache/commons/commons-collections4/4.4 true} .m2/org/apache/commons/commons-collections4/4.4/_remote.repositories:{1667997137552450682 216 .m2/org/apache/commons/commons-collections4/4.4/_remote.repositories false} .m2/org/apache/commons/commons-collections4/4.4/commons-collections4-4.4.jar:{7932521789826210646 751914 .m2/org/apache/commons/commons-collections4/4.4/commons-collections4-4.4.jar false} .m2/org/apache/commons/commons-collections4/4.4/commons-collections4-4.4.jar.sha1:{10550882885920676976 40 .m2/org/apache/commons/commons-collections4/4.4/commons-collections4-4.4.jar.sha1 false} .m2/org/apache/commons/commons-collections4/4.4/commons-collections4-4.4.pom:{2769185526572640291 23784 .m2/org/apache/commons/commons-collections4/4.4/commons-collections4-4.4.pom false} .m2/org/apache/commons/commons-collections4/4.4/commons-collections4-4.4.pom.sha1:{11413557689583265766 40 .m2/org/apache/commons/commons-collections4/4.4/commons-collections4-4.4.pom.sha1 false} .m2/org/apache/commons/commons-compress:{0 0 .m2/org/apache/commons/commons-compress true} .m2/org/apache/commons/commons-compress/1.21:{0 0 .m2/org/apache/commons/commons-compress/1.21 true} .m2/org/apache/commons/commons-compress/1.21/_remote.repositories:{8124555583833250618 175 .m2/org/apache/commons/commons-compress/1.21/_remote.repositories false} .m2/org/apache/commons/commons-compress/1.21/commons-compress-1.21.pom:{14678365669013821736 19684 .m2/org/apache/commons/commons-compress/1.21/commons-compress-1.21.pom false} .m2/org/apache/commons/commons-compress/1.21/commons-compress-1.21.pom.sha1:{13104343131846825931 40 .m2/org/apache/commons/commons-compress/1.21/commons-compress-1.21.pom.sha1 false} .m2/org/apache/commons/commons-compress/1.25.0:{0 0 .m2/org/apache/commons/commons-compress/1.25.0 true} .m2/org/apache/commons/commons-compress/1.25.0/_remote.repositories:{12512417321332181043 214 .m2/org/apache/commons/commons-compress/1.25.0/_remote.repositories false} .m2/org/apache/commons/commons-compress/1.25.0/commons-compress-1.25.0.jar:{2613424471364822384 1080823 .m2/org/apache/commons/commons-compress/1.25.0/commons-compress-1.25.0.jar false} .m2/org/apache/commons/commons-compress/1.25.0/commons-compress-1.25.0.jar.sha1:{13073953390589247605 40 .m2/org/apache/commons/commons-compress/1.25.0/commons-compress-1.25.0.jar.sha1 false} .m2/org/apache/commons/commons-compress/1.25.0/commons-compress-1.25.0.pom:{8163458733131233471 21700 .m2/org/apache/commons/commons-compress/1.25.0/commons-compress-1.25.0.pom false} .m2/org/apache/commons/commons-compress/1.25.0/commons-compress-1.25.0.pom.sha1:{18186694671012758852 40 .m2/org/apache/commons/commons-compress/1.25.0/commons-compress-1.25.0.pom.sha1 false} .m2/org/apache/commons/commons-exec:{0 0 .m2/org/apache/commons/commons-exec true} .m2/org/apache/commons/commons-exec/1.3:{0 0 .m2/org/apache/commons/commons-exec/1.3 true} .m2/org/apache/commons/commons-exec/1.3/_remote.repositories:{7999703885426049678 170 .m2/org/apache/commons/commons-exec/1.3/_remote.repositories false} .m2/org/apache/commons/commons-exec/1.3/commons-exec-1.3.pom:{14904734514878098554 10994 .m2/org/apache/commons/commons-exec/1.3/commons-exec-1.3.pom false} .m2/org/apache/commons/commons-exec/1.3/commons-exec-1.3.pom.sha1:{1694300790496686330 40 .m2/org/apache/commons/commons-exec/1.3/commons-exec-1.3.pom.sha1 false} .m2/org/apache/commons/commons-exec/1.4.0:{0 0 .m2/org/apache/commons/commons-exec/1.4.0 true} .m2/org/apache/commons/commons-exec/1.4.0/_remote.repositories:{10262298990844526329 204 .m2/org/apache/commons/commons-exec/1.4.0/_remote.repositories false} .m2/org/apache/commons/commons-exec/1.4.0/commons-exec-1.4.0.jar:{4999417624091007603 65863 .m2/org/apache/commons/commons-exec/1.4.0/commons-exec-1.4.0.jar false} .m2/org/apache/commons/commons-exec/1.4.0/commons-exec-1.4.0.jar.sha1:{4121736928295689674 40 .m2/org/apache/commons/commons-exec/1.4.0/commons-exec-1.4.0.jar.sha1 false} .m2/org/apache/commons/commons-exec/1.4.0/commons-exec-1.4.0.pom:{5697309068342634811 9524 .m2/org/apache/commons/commons-exec/1.4.0/commons-exec-1.4.0.pom false} .m2/org/apache/commons/commons-exec/1.4.0/commons-exec-1.4.0.pom.sha1:{9910789573728747486 40 .m2/org/apache/commons/commons-exec/1.4.0/commons-exec-1.4.0.pom.sha1 false} .m2/org/apache/commons/commons-jexl3:{0 0 .m2/org/apache/commons/commons-jexl3 true} .m2/org/apache/commons/commons-jexl3/3.2.1:{0 0 .m2/org/apache/commons/commons-jexl3/3.2.1 true} .m2/org/apache/commons/commons-jexl3/3.2.1/_remote.repositories:{18325065602516141063 206 .m2/org/apache/commons/commons-jexl3/3.2.1/_remote.repositories false} .m2/org/apache/commons/commons-jexl3/3.2.1/commons-jexl3-3.2.1.jar:{13528033910207184228 462124 .m2/org/apache/commons/commons-jexl3/3.2.1/commons-jexl3-3.2.1.jar false} .m2/org/apache/commons/commons-jexl3/3.2.1/commons-jexl3-3.2.1.jar.sha1:{3266961606213284370 40 .m2/org/apache/commons/commons-jexl3/3.2.1/commons-jexl3-3.2.1.jar.sha1 false} .m2/org/apache/commons/commons-jexl3/3.2.1/commons-jexl3-3.2.1.pom:{16116764834394490622 20013 .m2/org/apache/commons/commons-jexl3/3.2.1/commons-jexl3-3.2.1.pom false} .m2/org/apache/commons/commons-jexl3/3.2.1/commons-jexl3-3.2.1.pom.sha1:{2085763254271833876 40 .m2/org/apache/commons/commons-jexl3/3.2.1/commons-jexl3-3.2.1.pom.sha1 false} .m2/org/apache/commons/commons-lang3:{0 0 .m2/org/apache/commons/commons-lang3 true} .m2/org/apache/commons/commons-lang3/3.12.0:{0 0 .m2/org/apache/commons/commons-lang3/3.12.0 true} .m2/org/apache/commons/commons-lang3/3.12.0/_remote.repositories:{95897903681265760 208 .m2/org/apache/commons/commons-lang3/3.12.0/_remote.repositories false} .m2/org/apache/commons/commons-lang3/3.12.0/commons-lang3-3.12.0.jar:{8320179900881524904 587402 .m2/org/apache/commons/commons-lang3/3.12.0/commons-lang3-3.12.0.jar false} .m2/org/apache/commons/commons-lang3/3.12.0/commons-lang3-3.12.0.jar.sha1:{18416567131573587957 40 .m2/org/apache/commons/commons-lang3/3.12.0/commons-lang3-3.12.0.jar.sha1 false} .m2/org/apache/commons/commons-lang3/3.12.0/commons-lang3-3.12.0.pom:{5783527233627735582 30660 .m2/org/apache/commons/commons-lang3/3.12.0/commons-lang3-3.12.0.pom false} .m2/org/apache/commons/commons-lang3/3.12.0/commons-lang3-3.12.0.pom.sha1:{12747335651247787443 40 .m2/org/apache/commons/commons-lang3/3.12.0/commons-lang3-3.12.0.pom.sha1 false} .m2/org/apache/commons/commons-lang3/3.14.0:{0 0 .m2/org/apache/commons/commons-lang3/3.14.0 true} .m2/org/apache/commons/commons-lang3/3.14.0/_remote.repositories:{750128351323116292 208 .m2/org/apache/commons/commons-lang3/3.14.0/_remote.repositories false} .m2/org/apache/commons/commons-lang3/3.14.0/commons-lang3-3.14.0.jar:{9386349681917547961 657952 .m2/org/apache/commons/commons-lang3/3.14.0/commons-lang3-3.14.0.jar false} .m2/org/apache/commons/commons-lang3/3.14.0/commons-lang3-3.14.0.jar.sha1:{17545562501792551715 40 .m2/org/apache/commons/commons-lang3/3.14.0/commons-lang3-3.14.0.jar.sha1 false} .m2/org/apache/commons/commons-lang3/3.14.0/commons-lang3-3.14.0.pom:{2045886849679887347 30894 .m2/org/apache/commons/commons-lang3/3.14.0/commons-lang3-3.14.0.pom false} .m2/org/apache/commons/commons-lang3/3.14.0/commons-lang3-3.14.0.pom.sha1:{9526650697419106369 40 .m2/org/apache/commons/commons-lang3/3.14.0/commons-lang3-3.14.0.pom.sha1 false} .m2/org/apache/commons/commons-math3:{0 0 .m2/org/apache/commons/commons-math3 true} .m2/org/apache/commons/commons-math3/3.6.1:{0 0 .m2/org/apache/commons/commons-math3/3.6.1 true} .m2/org/apache/commons/commons-math3/3.6.1/_remote.repositories:{15243690076752506717 206 .m2/org/apache/commons/commons-math3/3.6.1/_remote.repositories false} .m2/org/apache/commons/commons-math3/3.6.1/commons-math3-3.6.1.jar:{17313489442887119618 2213560 .m2/org/apache/commons/commons-math3/3.6.1/commons-math3-3.6.1.jar false} .m2/org/apache/commons/commons-math3/3.6.1/commons-math3-3.6.1.jar.sha1:{12682660187298860459 40 .m2/org/apache/commons/commons-math3/3.6.1/commons-math3-3.6.1.jar.sha1 false} .m2/org/apache/commons/commons-math3/3.6.1/commons-math3-3.6.1.pom:{6827403150706427785 28697 .m2/org/apache/commons/commons-math3/3.6.1/commons-math3-3.6.1.pom false} .m2/org/apache/commons/commons-math3/3.6.1/commons-math3-3.6.1.pom.sha1:{7769829800241726549 40 .m2/org/apache/commons/commons-math3/3.6.1/commons-math3-3.6.1.pom.sha1 false} .m2/org/apache/commons/commons-parent:{0 0 .m2/org/apache/commons/commons-parent true} .m2/org/apache/commons/commons-parent/11:{0 0 .m2/org/apache/commons/commons-parent/11 true} .m2/org/apache/commons/commons-parent/11/_remote.repositories:{10172355653682409592 171 .m2/org/apache/commons/commons-parent/11/_remote.repositories false} .m2/org/apache/commons/commons-parent/11/commons-parent-11.pom:{12180510553134019063 24649 .m2/org/apache/commons/commons-parent/11/commons-parent-11.pom false} .m2/org/apache/commons/commons-parent/11/commons-parent-11.pom.sha1:{1631401075287208667 40 .m2/org/apache/commons/commons-parent/11/commons-parent-11.pom.sha1 false} .m2/org/apache/commons/commons-parent/14:{0 0 .m2/org/apache/commons/commons-parent/14 true} .m2/org/apache/commons/commons-parent/14/_remote.repositories:{12682916253480322237 171 .m2/org/apache/commons/commons-parent/14/_remote.repositories false} .m2/org/apache/commons/commons-parent/14/commons-parent-14.pom:{403262400315431407 31389 .m2/org/apache/commons/commons-parent/14/commons-parent-14.pom false} .m2/org/apache/commons/commons-parent/14/commons-parent-14.pom.sha1:{3771994707023836015 40 .m2/org/apache/commons/commons-parent/14/commons-parent-14.pom.sha1 false} .m2/org/apache/commons/commons-parent/17:{0 0 .m2/org/apache/commons/commons-parent/17 true} .m2/org/apache/commons/commons-parent/17/_remote.repositories:{8263465805116985440 171 .m2/org/apache/commons/commons-parent/17/_remote.repositories false} .m2/org/apache/commons/commons-parent/17/commons-parent-17.pom:{14379668636164963233 31185 .m2/org/apache/commons/commons-parent/17/commons-parent-17.pom false} .m2/org/apache/commons/commons-parent/17/commons-parent-17.pom.sha1:{132686354470969813 40 .m2/org/apache/commons/commons-parent/17/commons-parent-17.pom.sha1 false} .m2/org/apache/commons/commons-parent/21:{0 0 .m2/org/apache/commons/commons-parent/21 true} .m2/org/apache/commons/commons-parent/21/_remote.repositories:{3656779380437266763 171 .m2/org/apache/commons/commons-parent/21/_remote.repositories false} .m2/org/apache/commons/commons-parent/21/commons-parent-21.pom:{501917032190271496 33993 .m2/org/apache/commons/commons-parent/21/commons-parent-21.pom false} .m2/org/apache/commons/commons-parent/21/commons-parent-21.pom.sha1:{8227945177678995176 40 .m2/org/apache/commons/commons-parent/21/commons-parent-21.pom.sha1 false} .m2/org/apache/commons/commons-parent/28:{0 0 .m2/org/apache/commons/commons-parent/28 true} .m2/org/apache/commons/commons-parent/28/_remote.repositories:{9522835427048795220 171 .m2/org/apache/commons/commons-parent/28/_remote.repositories false} .m2/org/apache/commons/commons-parent/28/commons-parent-28.pom:{3547796207048665739 50149 .m2/org/apache/commons/commons-parent/28/commons-parent-28.pom false} .m2/org/apache/commons/commons-parent/28/commons-parent-28.pom.sha1:{3962930112491286923 40 .m2/org/apache/commons/commons-parent/28/commons-parent-28.pom.sha1 false} .m2/org/apache/commons/commons-parent/34:{0 0 .m2/org/apache/commons/commons-parent/34 true} .m2/org/apache/commons/commons-parent/34/_remote.repositories:{11222028286125753732 171 .m2/org/apache/commons/commons-parent/34/_remote.repositories false} .m2/org/apache/commons/commons-parent/34/commons-parent-34.pom:{6512893536451940950 55943 .m2/org/apache/commons/commons-parent/34/commons-parent-34.pom false} .m2/org/apache/commons/commons-parent/34/commons-parent-34.pom.sha1:{7649356119921211718 40 .m2/org/apache/commons/commons-parent/34/commons-parent-34.pom.sha1 false} .m2/org/apache/commons/commons-parent/35:{0 0 .m2/org/apache/commons/commons-parent/35 true} .m2/org/apache/commons/commons-parent/35/_remote.repositories:{16196213956621497158 171 .m2/org/apache/commons/commons-parent/35/_remote.repositories false} .m2/org/apache/commons/commons-parent/35/commons-parent-35.pom:{17816267149126923688 57772 .m2/org/apache/commons/commons-parent/35/commons-parent-35.pom false} .m2/org/apache/commons/commons-parent/35/commons-parent-35.pom.sha1:{890802549384259934 40 .m2/org/apache/commons/commons-parent/35/commons-parent-35.pom.sha1 false} .m2/org/apache/commons/commons-parent/39:{0 0 .m2/org/apache/commons/commons-parent/39 true} .m2/org/apache/commons/commons-parent/39/_remote.repositories:{4207600855194129432 171 .m2/org/apache/commons/commons-parent/39/_remote.repositories false} .m2/org/apache/commons/commons-parent/39/commons-parent-39.pom:{17109531237224686878 61975 .m2/org/apache/commons/commons-parent/39/commons-parent-39.pom false} .m2/org/apache/commons/commons-parent/39/commons-parent-39.pom.sha1:{2443895277124661500 40 .m2/org/apache/commons/commons-parent/39/commons-parent-39.pom.sha1 false} .m2/org/apache/commons/commons-parent/48:{0 0 .m2/org/apache/commons/commons-parent/48 true} .m2/org/apache/commons/commons-parent/48/_remote.repositories:{11167417056794302166 171 .m2/org/apache/commons/commons-parent/48/_remote.repositories false} .m2/org/apache/commons/commons-parent/48/commons-parent-48.pom:{5700298696996615228 72034 .m2/org/apache/commons/commons-parent/48/commons-parent-48.pom false} .m2/org/apache/commons/commons-parent/48/commons-parent-48.pom.sha1:{7143449956755542166 40 .m2/org/apache/commons/commons-parent/48/commons-parent-48.pom.sha1 false} .m2/org/apache/commons/commons-parent/5:{0 0 .m2/org/apache/commons/commons-parent/5 true} .m2/org/apache/commons/commons-parent/5/_remote.repositories:{1580421981680535011 170 .m2/org/apache/commons/commons-parent/5/_remote.repositories false} .m2/org/apache/commons/commons-parent/5/commons-parent-5.pom:{292444246229002900 16041 .m2/org/apache/commons/commons-parent/5/commons-parent-5.pom false} .m2/org/apache/commons/commons-parent/5/commons-parent-5.pom.sha1:{3945705714679228292 40 .m2/org/apache/commons/commons-parent/5/commons-parent-5.pom.sha1 false} .m2/org/apache/commons/commons-parent/52:{0 0 .m2/org/apache/commons/commons-parent/52 true} .m2/org/apache/commons/commons-parent/52/_remote.repositories:{9189546889179226224 171 .m2/org/apache/commons/commons-parent/52/_remote.repositories false} .m2/org/apache/commons/commons-parent/52/commons-parent-52.pom:{12327148461641247837 79273 .m2/org/apache/commons/commons-parent/52/commons-parent-52.pom false} .m2/org/apache/commons/commons-parent/52/commons-parent-52.pom.sha1:{18194469809928220451 40 .m2/org/apache/commons/commons-parent/52/commons-parent-52.pom.sha1 false} .m2/org/apache/commons/commons-parent/58:{0 0 .m2/org/apache/commons/commons-parent/58 true} .m2/org/apache/commons/commons-parent/58/_remote.repositories:{11793547884307016256 171 .m2/org/apache/commons/commons-parent/58/_remote.repositories false} .m2/org/apache/commons/commons-parent/58/commons-parent-58.pom:{11810396460204730930 82646 .m2/org/apache/commons/commons-parent/58/commons-parent-58.pom false} .m2/org/apache/commons/commons-parent/58/commons-parent-58.pom.sha1:{5330916932225556094 40 .m2/org/apache/commons/commons-parent/58/commons-parent-58.pom.sha1 false} .m2/org/apache/commons/commons-parent/64:{0 0 .m2/org/apache/commons/commons-parent/64 true} .m2/org/apache/commons/commons-parent/64/_remote.repositories:{6082804596000411306 171 .m2/org/apache/commons/commons-parent/64/_remote.repositories false} .m2/org/apache/commons/commons-parent/64/commons-parent-64.pom:{14225779280383412606 77957 .m2/org/apache/commons/commons-parent/64/commons-parent-64.pom false} .m2/org/apache/commons/commons-parent/64/commons-parent-64.pom.sha1:{4912547930957504440 40 .m2/org/apache/commons/commons-parent/64/commons-parent-64.pom.sha1 false} .m2/org/apache/commons/commons-parent/65:{0 0 .m2/org/apache/commons/commons-parent/65 true} .m2/org/apache/commons/commons-parent/65/_remote.repositories:{732921490006847813 171 .m2/org/apache/commons/commons-parent/65/_remote.repositories false} .m2/org/apache/commons/commons-parent/65/commons-parent-65.pom:{3076094543061581577 77926 .m2/org/apache/commons/commons-parent/65/commons-parent-65.pom false} .m2/org/apache/commons/commons-parent/65/commons-parent-65.pom.sha1:{9243170993203535694 40 .m2/org/apache/commons/commons-parent/65/commons-parent-65.pom.sha1 false} .m2/org/apache/commons/commons-parent/9:{0 0 .m2/org/apache/commons/commons-parent/9 true} .m2/org/apache/commons/commons-parent/9/_remote.repositories:{12432128600652059385 170 .m2/org/apache/commons/commons-parent/9/_remote.repositories false} .m2/org/apache/commons/commons-parent/9/commons-parent-9.pom:{15833113240078072056 21930 .m2/org/apache/commons/commons-parent/9/commons-parent-9.pom false} .m2/org/apache/commons/commons-parent/9/commons-parent-9.pom.sha1:{13498383166754689192 40 .m2/org/apache/commons/commons-parent/9/commons-parent-9.pom.sha1 false} .m2/org/apache/httpcomponents:{0 0 .m2/org/apache/httpcomponents true} .m2/org/apache/httpcomponents/client5:{0 0 .m2/org/apache/httpcomponents/client5 true} .m2/org/apache/httpcomponents/client5/httpclient5:{0 0 .m2/org/apache/httpcomponents/client5/httpclient5 true} .m2/org/apache/httpcomponents/client5/httpclient5-parent:{0 0 .m2/org/apache/httpcomponents/client5/httpclient5-parent true} .m2/org/apache/httpcomponents/client5/httpclient5-parent/5.0.3:{0 0 .m2/org/apache/httpcomponents/client5/httpclient5-parent/5.0.3 true} .m2/org/apache/httpcomponents/client5/httpclient5-parent/5.0.3/_remote.repositories:{13068902606583834344 178 .m2/org/apache/httpcomponents/client5/httpclient5-parent/5.0.3/_remote.repositories false} .m2/org/apache/httpcomponents/client5/httpclient5-parent/5.0.3/httpclient5-parent-5.0.3.pom:{16340144501081827961 13098 .m2/org/apache/httpcomponents/client5/httpclient5-parent/5.0.3/httpclient5-parent-5.0.3.pom false} .m2/org/apache/httpcomponents/client5/httpclient5-parent/5.0.3/httpclient5-parent-5.0.3.pom.sha1:{15548429839336376558 40 .m2/org/apache/httpcomponents/client5/httpclient5-parent/5.0.3/httpclient5-parent-5.0.3.pom.sha1 false} .m2/org/apache/httpcomponents/client5/httpclient5-parent/5.2.1:{0 0 .m2/org/apache/httpcomponents/client5/httpclient5-parent/5.2.1 true} .m2/org/apache/httpcomponents/client5/httpclient5-parent/5.2.1/_remote.repositories:{14076722546888345946 178 .m2/org/apache/httpcomponents/client5/httpclient5-parent/5.2.1/_remote.repositories false} .m2/org/apache/httpcomponents/client5/httpclient5-parent/5.2.1/httpclient5-parent-5.2.1.pom:{15641957688786643274 16892 .m2/org/apache/httpcomponents/client5/httpclient5-parent/5.2.1/httpclient5-parent-5.2.1.pom false} .m2/org/apache/httpcomponents/client5/httpclient5-parent/5.2.1/httpclient5-parent-5.2.1.pom.sha1:{17887613022599422070 40 .m2/org/apache/httpcomponents/client5/httpclient5-parent/5.2.1/httpclient5-parent-5.2.1.pom.sha1 false} .m2/org/apache/httpcomponents/client5/httpclient5/5.0.3:{0 0 .m2/org/apache/httpcomponents/client5/httpclient5/5.0.3 true} .m2/org/apache/httpcomponents/client5/httpclient5/5.0.3/_remote.repositories:{9620987576876786850 171 .m2/org/apache/httpcomponents/client5/httpclient5/5.0.3/_remote.repositories false} .m2/org/apache/httpcomponents/client5/httpclient5/5.0.3/httpclient5-5.0.3.pom:{12473618680143907865 6476 .m2/org/apache/httpcomponents/client5/httpclient5/5.0.3/httpclient5-5.0.3.pom false} .m2/org/apache/httpcomponents/client5/httpclient5/5.0.3/httpclient5-5.0.3.pom.sha1:{748030407184902428 40 .m2/org/apache/httpcomponents/client5/httpclient5/5.0.3/httpclient5-5.0.3.pom.sha1 false} .m2/org/apache/httpcomponents/client5/httpclient5/5.2.1:{0 0 .m2/org/apache/httpcomponents/client5/httpclient5/5.2.1 true} .m2/org/apache/httpcomponents/client5/httpclient5/5.2.1/_remote.repositories:{4253934965599336196 202 .m2/org/apache/httpcomponents/client5/httpclient5/5.2.1/_remote.repositories false} .m2/org/apache/httpcomponents/client5/httpclient5/5.2.1/httpclient5-5.2.1.jar:{12254392715850277472 839626 .m2/org/apache/httpcomponents/client5/httpclient5/5.2.1/httpclient5-5.2.1.jar false} .m2/org/apache/httpcomponents/client5/httpclient5/5.2.1/httpclient5-5.2.1.jar.sha1:{1390874901304785087 40 .m2/org/apache/httpcomponents/client5/httpclient5/5.2.1/httpclient5-5.2.1.jar.sha1 false} .m2/org/apache/httpcomponents/client5/httpclient5/5.2.1/httpclient5-5.2.1.pom:{8995818267739097654 5962 .m2/org/apache/httpcomponents/client5/httpclient5/5.2.1/httpclient5-5.2.1.pom false} .m2/org/apache/httpcomponents/client5/httpclient5/5.2.1/httpclient5-5.2.1.pom.sha1:{6433213275517255030 40 .m2/org/apache/httpcomponents/client5/httpclient5/5.2.1/httpclient5-5.2.1.pom.sha1 false} .m2/org/apache/httpcomponents/core5:{0 0 .m2/org/apache/httpcomponents/core5 true} .m2/org/apache/httpcomponents/core5/httpcore5:{0 0 .m2/org/apache/httpcomponents/core5/httpcore5 true} .m2/org/apache/httpcomponents/core5/httpcore5-h2:{0 0 .m2/org/apache/httpcomponents/core5/httpcore5-h2 true} .m2/org/apache/httpcomponents/core5/httpcore5-h2/5.2:{0 0 .m2/org/apache/httpcomponents/core5/httpcore5-h2/5.2 true} .m2/org/apache/httpcomponents/core5/httpcore5-h2/5.2/_remote.repositories:{7603709223004217612 200 .m2/org/apache/httpcomponents/core5/httpcore5-h2/5.2/_remote.repositories false} .m2/org/apache/httpcomponents/core5/httpcore5-h2/5.2/httpcore5-h2-5.2.jar:{4906605428232828997 236827 .m2/org/apache/httpcomponents/core5/httpcore5-h2/5.2/httpcore5-h2-5.2.jar false} .m2/org/apache/httpcomponents/core5/httpcore5-h2/5.2/httpcore5-h2-5.2.jar.sha1:{15422921486141887999 40 .m2/org/apache/httpcomponents/core5/httpcore5-h2/5.2/httpcore5-h2-5.2.jar.sha1 false} .m2/org/apache/httpcomponents/core5/httpcore5-h2/5.2/httpcore5-h2-5.2.pom:{16570452362785487041 3614 .m2/org/apache/httpcomponents/core5/httpcore5-h2/5.2/httpcore5-h2-5.2.pom false} .m2/org/apache/httpcomponents/core5/httpcore5-h2/5.2/httpcore5-h2-5.2.pom.sha1:{461042804421035504 40 .m2/org/apache/httpcomponents/core5/httpcore5-h2/5.2/httpcore5-h2-5.2.pom.sha1 false} .m2/org/apache/httpcomponents/core5/httpcore5-parent:{0 0 .m2/org/apache/httpcomponents/core5/httpcore5-parent true} .m2/org/apache/httpcomponents/core5/httpcore5-parent/5.0.2:{0 0 .m2/org/apache/httpcomponents/core5/httpcore5-parent/5.0.2 true} .m2/org/apache/httpcomponents/core5/httpcore5-parent/5.0.2/_remote.repositories:{8256556868301686315 176 .m2/org/apache/httpcomponents/core5/httpcore5-parent/5.0.2/_remote.repositories false} .m2/org/apache/httpcomponents/core5/httpcore5-parent/5.0.2/httpcore5-parent-5.0.2.pom:{3125009180121610057 9265 .m2/org/apache/httpcomponents/core5/httpcore5-parent/5.0.2/httpcore5-parent-5.0.2.pom false} .m2/org/apache/httpcomponents/core5/httpcore5-parent/5.0.2/httpcore5-parent-5.0.2.pom.sha1:{3286226903528098416 40 .m2/org/apache/httpcomponents/core5/httpcore5-parent/5.0.2/httpcore5-parent-5.0.2.pom.sha1 false} .m2/org/apache/httpcomponents/core5/httpcore5-parent/5.2:{0 0 .m2/org/apache/httpcomponents/core5/httpcore5-parent/5.2 true} .m2/org/apache/httpcomponents/core5/httpcore5-parent/5.2.1:{0 0 .m2/org/apache/httpcomponents/core5/httpcore5-parent/5.2.1 true} .m2/org/apache/httpcomponents/core5/httpcore5-parent/5.2.1/_remote.repositories:{4732323150831244296 176 .m2/org/apache/httpcomponents/core5/httpcore5-parent/5.2.1/_remote.repositories false} .m2/org/apache/httpcomponents/core5/httpcore5-parent/5.2.1/httpcore5-parent-5.2.1.pom:{9944017917184881906 13722 .m2/org/apache/httpcomponents/core5/httpcore5-parent/5.2.1/httpcore5-parent-5.2.1.pom false} .m2/org/apache/httpcomponents/core5/httpcore5-parent/5.2.1/httpcore5-parent-5.2.1.pom.sha1:{17037423933889591368 40 .m2/org/apache/httpcomponents/core5/httpcore5-parent/5.2.1/httpcore5-parent-5.2.1.pom.sha1 false} .m2/org/apache/httpcomponents/core5/httpcore5-parent/5.2/_remote.repositories:{8491961223288603193 174 .m2/org/apache/httpcomponents/core5/httpcore5-parent/5.2/_remote.repositories false} .m2/org/apache/httpcomponents/core5/httpcore5-parent/5.2/httpcore5-parent-5.2.pom:{3777442884436712662 13717 .m2/org/apache/httpcomponents/core5/httpcore5-parent/5.2/httpcore5-parent-5.2.pom false} .m2/org/apache/httpcomponents/core5/httpcore5-parent/5.2/httpcore5-parent-5.2.pom.sha1:{12475305318776025047 40 .m2/org/apache/httpcomponents/core5/httpcore5-parent/5.2/httpcore5-parent-5.2.pom.sha1 false} .m2/org/apache/httpcomponents/core5/httpcore5/5.0.2:{0 0 .m2/org/apache/httpcomponents/core5/httpcore5/5.0.2 true} .m2/org/apache/httpcomponents/core5/httpcore5/5.0.2/_remote.repositories:{13319464866540736389 169 .m2/org/apache/httpcomponents/core5/httpcore5/5.0.2/_remote.repositories false} .m2/org/apache/httpcomponents/core5/httpcore5/5.0.2/httpcore5-5.0.2.pom:{15875173876952091955 4826 .m2/org/apache/httpcomponents/core5/httpcore5/5.0.2/httpcore5-5.0.2.pom false} .m2/org/apache/httpcomponents/core5/httpcore5/5.0.2/httpcore5-5.0.2.pom.sha1:{12790532659613121586 40 .m2/org/apache/httpcomponents/core5/httpcore5/5.0.2/httpcore5-5.0.2.pom.sha1 false} .m2/org/apache/httpcomponents/core5/httpcore5/5.2:{0 0 .m2/org/apache/httpcomponents/core5/httpcore5/5.2 true} .m2/org/apache/httpcomponents/core5/httpcore5/5.2.1:{0 0 .m2/org/apache/httpcomponents/core5/httpcore5/5.2.1 true} .m2/org/apache/httpcomponents/core5/httpcore5/5.2.1/_remote.repositories:{16290648731256470176 198 .m2/org/apache/httpcomponents/core5/httpcore5/5.2.1/_remote.repositories false} .m2/org/apache/httpcomponents/core5/httpcore5/5.2.1/httpcore5-5.2.1.jar:{10758326684665450960 853387 .m2/org/apache/httpcomponents/core5/httpcore5/5.2.1/httpcore5-5.2.1.jar false} .m2/org/apache/httpcomponents/core5/httpcore5/5.2.1/httpcore5-5.2.1.jar.sha1:{2058428109793122849 40 .m2/org/apache/httpcomponents/core5/httpcore5/5.2.1/httpcore5-5.2.1.jar.sha1 false} .m2/org/apache/httpcomponents/core5/httpcore5/5.2.1/httpcore5-5.2.1.pom:{6963137004463468190 3946 .m2/org/apache/httpcomponents/core5/httpcore5/5.2.1/httpcore5-5.2.1.pom false} .m2/org/apache/httpcomponents/core5/httpcore5/5.2.1/httpcore5-5.2.1.pom.sha1:{12286312559233977781 40 .m2/org/apache/httpcomponents/core5/httpcore5/5.2.1/httpcore5-5.2.1.pom.sha1 false} .m2/org/apache/httpcomponents/core5/httpcore5/5.2/_remote.repositories:{12521987967578452566 167 .m2/org/apache/httpcomponents/core5/httpcore5/5.2/_remote.repositories false} .m2/org/apache/httpcomponents/core5/httpcore5/5.2/httpcore5-5.2.pom:{14765126759266572292 3944 .m2/org/apache/httpcomponents/core5/httpcore5/5.2/httpcore5-5.2.pom false} .m2/org/apache/httpcomponents/core5/httpcore5/5.2/httpcore5-5.2.pom.sha1:{4917454860037209403 40 .m2/org/apache/httpcomponents/core5/httpcore5/5.2/httpcore5-5.2.pom.sha1 false} .m2/org/apache/httpcomponents/httpcomponents-parent:{0 0 .m2/org/apache/httpcomponents/httpcomponents-parent true} .m2/org/apache/httpcomponents/httpcomponents-parent/12:{0 0 .m2/org/apache/httpcomponents/httpcomponents-parent/12 true} .m2/org/apache/httpcomponents/httpcomponents-parent/12/_remote.repositories:{12040614113407046248 178 .m2/org/apache/httpcomponents/httpcomponents-parent/12/_remote.repositories false} .m2/org/apache/httpcomponents/httpcomponents-parent/12/httpcomponents-parent-12.pom:{2014899043135720463 31896 .m2/org/apache/httpcomponents/httpcomponents-parent/12/httpcomponents-parent-12.pom false} .m2/org/apache/httpcomponents/httpcomponents-parent/12/httpcomponents-parent-12.pom.sha1:{16367335046833716265 40 .m2/org/apache/httpcomponents/httpcomponents-parent/12/httpcomponents-parent-12.pom.sha1 false} .m2/org/apache/httpcomponents/httpcomponents-parent/13:{0 0 .m2/org/apache/httpcomponents/httpcomponents-parent/13 true} .m2/org/apache/httpcomponents/httpcomponents-parent/13/_remote.repositories:{18057186431162168096 178 .m2/org/apache/httpcomponents/httpcomponents-parent/13/_remote.repositories false} .m2/org/apache/httpcomponents/httpcomponents-parent/13/httpcomponents-parent-13.pom:{4238265587703036780 30210 .m2/org/apache/httpcomponents/httpcomponents-parent/13/httpcomponents-parent-13.pom false} .m2/org/apache/httpcomponents/httpcomponents-parent/13/httpcomponents-parent-13.pom.sha1:{12600591652682412430 40 .m2/org/apache/httpcomponents/httpcomponents-parent/13/httpcomponents-parent-13.pom.sha1 false} .m2/org/apache/maven:{0 0 .m2/org/apache/maven true} .m2/org/apache/maven/maven-parent:{0 0 .m2/org/apache/maven/maven-parent true} .m2/org/apache/maven/maven-parent/23:{0 0 .m2/org/apache/maven/maven-parent/23 true} .m2/org/apache/maven/maven-parent/23/_remote.repositories:{14417746278122208136 169 .m2/org/apache/maven/maven-parent/23/_remote.repositories false} .m2/org/apache/maven/maven-parent/23/maven-parent-23.pom:{772774219076787815 32586 .m2/org/apache/maven/maven-parent/23/maven-parent-23.pom false} .m2/org/apache/maven/maven-parent/23/maven-parent-23.pom.sha1:{10595650264380813367 40 .m2/org/apache/maven/maven-parent/23/maven-parent-23.pom.sha1 false} .m2/org/apache/maven/maven-parent/33:{0 0 .m2/org/apache/maven/maven-parent/33 true} .m2/org/apache/maven/maven-parent/33/_remote.repositories:{10734196625220963190 169 .m2/org/apache/maven/maven-parent/33/_remote.repositories false} .m2/org/apache/maven/maven-parent/33/maven-parent-33.pom:{17080722651273344113 44155 .m2/org/apache/maven/maven-parent/33/maven-parent-33.pom false} .m2/org/apache/maven/maven-parent/33/maven-parent-33.pom.sha1:{9687153576672449645 40 .m2/org/apache/maven/maven-parent/33/maven-parent-33.pom.sha1 false} .m2/org/apache/maven/maven-parent/39:{0 0 .m2/org/apache/maven/maven-parent/39 true} .m2/org/apache/maven/maven-parent/39/_remote.repositories:{12207355958775034366 169 .m2/org/apache/maven/maven-parent/39/_remote.repositories false} .m2/org/apache/maven/maven-parent/39/maven-parent-39.pom:{4644312042505982559 47971 .m2/org/apache/maven/maven-parent/39/maven-parent-39.pom false} .m2/org/apache/maven/maven-parent/39/maven-parent-39.pom.sha1:{5717993578611010493 40 .m2/org/apache/maven/maven-parent/39/maven-parent-39.pom.sha1 false} .m2/org/apache/maven/maven-parent/41:{0 0 .m2/org/apache/maven/maven-parent/41 true} .m2/org/apache/maven/maven-parent/41/_remote.repositories:{8796679511713207595 169 .m2/org/apache/maven/maven-parent/41/_remote.repositories false} .m2/org/apache/maven/maven-parent/41/maven-parent-41.pom:{14244807665671467754 49873 .m2/org/apache/maven/maven-parent/41/maven-parent-41.pom false} .m2/org/apache/maven/maven-parent/41/maven-parent-41.pom.sha1:{15538723385074487618 40 .m2/org/apache/maven/maven-parent/41/maven-parent-41.pom.sha1 false} .m2/org/apache/maven/maven-parent/42:{0 0 .m2/org/apache/maven/maven-parent/42 true} .m2/org/apache/maven/maven-parent/42/_remote.repositories:{16766847522569728995 169 .m2/org/apache/maven/maven-parent/42/_remote.repositories false} .m2/org/apache/maven/maven-parent/42/maven-parent-42.pom:{13208556113957385398 50444 .m2/org/apache/maven/maven-parent/42/maven-parent-42.pom false} .m2/org/apache/maven/maven-parent/42/maven-parent-42.pom.sha1:{17907801811068557403 40 .m2/org/apache/maven/maven-parent/42/maven-parent-42.pom.sha1 false} .m2/org/apache/maven/plugins:{0 0 .m2/org/apache/maven/plugins true} .m2/org/apache/maven/plugins/maven-compiler-plugin:{0 0 .m2/org/apache/maven/plugins/maven-compiler-plugin true} .m2/org/apache/maven/plugins/maven-compiler-plugin/3.13.0:{0 0 .m2/org/apache/maven/plugins/maven-compiler-plugin/3.13.0 true} .m2/org/apache/maven/plugins/maven-compiler-plugin/3.13.0/_remote.repositories:{8862546534146920995 224 .m2/org/apache/maven/plugins/maven-compiler-plugin/3.13.0/_remote.repositories false} .m2/org/apache/maven/plugins/maven-compiler-plugin/3.13.0/maven-compiler-plugin-3.13.0.jar:{5106863746461236457 82525 .m2/org/apache/maven/plugins/maven-compiler-plugin/3.13.0/maven-compiler-plugin-3.13.0.jar false} .m2/org/apache/maven/plugins/maven-compiler-plugin/3.13.0/maven-compiler-plugin-3.13.0.jar.sha1:{8172628617953637681 40 .m2/org/apache/maven/plugins/maven-compiler-plugin/3.13.0/maven-compiler-plugin-3.13.0.jar.sha1 false} .m2/org/apache/maven/plugins/maven-compiler-plugin/3.13.0/maven-compiler-plugin-3.13.0.pom:{13222385736135023168 10444 .m2/org/apache/maven/plugins/maven-compiler-plugin/3.13.0/maven-compiler-plugin-3.13.0.pom false} .m2/org/apache/maven/plugins/maven-compiler-plugin/3.13.0/maven-compiler-plugin-3.13.0.pom.sha1:{6751376096224467415 40 .m2/org/apache/maven/plugins/maven-compiler-plugin/3.13.0/maven-compiler-plugin-3.13.0.pom.sha1 false} .m2/org/apache/maven/plugins/maven-plugins:{0 0 .m2/org/apache/maven/plugins/maven-plugins true} .m2/org/apache/maven/plugins/maven-plugins/39:{0 0 .m2/org/apache/maven/plugins/maven-plugins/39 true} .m2/org/apache/maven/plugins/maven-plugins/39/_remote.repositories:{7758258164480733389 170 .m2/org/apache/maven/plugins/maven-plugins/39/_remote.repositories false} .m2/org/apache/maven/plugins/maven-plugins/39/maven-plugins-39.pom:{8760327813448263765 8092 .m2/org/apache/maven/plugins/maven-plugins/39/maven-plugins-39.pom false} .m2/org/apache/maven/plugins/maven-plugins/39/maven-plugins-39.pom.sha1:{12251377896015542392 40 .m2/org/apache/maven/plugins/maven-plugins/39/maven-plugins-39.pom.sha1 false} .m2/org/apache/maven/plugins/maven-plugins/41:{0 0 .m2/org/apache/maven/plugins/maven-plugins/41 true} .m2/org/apache/maven/plugins/maven-plugins/41/_remote.repositories:{15830542979815991345 170 .m2/org/apache/maven/plugins/maven-plugins/41/_remote.repositories false} .m2/org/apache/maven/plugins/maven-plugins/41/maven-plugins-41.pom:{14836270148767063067 7353 .m2/org/apache/maven/plugins/maven-plugins/41/maven-plugins-41.pom false} .m2/org/apache/maven/plugins/maven-plugins/41/maven-plugins-41.pom.sha1:{4602297535504265939 40 .m2/org/apache/maven/plugins/maven-plugins/41/maven-plugins-41.pom.sha1 false} .m2/org/apache/maven/plugins/maven-resources-plugin:{0 0 .m2/org/apache/maven/plugins/maven-resources-plugin true} .m2/org/apache/maven/plugins/maven-resources-plugin/3.3.1:{0 0 .m2/org/apache/maven/plugins/maven-resources-plugin/3.3.1 true} .m2/org/apache/maven/plugins/maven-resources-plugin/3.3.1/_remote.repositories:{1640471735439950394 224 .m2/org/apache/maven/plugins/maven-resources-plugin/3.3.1/_remote.repositories false} .m2/org/apache/maven/plugins/maven-resources-plugin/3.3.1/maven-resources-plugin-3.3.1.jar:{5060605502864911131 30951 .m2/org/apache/maven/plugins/maven-resources-plugin/3.3.1/maven-resources-plugin-3.3.1.jar false} .m2/org/apache/maven/plugins/maven-resources-plugin/3.3.1/maven-resources-plugin-3.3.1.jar.sha1:{3876261625420741156 40 .m2/org/apache/maven/plugins/maven-resources-plugin/3.3.1/maven-resources-plugin-3.3.1.jar.sha1 false} .m2/org/apache/maven/plugins/maven-resources-plugin/3.3.1/maven-resources-plugin-3.3.1.pom:{5219775572153084073 8158 .m2/org/apache/maven/plugins/maven-resources-plugin/3.3.1/maven-resources-plugin-3.3.1.pom false} .m2/org/apache/maven/plugins/maven-resources-plugin/3.3.1/maven-resources-plugin-3.3.1.pom.sha1:{13368491457356030990 40 .m2/org/apache/maven/plugins/maven-resources-plugin/3.3.1/maven-resources-plugin-3.3.1.pom.sha1 false} .m2/org/apache/maven/plugins/maven-surefire-plugin:{0 0 .m2/org/apache/maven/plugins/maven-surefire-plugin true} .m2/org/apache/maven/plugins/maven-surefire-plugin/3.3.0:{0 0 .m2/org/apache/maven/plugins/maven-surefire-plugin/3.3.0 true} .m2/org/apache/maven/plugins/maven-surefire-plugin/3.3.0/_remote.repositories:{3670764595242851750 222 .m2/org/apache/maven/plugins/maven-surefire-plugin/3.3.0/_remote.repositories false} .m2/org/apache/maven/plugins/maven-surefire-plugin/3.3.0/maven-surefire-plugin-3.3.0.jar:{14534651313892825687 44661 .m2/org/apache/maven/plugins/maven-surefire-plugin/3.3.0/maven-surefire-plugin-3.3.0.jar false} .m2/org/apache/maven/plugins/maven-surefire-plugin/3.3.0/maven-surefire-plugin-3.3.0.jar.sha1:{7892011989819319859 40 .m2/org/apache/maven/plugins/maven-surefire-plugin/3.3.0/maven-surefire-plugin-3.3.0.jar.sha1 false} .m2/org/apache/maven/plugins/maven-surefire-plugin/3.3.0/maven-surefire-plugin-3.3.0.pom:{495667299330260686 5694 .m2/org/apache/maven/plugins/maven-surefire-plugin/3.3.0/maven-surefire-plugin-3.3.0.pom false} .m2/org/apache/maven/plugins/maven-surefire-plugin/3.3.0/maven-surefire-plugin-3.3.0.pom.sha1:{17895509815295750743 40 .m2/org/apache/maven/plugins/maven-surefire-plugin/3.3.0/maven-surefire-plugin-3.3.0.pom.sha1 false} .m2/org/apache/maven/resolver:{0 0 .m2/org/apache/maven/resolver true} .m2/org/apache/maven/resolver/maven-resolver:{0 0 .m2/org/apache/maven/resolver/maven-resolver true} .m2/org/apache/maven/resolver/maven-resolver-api:{0 0 .m2/org/apache/maven/resolver/maven-resolver-api true} .m2/org/apache/maven/resolver/maven-resolver-api/1.4.1:{0 0 .m2/org/apache/maven/resolver/maven-resolver-api/1.4.1 true} .m2/org/apache/maven/resolver/maven-resolver-api/1.4.1/_remote.repositories:{8228825654546779082 216 .m2/org/apache/maven/resolver/maven-resolver-api/1.4.1/_remote.repositories false} .m2/org/apache/maven/resolver/maven-resolver-api/1.4.1/maven-resolver-api-1.4.1.jar:{9477068805576992018 148983 .m2/org/apache/maven/resolver/maven-resolver-api/1.4.1/maven-resolver-api-1.4.1.jar false} .m2/org/apache/maven/resolver/maven-resolver-api/1.4.1/maven-resolver-api-1.4.1.jar.sha1:{9220647082671075198 40 .m2/org/apache/maven/resolver/maven-resolver-api/1.4.1/maven-resolver-api-1.4.1.jar.sha1 false} .m2/org/apache/maven/resolver/maven-resolver-api/1.4.1/maven-resolver-api-1.4.1.pom:{16050197719438516459 2626 .m2/org/apache/maven/resolver/maven-resolver-api/1.4.1/maven-resolver-api-1.4.1.pom false} .m2/org/apache/maven/resolver/maven-resolver-api/1.4.1/maven-resolver-api-1.4.1.pom.sha1:{2751925384817369956 40 .m2/org/apache/maven/resolver/maven-resolver-api/1.4.1/maven-resolver-api-1.4.1.pom.sha1 false} .m2/org/apache/maven/resolver/maven-resolver-util:{0 0 .m2/org/apache/maven/resolver/maven-resolver-util true} .m2/org/apache/maven/resolver/maven-resolver-util/1.4.1:{0 0 .m2/org/apache/maven/resolver/maven-resolver-util/1.4.1 true} .m2/org/apache/maven/resolver/maven-resolver-util/1.4.1/_remote.repositories:{1737135837021690521 218 .m2/org/apache/maven/resolver/maven-resolver-util/1.4.1/_remote.repositories false} .m2/org/apache/maven/resolver/maven-resolver-util/1.4.1/maven-resolver-util-1.4.1.jar:{6230808058460810627 167529 .m2/org/apache/maven/resolver/maven-resolver-util/1.4.1/maven-resolver-util-1.4.1.jar false} .m2/org/apache/maven/resolver/maven-resolver-util/1.4.1/maven-resolver-util-1.4.1.jar.sha1:{15766479114746041251 40 .m2/org/apache/maven/resolver/maven-resolver-util/1.4.1/maven-resolver-util-1.4.1.jar.sha1 false} .m2/org/apache/maven/resolver/maven-resolver-util/1.4.1/maven-resolver-util-1.4.1.pom:{9247422842446354545 2805 .m2/org/apache/maven/resolver/maven-resolver-util/1.4.1/maven-resolver-util-1.4.1.pom false} .m2/org/apache/maven/resolver/maven-resolver-util/1.4.1/maven-resolver-util-1.4.1.pom.sha1:{6824115045559667044 40 .m2/org/apache/maven/resolver/maven-resolver-util/1.4.1/maven-resolver-util-1.4.1.pom.sha1 false} .m2/org/apache/maven/resolver/maven-resolver/1.4.1:{0 0 .m2/org/apache/maven/resolver/maven-resolver/1.4.1 true} .m2/org/apache/maven/resolver/maven-resolver/1.4.1/_remote.repositories:{8620727092630941676 174 .m2/org/apache/maven/resolver/maven-resolver/1.4.1/_remote.repositories false} .m2/org/apache/maven/resolver/maven-resolver/1.4.1/maven-resolver-1.4.1.pom:{17572113626257507948 18177 .m2/org/apache/maven/resolver/maven-resolver/1.4.1/maven-resolver-1.4.1.pom false} .m2/org/apache/maven/resolver/maven-resolver/1.4.1/maven-resolver-1.4.1.pom.sha1:{13747411928923651799 40 .m2/org/apache/maven/resolver/maven-resolver/1.4.1/maven-resolver-1.4.1.pom.sha1 false} .m2/org/apache/maven/shared:{0 0 .m2/org/apache/maven/shared true} .m2/org/apache/maven/shared/maven-common-artifact-filters:{0 0 .m2/org/apache/maven/shared/maven-common-artifact-filters true} .m2/org/apache/maven/shared/maven-common-artifact-filters/3.4.0:{0 0 .m2/org/apache/maven/shared/maven-common-artifact-filters/3.4.0 true} .m2/org/apache/maven/shared/maven-common-artifact-filters/3.4.0/_remote.repositories:{7437793434839790580 238 .m2/org/apache/maven/shared/maven-common-artifact-filters/3.4.0/_remote.repositories false} .m2/org/apache/maven/shared/maven-common-artifact-filters/3.4.0/maven-common-artifact-filters-3.4.0.jar:{5047453870143097481 58459 .m2/org/apache/maven/shared/maven-common-artifact-filters/3.4.0/maven-common-artifact-filters-3.4.0.jar false} .m2/org/apache/maven/shared/maven-common-artifact-filters/3.4.0/maven-common-artifact-filters-3.4.0.jar.sha1:{9847024041638394830 40 .m2/org/apache/maven/shared/maven-common-artifact-filters/3.4.0/maven-common-artifact-filters-3.4.0.jar.sha1 false} .m2/org/apache/maven/shared/maven-common-artifact-filters/3.4.0/maven-common-artifact-filters-3.4.0.pom:{1704395043216098394 5374 .m2/org/apache/maven/shared/maven-common-artifact-filters/3.4.0/maven-common-artifact-filters-3.4.0.pom false} .m2/org/apache/maven/shared/maven-common-artifact-filters/3.4.0/maven-common-artifact-filters-3.4.0.pom.sha1:{10891728690400007286 40 .m2/org/apache/maven/shared/maven-common-artifact-filters/3.4.0/maven-common-artifact-filters-3.4.0.pom.sha1 false} .m2/org/apache/maven/shared/maven-filtering:{0 0 .m2/org/apache/maven/shared/maven-filtering true} .m2/org/apache/maven/shared/maven-filtering/3.3.1:{0 0 .m2/org/apache/maven/shared/maven-filtering/3.3.1 true} .m2/org/apache/maven/shared/maven-filtering/3.3.1/_remote.repositories:{10408849992104996286 210 .m2/org/apache/maven/shared/maven-filtering/3.3.1/_remote.repositories false} .m2/org/apache/maven/shared/maven-filtering/3.3.1/maven-filtering-3.3.1.jar:{6161642251054675848 54990 .m2/org/apache/maven/shared/maven-filtering/3.3.1/maven-filtering-3.3.1.jar false} .m2/org/apache/maven/shared/maven-filtering/3.3.1/maven-filtering-3.3.1.jar.sha1:{9628334244665707115 40 .m2/org/apache/maven/shared/maven-filtering/3.3.1/maven-filtering-3.3.1.jar.sha1 false} .m2/org/apache/maven/shared/maven-filtering/3.3.1/maven-filtering-3.3.1.pom:{6043664620206162584 6036 .m2/org/apache/maven/shared/maven-filtering/3.3.1/maven-filtering-3.3.1.pom false} .m2/org/apache/maven/shared/maven-filtering/3.3.1/maven-filtering-3.3.1.pom.sha1:{1159906779481010592 40 .m2/org/apache/maven/shared/maven-filtering/3.3.1/maven-filtering-3.3.1.pom.sha1 false} .m2/org/apache/maven/shared/maven-shared-components:{0 0 .m2/org/apache/maven/shared/maven-shared-components true} .m2/org/apache/maven/shared/maven-shared-components/19:{0 0 .m2/org/apache/maven/shared/maven-shared-components/19 true} .m2/org/apache/maven/shared/maven-shared-components/19/_remote.repositories:{2695843411194957606 180 .m2/org/apache/maven/shared/maven-shared-components/19/_remote.repositories false} .m2/org/apache/maven/shared/maven-shared-components/19/maven-shared-components-19.pom:{11986594450578509653 6359 .m2/org/apache/maven/shared/maven-shared-components/19/maven-shared-components-19.pom false} .m2/org/apache/maven/shared/maven-shared-components/19/maven-shared-components-19.pom.sha1:{9058884531376929759 40 .m2/org/apache/maven/shared/maven-shared-components/19/maven-shared-components-19.pom.sha1 false} .m2/org/apache/maven/shared/maven-shared-components/39:{0 0 .m2/org/apache/maven/shared/maven-shared-components/39 true} .m2/org/apache/maven/shared/maven-shared-components/39/_remote.repositories:{6878256846534568057 180 .m2/org/apache/maven/shared/maven-shared-components/39/_remote.repositories false} .m2/org/apache/maven/shared/maven-shared-components/39/maven-shared-components-39.pom:{13313501914507263126 3220 .m2/org/apache/maven/shared/maven-shared-components/39/maven-shared-components-39.pom false} .m2/org/apache/maven/shared/maven-shared-components/39/maven-shared-components-39.pom.sha1:{8396781631973832260 40 .m2/org/apache/maven/shared/maven-shared-components/39/maven-shared-components-39.pom.sha1 false} .m2/org/apache/maven/shared/maven-shared-components/42:{0 0 .m2/org/apache/maven/shared/maven-shared-components/42 true} .m2/org/apache/maven/shared/maven-shared-components/42/_remote.repositories:{11117046721962859979 180 .m2/org/apache/maven/shared/maven-shared-components/42/_remote.repositories false} .m2/org/apache/maven/shared/maven-shared-components/42/maven-shared-components-42.pom:{18419127257385742875 3773 .m2/org/apache/maven/shared/maven-shared-components/42/maven-shared-components-42.pom false} .m2/org/apache/maven/shared/maven-shared-components/42/maven-shared-components-42.pom.sha1:{15064121483236487000 40 .m2/org/apache/maven/shared/maven-shared-components/42/maven-shared-components-42.pom.sha1 false} .m2/org/apache/maven/shared/maven-shared-incremental:{0 0 .m2/org/apache/maven/shared/maven-shared-incremental true} .m2/org/apache/maven/shared/maven-shared-incremental/1.1:{0 0 .m2/org/apache/maven/shared/maven-shared-incremental/1.1 true} .m2/org/apache/maven/shared/maven-shared-incremental/1.1/_remote.repositories:{5865386600009302279 224 .m2/org/apache/maven/shared/maven-shared-incremental/1.1/_remote.repositories false} .m2/org/apache/maven/shared/maven-shared-incremental/1.1/maven-shared-incremental-1.1.jar:{2196418508650857464 13538 .m2/org/apache/maven/shared/maven-shared-incremental/1.1/maven-shared-incremental-1.1.jar false} .m2/org/apache/maven/shared/maven-shared-incremental/1.1/maven-shared-incremental-1.1.jar.sha1:{15810460204799935572 40 .m2/org/apache/maven/shared/maven-shared-incremental/1.1/maven-shared-incremental-1.1.jar.sha1 false} .m2/org/apache/maven/shared/maven-shared-incremental/1.1/maven-shared-incremental-1.1.pom:{712543225453868343 4742 .m2/org/apache/maven/shared/maven-shared-incremental/1.1/maven-shared-incremental-1.1.pom false} .m2/org/apache/maven/shared/maven-shared-incremental/1.1/maven-shared-incremental-1.1.pom.sha1:{12753589673625293054 40 .m2/org/apache/maven/shared/maven-shared-incremental/1.1/maven-shared-incremental-1.1.pom.sha1 false} .m2/org/apache/maven/shared/maven-shared-utils:{0 0 .m2/org/apache/maven/shared/maven-shared-utils true} .m2/org/apache/maven/shared/maven-shared-utils/3.4.2:{0 0 .m2/org/apache/maven/shared/maven-shared-utils/3.4.2 true} .m2/org/apache/maven/shared/maven-shared-utils/3.4.2/_remote.repositories:{18144730572610036245 216 .m2/org/apache/maven/shared/maven-shared-utils/3.4.2/_remote.repositories false} .m2/org/apache/maven/shared/maven-shared-utils/3.4.2/maven-shared-utils-3.4.2.jar:{2196174439050819937 151103 .m2/org/apache/maven/shared/maven-shared-utils/3.4.2/maven-shared-utils-3.4.2.jar false} .m2/org/apache/maven/shared/maven-shared-utils/3.4.2/maven-shared-utils-3.4.2.jar.sha1:{5405605186276633150 40 .m2/org/apache/maven/shared/maven-shared-utils/3.4.2/maven-shared-utils-3.4.2.jar.sha1 false} .m2/org/apache/maven/shared/maven-shared-utils/3.4.2/maven-shared-utils-3.4.2.pom:{240136392782212459 5899 .m2/org/apache/maven/shared/maven-shared-utils/3.4.2/maven-shared-utils-3.4.2.pom false} .m2/org/apache/maven/shared/maven-shared-utils/3.4.2/maven-shared-utils-3.4.2.pom.sha1:{17570906642049859375 40 .m2/org/apache/maven/shared/maven-shared-utils/3.4.2/maven-shared-utils-3.4.2.pom.sha1 false} .m2/org/apache/maven/surefire:{0 0 .m2/org/apache/maven/surefire true} .m2/org/apache/maven/surefire/common-java5:{0 0 .m2/org/apache/maven/surefire/common-java5 true} .m2/org/apache/maven/surefire/common-java5/3.3.0:{0 0 .m2/org/apache/maven/surefire/common-java5/3.3.0 true} .m2/org/apache/maven/surefire/common-java5/3.3.0/_remote.repositories:{7436877132399426957 204 .m2/org/apache/maven/surefire/common-java5/3.3.0/_remote.repositories false} .m2/org/apache/maven/surefire/common-java5/3.3.0/common-java5-3.3.0.jar:{5488305097359702300 17558 .m2/org/apache/maven/surefire/common-java5/3.3.0/common-java5-3.3.0.jar false} .m2/org/apache/maven/surefire/common-java5/3.3.0/common-java5-3.3.0.jar.sha1:{6492138774317329510 40 .m2/org/apache/maven/surefire/common-java5/3.3.0/common-java5-3.3.0.jar.sha1 false} .m2/org/apache/maven/surefire/common-java5/3.3.0/common-java5-3.3.0.pom:{16600951872955142753 2762 .m2/org/apache/maven/surefire/common-java5/3.3.0/common-java5-3.3.0.pom false} .m2/org/apache/maven/surefire/common-java5/3.3.0/common-java5-3.3.0.pom.sha1:{11957142245553174436 40 .m2/org/apache/maven/surefire/common-java5/3.3.0/common-java5-3.3.0.pom.sha1 false} .m2/org/apache/maven/surefire/maven-surefire-common:{0 0 .m2/org/apache/maven/surefire/maven-surefire-common true} .m2/org/apache/maven/surefire/maven-surefire-common/3.3.0:{0 0 .m2/org/apache/maven/surefire/maven-surefire-common/3.3.0 true} .m2/org/apache/maven/surefire/maven-surefire-common/3.3.0/_remote.repositories:{17745438856660343918 222 .m2/org/apache/maven/surefire/maven-surefire-common/3.3.0/_remote.repositories false} .m2/org/apache/maven/surefire/maven-surefire-common/3.3.0/maven-surefire-common-3.3.0.jar:{6326183140055204783 307688 .m2/org/apache/maven/surefire/maven-surefire-common/3.3.0/maven-surefire-common-3.3.0.jar false} .m2/org/apache/maven/surefire/maven-surefire-common/3.3.0/maven-surefire-common-3.3.0.jar.sha1:{6844445246246477564 40 .m2/org/apache/maven/surefire/maven-surefire-common/3.3.0/maven-surefire-common-3.3.0.jar.sha1 false} .m2/org/apache/maven/surefire/maven-surefire-common/3.3.0/maven-surefire-common-3.3.0.pom:{11116232745469303130 7815 .m2/org/apache/maven/surefire/maven-surefire-common/3.3.0/maven-surefire-common-3.3.0.pom false} .m2/org/apache/maven/surefire/maven-surefire-common/3.3.0/maven-surefire-common-3.3.0.pom.sha1:{18209666011294979715 40 .m2/org/apache/maven/surefire/maven-surefire-common/3.3.0/maven-surefire-common-3.3.0.pom.sha1 false} .m2/org/apache/maven/surefire/surefire:{0 0 .m2/org/apache/maven/surefire/surefire true} .m2/org/apache/maven/surefire/surefire-api:{0 0 .m2/org/apache/maven/surefire/surefire-api true} .m2/org/apache/maven/surefire/surefire-api/3.3.0:{0 0 .m2/org/apache/maven/surefire/surefire-api/3.3.0 true} .m2/org/apache/maven/surefire/surefire-api/3.3.0/_remote.repositories:{15564023223037969748 204 .m2/org/apache/maven/surefire/surefire-api/3.3.0/_remote.repositories false} .m2/org/apache/maven/surefire/surefire-api/3.3.0/surefire-api-3.3.0.jar:{14792431660833220423 170518 .m2/org/apache/maven/surefire/surefire-api/3.3.0/surefire-api-3.3.0.jar false} .m2/org/apache/maven/surefire/surefire-api/3.3.0/surefire-api-3.3.0.jar.sha1:{6506310212523960742 40 .m2/org/apache/maven/surefire/surefire-api/3.3.0/surefire-api-3.3.0.jar.sha1 false} .m2/org/apache/maven/surefire/surefire-api/3.3.0/surefire-api-3.3.0.pom:{2439143683823990899 3530 .m2/org/apache/maven/surefire/surefire-api/3.3.0/surefire-api-3.3.0.pom false} .m2/org/apache/maven/surefire/surefire-api/3.3.0/surefire-api-3.3.0.pom.sha1:{1123561624937147335 40 .m2/org/apache/maven/surefire/surefire-api/3.3.0/surefire-api-3.3.0.pom.sha1 false} .m2/org/apache/maven/surefire/surefire-booter:{0 0 .m2/org/apache/maven/surefire/surefire-booter true} .m2/org/apache/maven/surefire/surefire-booter/3.3.0:{0 0 .m2/org/apache/maven/surefire/surefire-booter/3.3.0 true} .m2/org/apache/maven/surefire/surefire-booter/3.3.0/_remote.repositories:{14108347258195872958 210 .m2/org/apache/maven/surefire/surefire-booter/3.3.0/_remote.repositories false} .m2/org/apache/maven/surefire/surefire-booter/3.3.0/surefire-booter-3.3.0.jar:{14100843084048996272 117627 .m2/org/apache/maven/surefire/surefire-booter/3.3.0/surefire-booter-3.3.0.jar false} .m2/org/apache/maven/surefire/surefire-booter/3.3.0/surefire-booter-3.3.0.jar.sha1:{8490127777901829176 40 .m2/org/apache/maven/surefire/surefire-booter/3.3.0/surefire-booter-3.3.0.jar.sha1 false} .m2/org/apache/maven/surefire/surefire-booter/3.3.0/surefire-booter-3.3.0.pom:{4090652473700780862 4829 .m2/org/apache/maven/surefire/surefire-booter/3.3.0/surefire-booter-3.3.0.pom false} .m2/org/apache/maven/surefire/surefire-booter/3.3.0/surefire-booter-3.3.0.pom.sha1:{12399663368465998895 40 .m2/org/apache/maven/surefire/surefire-booter/3.3.0/surefire-booter-3.3.0.pom.sha1 false} .m2/org/apache/maven/surefire/surefire-extensions-api:{0 0 .m2/org/apache/maven/surefire/surefire-extensions-api true} .m2/org/apache/maven/surefire/surefire-extensions-api/3.3.0:{0 0 .m2/org/apache/maven/surefire/surefire-extensions-api/3.3.0 true} .m2/org/apache/maven/surefire/surefire-extensions-api/3.3.0/_remote.repositories:{10323468813680736322 226 .m2/org/apache/maven/surefire/surefire-extensions-api/3.3.0/_remote.repositories false} .m2/org/apache/maven/surefire/surefire-extensions-api/3.3.0/surefire-extensions-api-3.3.0.jar:{12621987046111990208 25882 .m2/org/apache/maven/surefire/surefire-extensions-api/3.3.0/surefire-extensions-api-3.3.0.jar false} .m2/org/apache/maven/surefire/surefire-extensions-api/3.3.0/surefire-extensions-api-3.3.0.jar.sha1:{6237977477358901308 40 .m2/org/apache/maven/surefire/surefire-extensions-api/3.3.0/surefire-extensions-api-3.3.0.jar.sha1 false} .m2/org/apache/maven/surefire/surefire-extensions-api/3.3.0/surefire-extensions-api-3.3.0.pom:{2836728315459311020 3522 .m2/org/apache/maven/surefire/surefire-extensions-api/3.3.0/surefire-extensions-api-3.3.0.pom false} .m2/org/apache/maven/surefire/surefire-extensions-api/3.3.0/surefire-extensions-api-3.3.0.pom.sha1:{10512072700943173583 40 .m2/org/apache/maven/surefire/surefire-extensions-api/3.3.0/surefire-extensions-api-3.3.0.pom.sha1 false} .m2/org/apache/maven/surefire/surefire-extensions-spi:{0 0 .m2/org/apache/maven/surefire/surefire-extensions-spi true} .m2/org/apache/maven/surefire/surefire-extensions-spi/3.3.0:{0 0 .m2/org/apache/maven/surefire/surefire-extensions-spi/3.3.0 true} .m2/org/apache/maven/surefire/surefire-extensions-spi/3.3.0/_remote.repositories:{5406658700777200264 226 .m2/org/apache/maven/surefire/surefire-extensions-spi/3.3.0/_remote.repositories false} .m2/org/apache/maven/surefire/surefire-extensions-spi/3.3.0/surefire-extensions-spi-3.3.0.jar:{5685341945521073656 8189 .m2/org/apache/maven/surefire/surefire-extensions-spi/3.3.0/surefire-extensions-spi-3.3.0.jar false} .m2/org/apache/maven/surefire/surefire-extensions-spi/3.3.0/surefire-extensions-spi-3.3.0.jar.sha1:{6743579824434488096 40 .m2/org/apache/maven/surefire/surefire-extensions-spi/3.3.0/surefire-extensions-spi-3.3.0.jar.sha1 false} .m2/org/apache/maven/surefire/surefire-extensions-spi/3.3.0/surefire-extensions-spi-3.3.0.pom:{10003289711005476403 1762 .m2/org/apache/maven/surefire/surefire-extensions-spi/3.3.0/surefire-extensions-spi-3.3.0.pom false} .m2/org/apache/maven/surefire/surefire-extensions-spi/3.3.0/surefire-extensions-spi-3.3.0.pom.sha1:{7137493892903559584 40 .m2/org/apache/maven/surefire/surefire-extensions-spi/3.3.0/surefire-extensions-spi-3.3.0.pom.sha1 false} .m2/org/apache/maven/surefire/surefire-grouper:{0 0 .m2/org/apache/maven/surefire/surefire-grouper true} .m2/org/apache/maven/surefire/surefire-grouper/3.3.0:{0 0 .m2/org/apache/maven/surefire/surefire-grouper/3.3.0 true} .m2/org/apache/maven/surefire/surefire-grouper/3.3.0/_remote.repositories:{6824881390041974828 212 .m2/org/apache/maven/surefire/surefire-grouper/3.3.0/_remote.repositories false} .m2/org/apache/maven/surefire/surefire-grouper/3.3.0/surefire-grouper-3.3.0.jar:{17252054893811177601 40294 .m2/org/apache/maven/surefire/surefire-grouper/3.3.0/surefire-grouper-3.3.0.jar false} .m2/org/apache/maven/surefire/surefire-grouper/3.3.0/surefire-grouper-3.3.0.jar.sha1:{12121893291666197424 40 .m2/org/apache/maven/surefire/surefire-grouper/3.3.0/surefire-grouper-3.3.0.jar.sha1 false} .m2/org/apache/maven/surefire/surefire-grouper/3.3.0/surefire-grouper-3.3.0.pom:{17185245182167866864 3445 .m2/org/apache/maven/surefire/surefire-grouper/3.3.0/surefire-grouper-3.3.0.pom false} .m2/org/apache/maven/surefire/surefire-grouper/3.3.0/surefire-grouper-3.3.0.pom.sha1:{3264133549967599021 40 .m2/org/apache/maven/surefire/surefire-grouper/3.3.0/surefire-grouper-3.3.0.pom.sha1 false} .m2/org/apache/maven/surefire/surefire-logger-api:{0 0 .m2/org/apache/maven/surefire/surefire-logger-api true} .m2/org/apache/maven/surefire/surefire-logger-api/3.3.0:{0 0 .m2/org/apache/maven/surefire/surefire-logger-api/3.3.0 true} .m2/org/apache/maven/surefire/surefire-logger-api/3.3.0/_remote.repositories:{13139164039286750009 218 .m2/org/apache/maven/surefire/surefire-logger-api/3.3.0/_remote.repositories false} .m2/org/apache/maven/surefire/surefire-logger-api/3.3.0/surefire-logger-api-3.3.0.jar:{17286201394635923439 13582 .m2/org/apache/maven/surefire/surefire-logger-api/3.3.0/surefire-logger-api-3.3.0.jar false} .m2/org/apache/maven/surefire/surefire-logger-api/3.3.0/surefire-logger-api-3.3.0.jar.sha1:{14404347451089904133 40 .m2/org/apache/maven/surefire/surefire-logger-api/3.3.0/surefire-logger-api-3.3.0.jar.sha1 false} .m2/org/apache/maven/surefire/surefire-logger-api/3.3.0/surefire-logger-api-3.3.0.pom:{4364424574699343712 3259 .m2/org/apache/maven/surefire/surefire-logger-api/3.3.0/surefire-logger-api-3.3.0.pom false} .m2/org/apache/maven/surefire/surefire-logger-api/3.3.0/surefire-logger-api-3.3.0.pom.sha1:{9741525207370473391 40 .m2/org/apache/maven/surefire/surefire-logger-api/3.3.0/surefire-logger-api-3.3.0.pom.sha1 false} .m2/org/apache/maven/surefire/surefire-providers:{0 0 .m2/org/apache/maven/surefire/surefire-providers true} .m2/org/apache/maven/surefire/surefire-providers/3.3.0:{0 0 .m2/org/apache/maven/surefire/surefire-providers/3.3.0 true} .m2/org/apache/maven/surefire/surefire-providers/3.3.0/_remote.repositories:{2550901787407908263 178 .m2/org/apache/maven/surefire/surefire-providers/3.3.0/_remote.repositories false} .m2/org/apache/maven/surefire/surefire-providers/3.3.0/surefire-providers-3.3.0.pom:{157676376614210932 2611 .m2/org/apache/maven/surefire/surefire-providers/3.3.0/surefire-providers-3.3.0.pom false} .m2/org/apache/maven/surefire/surefire-providers/3.3.0/surefire-providers-3.3.0.pom.sha1:{4632075143694354885 40 .m2/org/apache/maven/surefire/surefire-providers/3.3.0/surefire-providers-3.3.0.pom.sha1 false} .m2/org/apache/maven/surefire/surefire-shared-utils:{0 0 .m2/org/apache/maven/surefire/surefire-shared-utils true} .m2/org/apache/maven/surefire/surefire-shared-utils/3.3.0:{0 0 .m2/org/apache/maven/surefire/surefire-shared-utils/3.3.0 true} .m2/org/apache/maven/surefire/surefire-shared-utils/3.3.0/_remote.repositories:{12719708751591299734 222 .m2/org/apache/maven/surefire/surefire-shared-utils/3.3.0/_remote.repositories false} .m2/org/apache/maven/surefire/surefire-shared-utils/3.3.0/surefire-shared-utils-3.3.0.jar:{14496111676137956861 2807723 .m2/org/apache/maven/surefire/surefire-shared-utils/3.3.0/surefire-shared-utils-3.3.0.jar false} .m2/org/apache/maven/surefire/surefire-shared-utils/3.3.0/surefire-shared-utils-3.3.0.jar.sha1:{6204113365091092611 40 .m2/org/apache/maven/surefire/surefire-shared-utils/3.3.0/surefire-shared-utils-3.3.0.jar.sha1 false} .m2/org/apache/maven/surefire/surefire-shared-utils/3.3.0/surefire-shared-utils-3.3.0.pom:{1095176327592100497 4059 .m2/org/apache/maven/surefire/surefire-shared-utils/3.3.0/surefire-shared-utils-3.3.0.pom false} .m2/org/apache/maven/surefire/surefire-shared-utils/3.3.0/surefire-shared-utils-3.3.0.pom.sha1:{4763720198712613791 40 .m2/org/apache/maven/surefire/surefire-shared-utils/3.3.0/surefire-shared-utils-3.3.0.pom.sha1 false} .m2/org/apache/maven/surefire/surefire-testng:{0 0 .m2/org/apache/maven/surefire/surefire-testng true} .m2/org/apache/maven/surefire/surefire-testng-utils:{0 0 .m2/org/apache/maven/surefire/surefire-testng-utils true} .m2/org/apache/maven/surefire/surefire-testng-utils/3.3.0:{0 0 .m2/org/apache/maven/surefire/surefire-testng-utils/3.3.0 true} .m2/org/apache/maven/surefire/surefire-testng-utils/3.3.0/_remote.repositories:{2604729679553377863 222 .m2/org/apache/maven/surefire/surefire-testng-utils/3.3.0/_remote.repositories false} .m2/org/apache/maven/surefire/surefire-testng-utils/3.3.0/surefire-testng-utils-3.3.0.jar:{4766198544508670873 13700 .m2/org/apache/maven/surefire/surefire-testng-utils/3.3.0/surefire-testng-utils-3.3.0.jar false} .m2/org/apache/maven/surefire/surefire-testng-utils/3.3.0/surefire-testng-utils-3.3.0.jar.sha1:{8140788235391268295 40 .m2/org/apache/maven/surefire/surefire-testng-utils/3.3.0/surefire-testng-utils-3.3.0.jar.sha1 false} .m2/org/apache/maven/surefire/surefire-testng-utils/3.3.0/surefire-testng-utils-3.3.0.pom:{925193941342209139 3120 .m2/org/apache/maven/surefire/surefire-testng-utils/3.3.0/surefire-testng-utils-3.3.0.pom false} .m2/org/apache/maven/surefire/surefire-testng-utils/3.3.0/surefire-testng-utils-3.3.0.pom.sha1:{17090455249494852245 40 .m2/org/apache/maven/surefire/surefire-testng-utils/3.3.0/surefire-testng-utils-3.3.0.pom.sha1 false} .m2/org/apache/maven/surefire/surefire-testng/3.3.0:{0 0 .m2/org/apache/maven/surefire/surefire-testng/3.3.0 true} .m2/org/apache/maven/surefire/surefire-testng/3.3.0/_remote.repositories:{14062012254787791368 210 .m2/org/apache/maven/surefire/surefire-testng/3.3.0/_remote.repositories false} .m2/org/apache/maven/surefire/surefire-testng/3.3.0/surefire-testng-3.3.0.jar:{1584199672899754578 47096 .m2/org/apache/maven/surefire/surefire-testng/3.3.0/surefire-testng-3.3.0.jar false} .m2/org/apache/maven/surefire/surefire-testng/3.3.0/surefire-testng-3.3.0.jar.sha1:{8262251780399405480 40 .m2/org/apache/maven/surefire/surefire-testng/3.3.0/surefire-testng-3.3.0.jar.sha1 false} .m2/org/apache/maven/surefire/surefire-testng/3.3.0/surefire-testng-3.3.0.pom:{12028741007286821745 3794 .m2/org/apache/maven/surefire/surefire-testng/3.3.0/surefire-testng-3.3.0.pom false} .m2/org/apache/maven/surefire/surefire-testng/3.3.0/surefire-testng-3.3.0.pom.sha1:{17558982099362529283 40 .m2/org/apache/maven/surefire/surefire-testng/3.3.0/surefire-testng-3.3.0.pom.sha1 false} .m2/org/apache/maven/surefire/surefire/3.3.0:{0 0 .m2/org/apache/maven/surefire/surefire/3.3.0 true} .m2/org/apache/maven/surefire/surefire/3.3.0/_remote.repositories:{3786621686691982909 168 .m2/org/apache/maven/surefire/surefire/3.3.0/_remote.repositories false} .m2/org/apache/maven/surefire/surefire/3.3.0/surefire-3.3.0.pom:{10279373363892975124 21149 .m2/org/apache/maven/surefire/surefire/3.3.0/surefire-3.3.0.pom false} .m2/org/apache/maven/surefire/surefire/3.3.0/surefire-3.3.0.pom.sha1:{4383440100235005856 40 .m2/org/apache/maven/surefire/surefire/3.3.0/surefire-3.3.0.pom.sha1 false} .m2/org/apache/poi:{0 0 .m2/org/apache/poi true} .m2/org/apache/poi/poi:{0 0 .m2/org/apache/poi/poi true} .m2/org/apache/poi/poi-ooxml:{0 0 .m2/org/apache/poi/poi-ooxml true} .m2/org/apache/poi/poi-ooxml-lite:{0 0 .m2/org/apache/poi/poi-ooxml-lite true} .m2/org/apache/poi/poi-ooxml-lite/5.0.0:{0 0 .m2/org/apache/poi/poi-ooxml-lite/5.0.0 true} .m2/org/apache/poi/poi-ooxml-lite/5.0.0/_remote.repositories:{14558446704627271885 208 .m2/org/apache/poi/poi-ooxml-lite/5.0.0/_remote.repositories false} .m2/org/apache/poi/poi-ooxml-lite/5.0.0/poi-ooxml-lite-5.0.0.jar:{4744349240479416906 8137483 .m2/org/apache/poi/poi-ooxml-lite/5.0.0/poi-ooxml-lite-5.0.0.jar false} .m2/org/apache/poi/poi-ooxml-lite/5.0.0/poi-ooxml-lite-5.0.0.jar.sha1:{15636040708319458480 40 .m2/org/apache/poi/poi-ooxml-lite/5.0.0/poi-ooxml-lite-5.0.0.jar.sha1 false} .m2/org/apache/poi/poi-ooxml-lite/5.0.0/poi-ooxml-lite-5.0.0.pom:{8263589602960206656 2696 .m2/org/apache/poi/poi-ooxml-lite/5.0.0/poi-ooxml-lite-5.0.0.pom false} .m2/org/apache/poi/poi-ooxml-lite/5.0.0/poi-ooxml-lite-5.0.0.pom.sha1:{9584222747929638423 40 .m2/org/apache/poi/poi-ooxml-lite/5.0.0/poi-ooxml-lite-5.0.0.pom.sha1 false} .m2/org/apache/poi/poi-ooxml/5.0.0:{0 0 .m2/org/apache/poi/poi-ooxml/5.0.0 true} .m2/org/apache/poi/poi-ooxml/5.0.0/_remote.repositories:{2699425771109708317 198 .m2/org/apache/poi/poi-ooxml/5.0.0/_remote.repositories false} .m2/org/apache/poi/poi-ooxml/5.0.0/poi-ooxml-5.0.0.jar:{10911179268016342796 1880314 .m2/org/apache/poi/poi-ooxml/5.0.0/poi-ooxml-5.0.0.jar false} .m2/org/apache/poi/poi-ooxml/5.0.0/poi-ooxml-5.0.0.jar.sha1:{2153677519080699717 40 .m2/org/apache/poi/poi-ooxml/5.0.0/poi-ooxml-5.0.0.jar.sha1 false} .m2/org/apache/poi/poi-ooxml/5.0.0/poi-ooxml-5.0.0.pom:{3773721794047121 4456 .m2/org/apache/poi/poi-ooxml/5.0.0/poi-ooxml-5.0.0.pom false} .m2/org/apache/poi/poi-ooxml/5.0.0/poi-ooxml-5.0.0.pom.sha1:{3958015910601491090 40 .m2/org/apache/poi/poi-ooxml/5.0.0/poi-ooxml-5.0.0.pom.sha1 false} .m2/org/apache/poi/poi/5.0.0:{0 0 .m2/org/apache/poi/poi/5.0.0 true} .m2/org/apache/poi/poi/5.0.0/_remote.repositories:{5099239970750027619 186 .m2/org/apache/poi/poi/5.0.0/_remote.repositories false} .m2/org/apache/poi/poi/5.0.0/poi-5.0.0.jar:{2619747146751812472 2906684 .m2/org/apache/poi/poi/5.0.0/poi-5.0.0.jar false} .m2/org/apache/poi/poi/5.0.0/poi-5.0.0.jar.sha1:{252557876240767371 40 .m2/org/apache/poi/poi/5.0.0/poi-5.0.0.jar.sha1 false} .m2/org/apache/poi/poi/5.0.0/poi-5.0.0.pom:{8067719607034765499 3426 .m2/org/apache/poi/poi/5.0.0/poi-5.0.0.pom false} .m2/org/apache/poi/poi/5.0.0/poi-5.0.0.pom.sha1:{4358112266041146194 40 .m2/org/apache/poi/poi/5.0.0/poi-5.0.0.pom.sha1 false} .m2/org/apache/xmlbeans:{0 0 .m2/org/apache/xmlbeans true} .m2/org/apache/xmlbeans/xmlbeans:{0 0 .m2/org/apache/xmlbeans/xmlbeans true} .m2/org/apache/xmlbeans/xmlbeans/4.0.0:{0 0 .m2/org/apache/xmlbeans/xmlbeans/4.0.0 true} .m2/org/apache/xmlbeans/xmlbeans/4.0.0/_remote.repositories:{10147195652781140016 196 .m2/org/apache/xmlbeans/xmlbeans/4.0.0/_remote.repositories false} .m2/org/apache/xmlbeans/xmlbeans/4.0.0/xmlbeans-4.0.0.jar:{14968811627311755680 2493024 .m2/org/apache/xmlbeans/xmlbeans/4.0.0/xmlbeans-4.0.0.jar false} .m2/org/apache/xmlbeans/xmlbeans/4.0.0/xmlbeans-4.0.0.jar.sha1:{8309685495897521905 40 .m2/org/apache/xmlbeans/xmlbeans/4.0.0/xmlbeans-4.0.0.jar.sha1 false} .m2/org/apache/xmlbeans/xmlbeans/4.0.0/xmlbeans-4.0.0.pom:{2805726121401596971 3704 .m2/org/apache/xmlbeans/xmlbeans/4.0.0/xmlbeans-4.0.0.pom false} .m2/org/apache/xmlbeans/xmlbeans/4.0.0/xmlbeans-4.0.0.pom.sha1:{5169560667803518771 40 .m2/org/apache/xmlbeans/xmlbeans/4.0.0/xmlbeans-4.0.0.pom.sha1 false} .m2/org/aspectj:{0 0 .m2/org/aspectj true} .m2/org/aspectj/aspectjrt:{0 0 .m2/org/aspectj/aspectjrt true} .m2/org/aspectj/aspectjrt/1.9.5:{0 0 .m2/org/aspectj/aspectjrt/1.9.5 true} .m2/org/aspectj/aspectjrt/1.9.5/_remote.repositories:{9888876856017734793 198 .m2/org/aspectj/aspectjrt/1.9.5/_remote.repositories false} .m2/org/aspectj/aspectjrt/1.9.5/aspectjrt-1.9.5.jar:{9611200115549685961 121745 .m2/org/aspectj/aspectjrt/1.9.5/aspectjrt-1.9.5.jar false} .m2/org/aspectj/aspectjrt/1.9.5/aspectjrt-1.9.5.jar.sha1:{17206125140842650540 40 .m2/org/aspectj/aspectjrt/1.9.5/aspectjrt-1.9.5.jar.sha1 false} .m2/org/aspectj/aspectjrt/1.9.5/aspectjrt-1.9.5.pom:{7269882791092918575 1042 .m2/org/aspectj/aspectjrt/1.9.5/aspectjrt-1.9.5.pom false} .m2/org/aspectj/aspectjrt/1.9.5/aspectjrt-1.9.5.pom.sha1:{11184046895970655516 40 .m2/org/aspectj/aspectjrt/1.9.5/aspectjrt-1.9.5.pom.sha1 false} .m2/org/aspectj/aspectjtools:{0 0 .m2/org/aspectj/aspectjtools true} .m2/org/aspectj/aspectjtools/1.9.5:{0 0 .m2/org/aspectj/aspectjtools/1.9.5 true} .m2/org/aspectj/aspectjtools/1.9.5/_remote.repositories:{12247691916547256847 204 .m2/org/aspectj/aspectjtools/1.9.5/_remote.repositories false} .m2/org/aspectj/aspectjtools/1.9.5/aspectjtools-1.9.5.jar:{18277625918898467495 13912100 .m2/org/aspectj/aspectjtools/1.9.5/aspectjtools-1.9.5.jar false} .m2/org/aspectj/aspectjtools/1.9.5/aspectjtools-1.9.5.jar.sha1:{18081157270609216270 40 .m2/org/aspectj/aspectjtools/1.9.5/aspectjtools-1.9.5.jar.sha1 false} .m2/org/aspectj/aspectjtools/1.9.5/aspectjtools-1.9.5.pom:{4927053400232002754 1021 .m2/org/aspectj/aspectjtools/1.9.5/aspectjtools-1.9.5.pom false} .m2/org/aspectj/aspectjtools/1.9.5/aspectjtools-1.9.5.pom.sha1:{592006275546182403 40 .m2/org/aspectj/aspectjtools/1.9.5/aspectjtools-1.9.5.pom.sha1 false} .m2/org/aspectj/aspectjweaver:{0 0 .m2/org/aspectj/aspectjweaver true} .m2/org/aspectj/aspectjweaver/1.9.5:{0 0 .m2/org/aspectj/aspectjweaver/1.9.5 true} .m2/org/aspectj/aspectjweaver/1.9.5/_remote.repositories:{3439478273069231583 206 .m2/org/aspectj/aspectjweaver/1.9.5/_remote.repositories false} .m2/org/aspectj/aspectjweaver/1.9.5/aspectjweaver-1.9.5.jar:{12180138170039603343 2043388 .m2/org/aspectj/aspectjweaver/1.9.5/aspectjweaver-1.9.5.jar false} .m2/org/aspectj/aspectjweaver/1.9.5/aspectjweaver-1.9.5.jar.sha1:{13675526986982868566 40 .m2/org/aspectj/aspectjweaver/1.9.5/aspectjweaver-1.9.5.jar.sha1 false} .m2/org/aspectj/aspectjweaver/1.9.5/aspectjweaver-1.9.5.pom:{16407819571907549711 1045 .m2/org/aspectj/aspectjweaver/1.9.5/aspectjweaver-1.9.5.pom false} .m2/org/aspectj/aspectjweaver/1.9.5/aspectjweaver-1.9.5.pom.sha1:{4506174081881414917 40 .m2/org/aspectj/aspectjweaver/1.9.5/aspectjweaver-1.9.5.pom.sha1 false} .m2/org/asynchttpclient:{0 0 .m2/org/asynchttpclient true} .m2/org/asynchttpclient/async-http-client:{0 0 .m2/org/asynchttpclient/async-http-client true} .m2/org/asynchttpclient/async-http-client-netty-utils:{0 0 .m2/org/asynchttpclient/async-http-client-netty-utils true} .m2/org/asynchttpclient/async-http-client-netty-utils/2.12.3:{0 0 .m2/org/asynchttpclient/async-http-client-netty-utils/2.12.3 true} .m2/org/asynchttpclient/async-http-client-netty-utils/2.12.3/_remote.repositories:{17340485599541845084 190 .m2/org/asynchttpclient/async-http-client-netty-utils/2.12.3/_remote.repositories false} .m2/org/asynchttpclient/async-http-client-netty-utils/2.12.3/async-http-client-netty-utils-2.12.3.pom:{13971713139893894479 757 .m2/org/asynchttpclient/async-http-client-netty-utils/2.12.3/async-http-client-netty-utils-2.12.3.pom false} .m2/org/asynchttpclient/async-http-client-netty-utils/2.12.3/async-http-client-netty-utils-2.12.3.pom.sha1:{3798064220012368607 40 .m2/org/asynchttpclient/async-http-client-netty-utils/2.12.3/async-http-client-netty-utils-2.12.3.pom.sha1 false} .m2/org/asynchttpclient/async-http-client-project:{0 0 .m2/org/asynchttpclient/async-http-client-project true} .m2/org/asynchttpclient/async-http-client-project/2.12.3:{0 0 .m2/org/asynchttpclient/async-http-client-project/2.12.3 true} .m2/org/asynchttpclient/async-http-client-project/2.12.3/_remote.repositories:{17099544063723875487 186 .m2/org/asynchttpclient/async-http-client-project/2.12.3/_remote.repositories false} .m2/org/asynchttpclient/async-http-client-project/2.12.3/async-http-client-project-2.12.3.pom:{16074633479174968034 16358 .m2/org/asynchttpclient/async-http-client-project/2.12.3/async-http-client-project-2.12.3.pom false} .m2/org/asynchttpclient/async-http-client-project/2.12.3/async-http-client-project-2.12.3.pom.sha1:{10518042083885940343 40 .m2/org/asynchttpclient/async-http-client-project/2.12.3/async-http-client-project-2.12.3.pom.sha1 false} .m2/org/asynchttpclient/async-http-client/2.12.3:{0 0 .m2/org/asynchttpclient/async-http-client/2.12.3 true} .m2/org/asynchttpclient/async-http-client/2.12.3/_remote.repositories:{14971159487327510414 178 .m2/org/asynchttpclient/async-http-client/2.12.3/_remote.repositories false} .m2/org/asynchttpclient/async-http-client/2.12.3/async-http-client-2.12.3.pom:{975205745389582717 2701 .m2/org/asynchttpclient/async-http-client/2.12.3/async-http-client-2.12.3.pom false} .m2/org/asynchttpclient/async-http-client/2.12.3/async-http-client-2.12.3.pom.sha1:{4016939314922446205 40 .m2/org/asynchttpclient/async-http-client/2.12.3/async-http-client-2.12.3.pom.sha1 false} .m2/org/bouncycastle:{0 0 .m2/org/bouncycastle true} .m2/org/bouncycastle/bcpkix-jdk18on:{0 0 .m2/org/bouncycastle/bcpkix-jdk18on true} .m2/org/bouncycastle/bcpkix-jdk18on/1.76:{0 0 .m2/org/bouncycastle/bcpkix-jdk18on/1.76 true} .m2/org/bouncycastle/bcpkix-jdk18on/1.76/_remote.repositories:{5406881233184098223 206 .m2/org/bouncycastle/bcpkix-jdk18on/1.76/_remote.repositories false} .m2/org/bouncycastle/bcpkix-jdk18on/1.76/bcpkix-jdk18on-1.76.jar:{17530464838811616363 1109571 .m2/org/bouncycastle/bcpkix-jdk18on/1.76/bcpkix-jdk18on-1.76.jar false} .m2/org/bouncycastle/bcpkix-jdk18on/1.76/bcpkix-jdk18on-1.76.jar.sha1:{3836593296923660921 40 .m2/org/bouncycastle/bcpkix-jdk18on/1.76/bcpkix-jdk18on-1.76.jar.sha1 false} .m2/org/bouncycastle/bcpkix-jdk18on/1.76/bcpkix-jdk18on-1.76.pom:{4753697154563612823 1641 .m2/org/bouncycastle/bcpkix-jdk18on/1.76/bcpkix-jdk18on-1.76.pom false} .m2/org/bouncycastle/bcpkix-jdk18on/1.76/bcpkix-jdk18on-1.76.pom.sha1:{12224452032833971311 40 .m2/org/bouncycastle/bcpkix-jdk18on/1.76/bcpkix-jdk18on-1.76.pom.sha1 false} .m2/org/bouncycastle/bcprov-jdk18on:{0 0 .m2/org/bouncycastle/bcprov-jdk18on true} .m2/org/bouncycastle/bcprov-jdk18on/1.76:{0 0 .m2/org/bouncycastle/bcprov-jdk18on/1.76 true} .m2/org/bouncycastle/bcprov-jdk18on/1.76/_remote.repositories:{16096002121395675407 206 .m2/org/bouncycastle/bcprov-jdk18on/1.76/_remote.repositories false} .m2/org/bouncycastle/bcprov-jdk18on/1.76/bcprov-jdk18on-1.76.jar:{9911537959994827651 8361943 .m2/org/bouncycastle/bcprov-jdk18on/1.76/bcprov-jdk18on-1.76.jar false} .m2/org/bouncycastle/bcprov-jdk18on/1.76/bcprov-jdk18on-1.76.jar.sha1:{9623097258180535931 40 .m2/org/bouncycastle/bcprov-jdk18on/1.76/bcprov-jdk18on-1.76.jar.sha1 false} .m2/org/bouncycastle/bcprov-jdk18on/1.76/bcprov-jdk18on-1.76.pom:{4461106400452924144 1141 .m2/org/bouncycastle/bcprov-jdk18on/1.76/bcprov-jdk18on-1.76.pom false} .m2/org/bouncycastle/bcprov-jdk18on/1.76/bcprov-jdk18on-1.76.pom.sha1:{8715166448556685128 40 .m2/org/bouncycastle/bcprov-jdk18on/1.76/bcprov-jdk18on-1.76.pom.sha1 false} .m2/org/bouncycastle/bcutil-jdk18on:{0 0 .m2/org/bouncycastle/bcutil-jdk18on true} .m2/org/bouncycastle/bcutil-jdk18on/1.76:{0 0 .m2/org/bouncycastle/bcutil-jdk18on/1.76 true} .m2/org/bouncycastle/bcutil-jdk18on/1.76/_remote.repositories:{11634793978028601613 206 .m2/org/bouncycastle/bcutil-jdk18on/1.76/_remote.repositories false} .m2/org/bouncycastle/bcutil-jdk18on/1.76/bcutil-jdk18on-1.76.jar:{6188654181869905888 676737 .m2/org/bouncycastle/bcutil-jdk18on/1.76/bcutil-jdk18on-1.76.jar false} .m2/org/bouncycastle/bcutil-jdk18on/1.76/bcutil-jdk18on-1.76.jar.sha1:{3697656202201573158 40 .m2/org/bouncycastle/bcutil-jdk18on/1.76/bcutil-jdk18on-1.76.jar.sha1 false} .m2/org/bouncycastle/bcutil-jdk18on/1.76/bcutil-jdk18on-1.76.pom:{14099153853345822604 1320 .m2/org/bouncycastle/bcutil-jdk18on/1.76/bcutil-jdk18on-1.76.pom false} .m2/org/bouncycastle/bcutil-jdk18on/1.76/bcutil-jdk18on-1.76.pom.sha1:{13724940424863224034 40 .m2/org/bouncycastle/bcutil-jdk18on/1.76/bcutil-jdk18on-1.76.pom.sha1 false} .m2/org/brotli:{0 0 .m2/org/brotli true} .m2/org/brotli/dec:{0 0 .m2/org/brotli/dec true} .m2/org/brotli/dec/0.1.2:{0 0 .m2/org/brotli/dec/0.1.2 true} .m2/org/brotli/dec/0.1.2/_remote.repositories:{4052342210750449085 186 .m2/org/brotli/dec/0.1.2/_remote.repositories false} .m2/org/brotli/dec/0.1.2/dec-0.1.2.jar:{5328874913621922745 98115 .m2/org/brotli/dec/0.1.2/dec-0.1.2.jar false} .m2/org/brotli/dec/0.1.2/dec-0.1.2.jar.sha1:{17783500145818953865 40 .m2/org/brotli/dec/0.1.2/dec-0.1.2.jar.sha1 false} .m2/org/brotli/dec/0.1.2/dec-0.1.2.pom:{17401385734557680820 4304 .m2/org/brotli/dec/0.1.2/dec-0.1.2.pom false} .m2/org/brotli/dec/0.1.2/dec-0.1.2.pom.sha1:{12740801851666638454 40 .m2/org/brotli/dec/0.1.2/dec-0.1.2.pom.sha1 false} .m2/org/brotli/parent:{0 0 .m2/org/brotli/parent true} .m2/org/brotli/parent/0.1.2:{0 0 .m2/org/brotli/parent/0.1.2 true} .m2/org/brotli/parent/0.1.2/_remote.repositories:{12766520948690395378 166 .m2/org/brotli/parent/0.1.2/_remote.repositories false} .m2/org/brotli/parent/0.1.2/parent-0.1.2.pom:{14176803702410837055 2975 .m2/org/brotli/parent/0.1.2/parent-0.1.2.pom false} .m2/org/brotli/parent/0.1.2/parent-0.1.2.pom.sha1:{15341098618548963766 40 .m2/org/brotli/parent/0.1.2/parent-0.1.2.pom.sha1 false} .m2/org/checkerframework:{0 0 .m2/org/checkerframework true} .m2/org/checkerframework/checker-qual:{0 0 .m2/org/checkerframework/checker-qual true} .m2/org/checkerframework/checker-qual/3.12.0:{0 0 .m2/org/checkerframework/checker-qual/3.12.0 true} .m2/org/checkerframework/checker-qual/3.12.0/_remote.repositories:{12259945498979128740 173 .m2/org/checkerframework/checker-qual/3.12.0/_remote.repositories false} .m2/org/checkerframework/checker-qual/3.12.0/checker-qual-3.12.0.pom:{7578868905937784690 2092 .m2/org/checkerframework/checker-qual/3.12.0/checker-qual-3.12.0.pom false} .m2/org/checkerframework/checker-qual/3.12.0/checker-qual-3.12.0.pom.sha1:{1329490437328674821 40 .m2/org/checkerframework/checker-qual/3.12.0/checker-qual-3.12.0.pom.sha1 false} .m2/org/checkerframework/checker-qual/3.33.0:{0 0 .m2/org/checkerframework/checker-qual/3.33.0 true} .m2/org/checkerframework/checker-qual/3.33.0/_remote.repositories:{1161407763988457232 206 .m2/org/checkerframework/checker-qual/3.33.0/_remote.repositories false} .m2/org/checkerframework/checker-qual/3.33.0/checker-qual-3.33.0.jar:{3100241448484912462 223979 .m2/org/checkerframework/checker-qual/3.33.0/checker-qual-3.33.0.jar false} .m2/org/checkerframework/checker-qual/3.33.0/checker-qual-3.33.0.jar.sha1:{9531610814352327955 40 .m2/org/checkerframework/checker-qual/3.33.0/checker-qual-3.33.0.jar.sha1 false} .m2/org/checkerframework/checker-qual/3.33.0/checker-qual-3.33.0.pom:{6475546029247639473 2096 .m2/org/checkerframework/checker-qual/3.33.0/checker-qual-3.33.0.pom false} .m2/org/checkerframework/checker-qual/3.33.0/checker-qual-3.33.0.pom.sha1:{14479207450943917741 40 .m2/org/checkerframework/checker-qual/3.33.0/checker-qual-3.33.0.pom.sha1 false} .m2/org/checkerframework/checker-qual/3.8.0:{0 0 .m2/org/checkerframework/checker-qual/3.8.0 true} .m2/org/checkerframework/checker-qual/3.8.0/_remote.repositories:{4852737491075758539 172 .m2/org/checkerframework/checker-qual/3.8.0/_remote.repositories false} .m2/org/checkerframework/checker-qual/3.8.0/checker-qual-3.8.0.pom:{4697521041531832732 2240 .m2/org/checkerframework/checker-qual/3.8.0/checker-qual-3.8.0.pom false} .m2/org/checkerframework/checker-qual/3.8.0/checker-qual-3.8.0.pom.sha1:{8873730942635917560 40 .m2/org/checkerframework/checker-qual/3.8.0/checker-qual-3.8.0.pom.sha1 false} .m2/org/codehaus:{0 0 .m2/org/codehaus true} .m2/org/codehaus/plexus:{0 0 .m2/org/codehaus/plexus true} .m2/org/codehaus/plexus/plexus:{0 0 .m2/org/codehaus/plexus/plexus true} .m2/org/codehaus/plexus/plexus-compiler:{0 0 .m2/org/codehaus/plexus/plexus-compiler true} .m2/org/codehaus/plexus/plexus-compiler-api:{0 0 .m2/org/codehaus/plexus/plexus-compiler-api true} .m2/org/codehaus/plexus/plexus-compiler-api/2.15.0:{0 0 .m2/org/codehaus/plexus/plexus-compiler-api/2.15.0 true} .m2/org/codehaus/plexus/plexus-compiler-api/2.15.0/_remote.repositories:{404315244495069006 220 .m2/org/codehaus/plexus/plexus-compiler-api/2.15.0/_remote.repositories false} .m2/org/codehaus/plexus/plexus-compiler-api/2.15.0/plexus-compiler-api-2.15.0.jar:{11199865425110624802 29072 .m2/org/codehaus/plexus/plexus-compiler-api/2.15.0/plexus-compiler-api-2.15.0.jar false} .m2/org/codehaus/plexus/plexus-compiler-api/2.15.0/plexus-compiler-api-2.15.0.jar.sha1:{6015789319990634151 40 .m2/org/codehaus/plexus/plexus-compiler-api/2.15.0/plexus-compiler-api-2.15.0.jar.sha1 false} .m2/org/codehaus/plexus/plexus-compiler-api/2.15.0/plexus-compiler-api-2.15.0.pom:{13164192523703984847 1362 .m2/org/codehaus/plexus/plexus-compiler-api/2.15.0/plexus-compiler-api-2.15.0.pom false} .m2/org/codehaus/plexus/plexus-compiler-api/2.15.0/plexus-compiler-api-2.15.0.pom.sha1:{14588016812612987121 40 .m2/org/codehaus/plexus/plexus-compiler-api/2.15.0/plexus-compiler-api-2.15.0.pom.sha1 false} .m2/org/codehaus/plexus/plexus-compiler-javac:{0 0 .m2/org/codehaus/plexus/plexus-compiler-javac true} .m2/org/codehaus/plexus/plexus-compiler-javac/2.15.0:{0 0 .m2/org/codehaus/plexus/plexus-compiler-javac/2.15.0 true} .m2/org/codehaus/plexus/plexus-compiler-javac/2.15.0/_remote.repositories:{8175664152363951206 224 .m2/org/codehaus/plexus/plexus-compiler-javac/2.15.0/_remote.repositories false} .m2/org/codehaus/plexus/plexus-compiler-javac/2.15.0/plexus-compiler-javac-2.15.0.jar:{11542509191222915514 25708 .m2/org/codehaus/plexus/plexus-compiler-javac/2.15.0/plexus-compiler-javac-2.15.0.jar false} .m2/org/codehaus/plexus/plexus-compiler-javac/2.15.0/plexus-compiler-javac-2.15.0.jar.sha1:{7657053894129119541 40 .m2/org/codehaus/plexus/plexus-compiler-javac/2.15.0/plexus-compiler-javac-2.15.0.jar.sha1 false} .m2/org/codehaus/plexus/plexus-compiler-javac/2.15.0/plexus-compiler-javac-2.15.0.pom:{18144124284791195613 1291 .m2/org/codehaus/plexus/plexus-compiler-javac/2.15.0/plexus-compiler-javac-2.15.0.pom false} .m2/org/codehaus/plexus/plexus-compiler-javac/2.15.0/plexus-compiler-javac-2.15.0.pom.sha1:{13273595308942966462 40 .m2/org/codehaus/plexus/plexus-compiler-javac/2.15.0/plexus-compiler-javac-2.15.0.pom.sha1 false} .m2/org/codehaus/plexus/plexus-compiler-manager:{0 0 .m2/org/codehaus/plexus/plexus-compiler-manager true} .m2/org/codehaus/plexus/plexus-compiler-manager/2.15.0:{0 0 .m2/org/codehaus/plexus/plexus-compiler-manager/2.15.0 true} .m2/org/codehaus/plexus/plexus-compiler-manager/2.15.0/_remote.repositories:{13682938933235150574 228 .m2/org/codehaus/plexus/plexus-compiler-manager/2.15.0/_remote.repositories false} .m2/org/codehaus/plexus/plexus-compiler-manager/2.15.0/plexus-compiler-manager-2.15.0.jar:{11726404374632661987 5232 .m2/org/codehaus/plexus/plexus-compiler-manager/2.15.0/plexus-compiler-manager-2.15.0.jar false} .m2/org/codehaus/plexus/plexus-compiler-manager/2.15.0/plexus-compiler-manager-2.15.0.jar.sha1:{11875842645934477373 40 .m2/org/codehaus/plexus/plexus-compiler-manager/2.15.0/plexus-compiler-manager-2.15.0.jar.sha1 false} .m2/org/codehaus/plexus/plexus-compiler-manager/2.15.0/plexus-compiler-manager-2.15.0.pom:{7341439433680481254 1348 .m2/org/codehaus/plexus/plexus-compiler-manager/2.15.0/plexus-compiler-manager-2.15.0.pom false} .m2/org/codehaus/plexus/plexus-compiler-manager/2.15.0/plexus-compiler-manager-2.15.0.pom.sha1:{10076888644124241738 40 .m2/org/codehaus/plexus/plexus-compiler-manager/2.15.0/plexus-compiler-manager-2.15.0.pom.sha1 false} .m2/org/codehaus/plexus/plexus-compiler/2.15.0:{0 0 .m2/org/codehaus/plexus/plexus-compiler/2.15.0 true} .m2/org/codehaus/plexus/plexus-compiler/2.15.0/_remote.repositories:{13819970215762037576 176 .m2/org/codehaus/plexus/plexus-compiler/2.15.0/_remote.repositories false} .m2/org/codehaus/plexus/plexus-compiler/2.15.0/plexus-compiler-2.15.0.pom:{9865150597293912508 7600 .m2/org/codehaus/plexus/plexus-compiler/2.15.0/plexus-compiler-2.15.0.pom false} .m2/org/codehaus/plexus/plexus-compiler/2.15.0/plexus-compiler-2.15.0.pom.sha1:{17676268239858260306 40 .m2/org/codehaus/plexus/plexus-compiler/2.15.0/plexus-compiler-2.15.0.pom.sha1 false} .m2/org/codehaus/plexus/plexus-compilers:{0 0 .m2/org/codehaus/plexus/plexus-compilers true} .m2/org/codehaus/plexus/plexus-compilers/2.15.0:{0 0 .m2/org/codehaus/plexus/plexus-compilers/2.15.0 true} .m2/org/codehaus/plexus/plexus-compilers/2.15.0/_remote.repositories:{14708806162331215415 177 .m2/org/codehaus/plexus/plexus-compilers/2.15.0/_remote.repositories false} .m2/org/codehaus/plexus/plexus-compilers/2.15.0/plexus-compilers-2.15.0.pom:{14977899485782084480 1567 .m2/org/codehaus/plexus/plexus-compilers/2.15.0/plexus-compilers-2.15.0.pom false} .m2/org/codehaus/plexus/plexus-compilers/2.15.0/plexus-compilers-2.15.0.pom.sha1:{12160827497023904877 40 .m2/org/codehaus/plexus/plexus-compilers/2.15.0/plexus-compilers-2.15.0.pom.sha1 false} .m2/org/codehaus/plexus/plexus-interpolation:{0 0 .m2/org/codehaus/plexus/plexus-interpolation true} .m2/org/codehaus/plexus/plexus-interpolation/1.26:{0 0 .m2/org/codehaus/plexus/plexus-interpolation/1.26 true} .m2/org/codehaus/plexus/plexus-interpolation/1.26/_remote.repositories:{16194980333425706823 218 .m2/org/codehaus/plexus/plexus-interpolation/1.26/_remote.repositories false} .m2/org/codehaus/plexus/plexus-interpolation/1.26/plexus-interpolation-1.26.jar:{4178630451869996313 85348 .m2/org/codehaus/plexus/plexus-interpolation/1.26/plexus-interpolation-1.26.jar false} .m2/org/codehaus/plexus/plexus-interpolation/1.26/plexus-interpolation-1.26.jar.sha1:{12429244127582382573 40 .m2/org/codehaus/plexus/plexus-interpolation/1.26/plexus-interpolation-1.26.jar.sha1 false} .m2/org/codehaus/plexus/plexus-interpolation/1.26/plexus-interpolation-1.26.pom:{4406625279201873883 2655 .m2/org/codehaus/plexus/plexus-interpolation/1.26/plexus-interpolation-1.26.pom false} .m2/org/codehaus/plexus/plexus-interpolation/1.26/plexus-interpolation-1.26.pom.sha1:{5718260909129755339 40 .m2/org/codehaus/plexus/plexus-interpolation/1.26/plexus-interpolation-1.26.pom.sha1 false} .m2/org/codehaus/plexus/plexus-java:{0 0 .m2/org/codehaus/plexus/plexus-java true} .m2/org/codehaus/plexus/plexus-java/1.2.0:{0 0 .m2/org/codehaus/plexus/plexus-java/1.2.0 true} .m2/org/codehaus/plexus/plexus-java/1.2.0/_remote.repositories:{9467866655171646337 202 .m2/org/codehaus/plexus/plexus-java/1.2.0/_remote.repositories false} .m2/org/codehaus/plexus/plexus-java/1.2.0/plexus-java-1.2.0.jar:{12051351089260848600 57542 .m2/org/codehaus/plexus/plexus-java/1.2.0/plexus-java-1.2.0.jar false} .m2/org/codehaus/plexus/plexus-java/1.2.0/plexus-java-1.2.0.jar.sha1:{1665846729300780882 40 .m2/org/codehaus/plexus/plexus-java/1.2.0/plexus-java-1.2.0.jar.sha1 false} .m2/org/codehaus/plexus/plexus-java/1.2.0/plexus-java-1.2.0.pom:{16063955808686471651 4273 .m2/org/codehaus/plexus/plexus-java/1.2.0/plexus-java-1.2.0.pom false} .m2/org/codehaus/plexus/plexus-java/1.2.0/plexus-java-1.2.0.pom.sha1:{16241831566229785969 40 .m2/org/codehaus/plexus/plexus-java/1.2.0/plexus-java-1.2.0.pom.sha1 false} .m2/org/codehaus/plexus/plexus-languages:{0 0 .m2/org/codehaus/plexus/plexus-languages true} .m2/org/codehaus/plexus/plexus-languages/1.2.0:{0 0 .m2/org/codehaus/plexus/plexus-languages/1.2.0 true} .m2/org/codehaus/plexus/plexus-languages/1.2.0/_remote.repositories:{7686887437447477492 176 .m2/org/codehaus/plexus/plexus-languages/1.2.0/_remote.repositories false} .m2/org/codehaus/plexus/plexus-languages/1.2.0/plexus-languages-1.2.0.pom:{5586077935947321161 3193 .m2/org/codehaus/plexus/plexus-languages/1.2.0/plexus-languages-1.2.0.pom false} .m2/org/codehaus/plexus/plexus-languages/1.2.0/plexus-languages-1.2.0.pom.sha1:{11044473130597368041 40 .m2/org/codehaus/plexus/plexus-languages/1.2.0/plexus-languages-1.2.0.pom.sha1 false} .m2/org/codehaus/plexus/plexus-utils:{0 0 .m2/org/codehaus/plexus/plexus-utils true} .m2/org/codehaus/plexus/plexus-utils/3.5.0:{0 0 .m2/org/codehaus/plexus/plexus-utils/3.5.0 true} .m2/org/codehaus/plexus/plexus-utils/3.5.0/_remote.repositories:{10323832329137453470 172 .m2/org/codehaus/plexus/plexus-utils/3.5.0/_remote.repositories false} .m2/org/codehaus/plexus/plexus-utils/3.5.0/plexus-utils-3.5.0.pom:{2969367191095460872 8012 .m2/org/codehaus/plexus/plexus-utils/3.5.0/plexus-utils-3.5.0.pom false} .m2/org/codehaus/plexus/plexus-utils/3.5.0/plexus-utils-3.5.0.pom.sha1:{8210934558534884945 40 .m2/org/codehaus/plexus/plexus-utils/3.5.0/plexus-utils-3.5.0.pom.sha1 false} .m2/org/codehaus/plexus/plexus-utils/3.5.1:{0 0 .m2/org/codehaus/plexus/plexus-utils/3.5.1 true} .m2/org/codehaus/plexus/plexus-utils/3.5.1/_remote.repositories:{934637936355492232 204 .m2/org/codehaus/plexus/plexus-utils/3.5.1/_remote.repositories false} .m2/org/codehaus/plexus/plexus-utils/3.5.1/plexus-utils-3.5.1.jar:{5825423407302301303 269335 .m2/org/codehaus/plexus/plexus-utils/3.5.1/plexus-utils-3.5.1.jar false} .m2/org/codehaus/plexus/plexus-utils/3.5.1/plexus-utils-3.5.1.jar.sha1:{13977380857841812160 40 .m2/org/codehaus/plexus/plexus-utils/3.5.1/plexus-utils-3.5.1.jar.sha1 false} .m2/org/codehaus/plexus/plexus-utils/3.5.1/plexus-utils-3.5.1.pom:{14461832827772451071 8768 .m2/org/codehaus/plexus/plexus-utils/3.5.1/plexus-utils-3.5.1.pom false} .m2/org/codehaus/plexus/plexus-utils/3.5.1/plexus-utils-3.5.1.pom.sha1:{831708137406251830 40 .m2/org/codehaus/plexus/plexus-utils/3.5.1/plexus-utils-3.5.1.pom.sha1 false} .m2/org/codehaus/plexus/plexus-utils/4.0.0:{0 0 .m2/org/codehaus/plexus/plexus-utils/4.0.0 true} .m2/org/codehaus/plexus/plexus-utils/4.0.0/_remote.repositories:{8732019105675262145 204 .m2/org/codehaus/plexus/plexus-utils/4.0.0/_remote.repositories false} .m2/org/codehaus/plexus/plexus-utils/4.0.0/plexus-utils-4.0.0.jar:{11825653265754221820 192368 .m2/org/codehaus/plexus/plexus-utils/4.0.0/plexus-utils-4.0.0.jar false} .m2/org/codehaus/plexus/plexus-utils/4.0.0/plexus-utils-4.0.0.jar.sha1:{16089936206693925043 40 .m2/org/codehaus/plexus/plexus-utils/4.0.0/plexus-utils-4.0.0.jar.sha1 false} .m2/org/codehaus/plexus/plexus-utils/4.0.0/plexus-utils-4.0.0.pom:{63032714661402466 8656 .m2/org/codehaus/plexus/plexus-utils/4.0.0/plexus-utils-4.0.0.pom false} .m2/org/codehaus/plexus/plexus-utils/4.0.0/plexus-utils-4.0.0.pom.sha1:{12839640967564020909 40 .m2/org/codehaus/plexus/plexus-utils/4.0.0/plexus-utils-4.0.0.pom.sha1 false} .m2/org/codehaus/plexus/plexus-xml:{0 0 .m2/org/codehaus/plexus/plexus-xml true} .m2/org/codehaus/plexus/plexus-xml/3.0.0:{0 0 .m2/org/codehaus/plexus/plexus-xml/3.0.0 true} .m2/org/codehaus/plexus/plexus-xml/3.0.0/_remote.repositories:{10207357115803441614 200 .m2/org/codehaus/plexus/plexus-xml/3.0.0/_remote.repositories false} .m2/org/codehaus/plexus/plexus-xml/3.0.0/plexus-xml-3.0.0.jar:{15451762642282974879 93014 .m2/org/codehaus/plexus/plexus-xml/3.0.0/plexus-xml-3.0.0.jar false} .m2/org/codehaus/plexus/plexus-xml/3.0.0/plexus-xml-3.0.0.jar.sha1:{16168977068697217848 40 .m2/org/codehaus/plexus/plexus-xml/3.0.0/plexus-xml-3.0.0.jar.sha1 false} .m2/org/codehaus/plexus/plexus-xml/3.0.0/plexus-xml-3.0.0.pom:{16965902016151407402 3738 .m2/org/codehaus/plexus/plexus-xml/3.0.0/plexus-xml-3.0.0.pom false} .m2/org/codehaus/plexus/plexus-xml/3.0.0/plexus-xml-3.0.0.pom.sha1:{17182182071974595002 40 .m2/org/codehaus/plexus/plexus-xml/3.0.0/plexus-xml-3.0.0.pom.sha1 false} .m2/org/codehaus/plexus/plexus/10:{0 0 .m2/org/codehaus/plexus/plexus/10 true} .m2/org/codehaus/plexus/plexus/10/_remote.repositories:{10296172698544715290 163 .m2/org/codehaus/plexus/plexus/10/_remote.repositories false} .m2/org/codehaus/plexus/plexus/10/plexus-10.pom:{12471724880070236315 25398 .m2/org/codehaus/plexus/plexus/10/plexus-10.pom false} .m2/org/codehaus/plexus/plexus/10/plexus-10.pom.sha1:{7935028175674296088 40 .m2/org/codehaus/plexus/plexus/10/plexus-10.pom.sha1 false} .m2/org/codehaus/plexus/plexus/13:{0 0 .m2/org/codehaus/plexus/plexus/13 true} .m2/org/codehaus/plexus/plexus/13/_remote.repositories:{4056164492062121524 163 .m2/org/codehaus/plexus/plexus/13/_remote.repositories false} .m2/org/codehaus/plexus/plexus/13/plexus-13.pom:{14679684771737172819 27377 .m2/org/codehaus/plexus/plexus/13/plexus-13.pom false} .m2/org/codehaus/plexus/plexus/13/plexus-13.pom.sha1:{10768117414605498342 40 .m2/org/codehaus/plexus/plexus/13/plexus-13.pom.sha1 false} .m2/org/codehaus/plexus/plexus/15:{0 0 .m2/org/codehaus/plexus/plexus/15 true} .m2/org/codehaus/plexus/plexus/15/_remote.repositories:{4280165437318160957 163 .m2/org/codehaus/plexus/plexus/15/_remote.repositories false} .m2/org/codehaus/plexus/plexus/15/plexus-15.pom:{4166260228567693175 27795 .m2/org/codehaus/plexus/plexus/15/plexus-15.pom false} .m2/org/codehaus/plexus/plexus/15/plexus-15.pom.sha1:{6710997359230075123 40 .m2/org/codehaus/plexus/plexus/15/plexus-15.pom.sha1 false} .m2/org/codehaus/plexus/plexus/17:{0 0 .m2/org/codehaus/plexus/plexus/17 true} .m2/org/codehaus/plexus/plexus/17/_remote.repositories:{14847158427057361730 163 .m2/org/codehaus/plexus/plexus/17/_remote.repositories false} .m2/org/codehaus/plexus/plexus/17/plexus-17.pom:{8321460977030435425 28184 .m2/org/codehaus/plexus/plexus/17/plexus-17.pom false} .m2/org/codehaus/plexus/plexus/17/plexus-17.pom.sha1:{8186139419510231589 40 .m2/org/codehaus/plexus/plexus/17/plexus-17.pom.sha1 false} .m2/org/codehaus/plexus/plexus/5.1:{0 0 .m2/org/codehaus/plexus/plexus/5.1 true} .m2/org/codehaus/plexus/plexus/5.1/_remote.repositories:{13579331189380474101 164 .m2/org/codehaus/plexus/plexus/5.1/_remote.repositories false} .m2/org/codehaus/plexus/plexus/5.1/plexus-5.1.pom:{16256882861493058446 22504 .m2/org/codehaus/plexus/plexus/5.1/plexus-5.1.pom false} .m2/org/codehaus/plexus/plexus/5.1/plexus-5.1.pom.sha1:{17325473574001297141 40 .m2/org/codehaus/plexus/plexus/5.1/plexus-5.1.pom.sha1 false} .m2/org/eclipse:{0 0 .m2/org/eclipse true} .m2/org/eclipse/ee4j:{0 0 .m2/org/eclipse/ee4j true} .m2/org/eclipse/ee4j/project:{0 0 .m2/org/eclipse/ee4j/project true} .m2/org/eclipse/ee4j/project/1.0.6:{0 0 .m2/org/eclipse/ee4j/project/1.0.6 true} .m2/org/eclipse/ee4j/project/1.0.6/_remote.repositories:{4181673536367723781 167 .m2/org/eclipse/ee4j/project/1.0.6/_remote.repositories false} .m2/org/eclipse/ee4j/project/1.0.6/project-1.0.6.pom:{654920202023887015 13331 .m2/org/eclipse/ee4j/project/1.0.6/project-1.0.6.pom false} .m2/org/eclipse/ee4j/project/1.0.6/project-1.0.6.pom.sha1:{18172887221144800709 40 .m2/org/eclipse/ee4j/project/1.0.6/project-1.0.6.pom.sha1 false} .m2/org/freemarker:{0 0 .m2/org/freemarker true} .m2/org/freemarker/freemarker:{0 0 .m2/org/freemarker/freemarker true} .m2/org/freemarker/freemarker/2.3.30:{0 0 .m2/org/freemarker/freemarker/2.3.30 true} .m2/org/freemarker/freemarker/2.3.30/_remote.repositories:{4820795498409327888 202 .m2/org/freemarker/freemarker/2.3.30/_remote.repositories false} .m2/org/freemarker/freemarker/2.3.30/freemarker-2.3.30.jar:{6631112262030665838 1702975 .m2/org/freemarker/freemarker/2.3.30/freemarker-2.3.30.jar false} .m2/org/freemarker/freemarker/2.3.30/freemarker-2.3.30.jar.sha1:{16764816960899812609 40 .m2/org/freemarker/freemarker/2.3.30/freemarker-2.3.30.jar.sha1 false} .m2/org/freemarker/freemarker/2.3.30/freemarker-2.3.30.pom:{262869069395800892 3363 .m2/org/freemarker/freemarker/2.3.30/freemarker-2.3.30.pom false} .m2/org/freemarker/freemarker/2.3.30/freemarker-2.3.30.pom.sha1:{113807905325600595 40 .m2/org/freemarker/freemarker/2.3.30/freemarker-2.3.30.pom.sha1 false} .m2/org/hamcrest:{0 0 .m2/org/hamcrest true} .m2/org/hamcrest/hamcrest-core:{0 0 .m2/org/hamcrest/hamcrest-core true} .m2/org/hamcrest/hamcrest-core/1.3:{0 0 .m2/org/hamcrest/hamcrest-core/1.3 true} .m2/org/hamcrest/hamcrest-core/1.3/_remote.repositories:{17043296815266659530 202 .m2/org/hamcrest/hamcrest-core/1.3/_remote.repositories false} .m2/org/hamcrest/hamcrest-core/1.3/hamcrest-core-1.3.jar:{16823062473872060474 45024 .m2/org/hamcrest/hamcrest-core/1.3/hamcrest-core-1.3.jar false} .m2/org/hamcrest/hamcrest-core/1.3/hamcrest-core-1.3.jar.sha1:{5157530083518416504 40 .m2/org/hamcrest/hamcrest-core/1.3/hamcrest-core-1.3.jar.sha1 false} .m2/org/hamcrest/hamcrest-core/1.3/hamcrest-core-1.3.pom:{7406557701427517005 766 .m2/org/hamcrest/hamcrest-core/1.3/hamcrest-core-1.3.pom false} .m2/org/hamcrest/hamcrest-core/1.3/hamcrest-core-1.3.pom.sha1:{14837450775136851116 40 .m2/org/hamcrest/hamcrest-core/1.3/hamcrest-core-1.3.pom.sha1 false} .m2/org/hamcrest/hamcrest-library:{0 0 .m2/org/hamcrest/hamcrest-library true} .m2/org/hamcrest/hamcrest-library/1.3:{0 0 .m2/org/hamcrest/hamcrest-library/1.3 true} .m2/org/hamcrest/hamcrest-library/1.3/_remote.repositories:{5953498731850529160 208 .m2/org/hamcrest/hamcrest-library/1.3/_remote.repositories false} .m2/org/hamcrest/hamcrest-library/1.3/hamcrest-library-1.3.jar:{9648641767114628468 53070 .m2/org/hamcrest/hamcrest-library/1.3/hamcrest-library-1.3.jar false} .m2/org/hamcrest/hamcrest-library/1.3/hamcrest-library-1.3.jar.sha1:{4314823081566261206 40 .m2/org/hamcrest/hamcrest-library/1.3/hamcrest-library-1.3.jar.sha1 false} .m2/org/hamcrest/hamcrest-library/1.3/hamcrest-library-1.3.pom:{7117465938891223540 820 .m2/org/hamcrest/hamcrest-library/1.3/hamcrest-library-1.3.pom false} .m2/org/hamcrest/hamcrest-library/1.3/hamcrest-library-1.3.pom.sha1:{13928875073845129465 40 .m2/org/hamcrest/hamcrest-library/1.3/hamcrest-library-1.3.pom.sha1 false} .m2/org/hamcrest/hamcrest-parent:{0 0 .m2/org/hamcrest/hamcrest-parent true} .m2/org/hamcrest/hamcrest-parent/1.3:{0 0 .m2/org/hamcrest/hamcrest-parent/1.3 true} .m2/org/hamcrest/hamcrest-parent/1.3/_remote.repositories:{5249130721091284566 173 .m2/org/hamcrest/hamcrest-parent/1.3/_remote.repositories false} .m2/org/hamcrest/hamcrest-parent/1.3/hamcrest-parent-1.3.pom:{8482231374879844563 1972 .m2/org/hamcrest/hamcrest-parent/1.3/hamcrest-parent-1.3.pom false} .m2/org/hamcrest/hamcrest-parent/1.3/hamcrest-parent-1.3.pom.sha1:{15096887624962986591 40 .m2/org/hamcrest/hamcrest-parent/1.3/hamcrest-parent-1.3.pom.sha1 false} .m2/org/json:{0 0 .m2/org/json true} .m2/org/json/json:{0 0 .m2/org/json/json true} .m2/org/json/json/20231013:{0 0 .m2/org/json/json/20231013 true} .m2/org/json/json/20231013/_remote.repositories:{4513780869718556466 194 .m2/org/json/json/20231013/_remote.repositories false} .m2/org/json/json/20231013/json-20231013.jar:{9100749956694086064 74702 .m2/org/json/json/20231013/json-20231013.jar false} .m2/org/json/json/20231013/json-20231013.jar.sha1:{16595099834766759783 40 .m2/org/json/json/20231013/json-20231013.jar.sha1 false} .m2/org/json/json/20231013/json-20231013.pom:{12758248712207956065 6574 .m2/org/json/json/20231013/json-20231013.pom false} .m2/org/json/json/20231013/json-20231013.pom.sha1:{15904510282386278054 40 .m2/org/json/json/20231013/json-20231013.pom.sha1 false} .m2/org/jspecify:{0 0 .m2/org/jspecify true} .m2/org/jspecify/jspecify:{0 0 .m2/org/jspecify/jspecify true} .m2/org/jspecify/jspecify/1.0.0:{0 0 .m2/org/jspecify/jspecify/1.0.0 true} .m2/org/jspecify/jspecify/1.0.0/_remote.repositories:{2646305570687508986 196 .m2/org/jspecify/jspecify/1.0.0/_remote.repositories false} .m2/org/jspecify/jspecify/1.0.0/jspecify-1.0.0.jar:{13267957475218400354 3819 .m2/org/jspecify/jspecify/1.0.0/jspecify-1.0.0.jar false} .m2/org/jspecify/jspecify/1.0.0/jspecify-1.0.0.jar.sha1:{12702336251277525782 40 .m2/org/jspecify/jspecify/1.0.0/jspecify-1.0.0.jar.sha1 false} .m2/org/jspecify/jspecify/1.0.0/jspecify-1.0.0.pom:{14135600475477066155 1511 .m2/org/jspecify/jspecify/1.0.0/jspecify-1.0.0.pom false} .m2/org/jspecify/jspecify/1.0.0/jspecify-1.0.0.pom.sha1:{14190663666802326345 40 .m2/org/jspecify/jspecify/1.0.0/jspecify-1.0.0.pom.sha1 false} .m2/org/junit:{0 0 .m2/org/junit true} .m2/org/junit/junit-bom:{0 0 .m2/org/junit/junit-bom true} .m2/org/junit/junit-bom/5.10.0:{0 0 .m2/org/junit/junit-bom/5.10.0 true} .m2/org/junit/junit-bom/5.10.0/_remote.repositories:{574811184178739658 170 .m2/org/junit/junit-bom/5.10.0/_remote.repositories false} .m2/org/junit/junit-bom/5.10.0/junit-bom-5.10.0.pom:{8025508134266660036 5649 .m2/org/junit/junit-bom/5.10.0/junit-bom-5.10.0.pom false} .m2/org/junit/junit-bom/5.10.0/junit-bom-5.10.0.pom.sha1:{6887969766809519334 40 .m2/org/junit/junit-bom/5.10.0/junit-bom-5.10.0.pom.sha1 false} .m2/org/junit/junit-bom/5.10.1:{0 0 .m2/org/junit/junit-bom/5.10.1 true} .m2/org/junit/junit-bom/5.10.1/_remote.repositories:{1773419253515239286 170 .m2/org/junit/junit-bom/5.10.1/_remote.repositories false} .m2/org/junit/junit-bom/5.10.1/junit-bom-5.10.1.pom:{4168075540232799546 5649 .m2/org/junit/junit-bom/5.10.1/junit-bom-5.10.1.pom false} .m2/org/junit/junit-bom/5.10.1/junit-bom-5.10.1.pom.sha1:{963337074936635805 40 .m2/org/junit/junit-bom/5.10.1/junit-bom-5.10.1.pom.sha1 false} .m2/org/junit/junit-bom/5.10.2:{0 0 .m2/org/junit/junit-bom/5.10.2 true} .m2/org/junit/junit-bom/5.10.2/_remote.repositories:{8485464094849142786 170 .m2/org/junit/junit-bom/5.10.2/_remote.repositories false} .m2/org/junit/junit-bom/5.10.2/junit-bom-5.10.2.pom:{6399136792392176699 5649 .m2/org/junit/junit-bom/5.10.2/junit-bom-5.10.2.pom false} .m2/org/junit/junit-bom/5.10.2/junit-bom-5.10.2.pom.sha1:{2669092009311422049 40 .m2/org/junit/junit-bom/5.10.2/junit-bom-5.10.2.pom.sha1 false} .m2/org/junit/junit-bom/5.7.1:{0 0 .m2/org/junit/junit-bom/5.7.1 true} .m2/org/junit/junit-bom/5.7.1/_remote.repositories:{8424368114019781263 169 .m2/org/junit/junit-bom/5.7.1/_remote.repositories false} .m2/org/junit/junit-bom/5.7.1/junit-bom-5.7.1.pom:{3381696991139345355 5098 .m2/org/junit/junit-bom/5.7.1/junit-bom-5.7.1.pom false} .m2/org/junit/junit-bom/5.7.1/junit-bom-5.7.1.pom.sha1:{9219188907847173855 40 .m2/org/junit/junit-bom/5.7.1/junit-bom-5.7.1.pom.sha1 false} .m2/org/junit/junit-bom/5.7.2:{0 0 .m2/org/junit/junit-bom/5.7.2 true} .m2/org/junit/junit-bom/5.7.2/_remote.repositories:{16154171291961368160 169 .m2/org/junit/junit-bom/5.7.2/_remote.repositories false} .m2/org/junit/junit-bom/5.7.2/junit-bom-5.7.2.pom:{12265953675359350202 5098 .m2/org/junit/junit-bom/5.7.2/junit-bom-5.7.2.pom false} .m2/org/junit/junit-bom/5.7.2/junit-bom-5.7.2.pom.sha1:{10621145043202227381 40 .m2/org/junit/junit-bom/5.7.2/junit-bom-5.7.2.pom.sha1 false} .m2/org/junit/junit-bom/5.9.1:{0 0 .m2/org/junit/junit-bom/5.9.1 true} .m2/org/junit/junit-bom/5.9.1/_remote.repositories:{13347887535803492797 169 .m2/org/junit/junit-bom/5.9.1/_remote.repositories false} .m2/org/junit/junit-bom/5.9.1/junit-bom-5.9.1.pom:{16386705735724794824 5630 .m2/org/junit/junit-bom/5.9.1/junit-bom-5.9.1.pom false} .m2/org/junit/junit-bom/5.9.1/junit-bom-5.9.1.pom.sha1:{14799927266084609524 40 .m2/org/junit/junit-bom/5.9.1/junit-bom-5.9.1.pom.sha1 false} .m2/org/junit/junit-bom/5.9.3:{0 0 .m2/org/junit/junit-bom/5.9.3 true} .m2/org/junit/junit-bom/5.9.3/_remote.repositories:{11916574052303854603 169 .m2/org/junit/junit-bom/5.9.3/_remote.repositories false} .m2/org/junit/junit-bom/5.9.3/junit-bom-5.9.3.pom:{4456887905666594167 5630 .m2/org/junit/junit-bom/5.9.3/junit-bom-5.9.3.pom false} .m2/org/junit/junit-bom/5.9.3/junit-bom-5.9.3.pom.sha1:{5986535450793417 40 .m2/org/junit/junit-bom/5.9.3/junit-bom-5.9.3.pom.sha1 false} .m2/org/jvnet:{0 0 .m2/org/jvnet true} .m2/org/jvnet/mimepull:{0 0 .m2/org/jvnet/mimepull true} .m2/org/jvnet/mimepull/mimepull:{0 0 .m2/org/jvnet/mimepull/mimepull true} .m2/org/jvnet/mimepull/mimepull/1.9.3:{0 0 .m2/org/jvnet/mimepull/mimepull/1.9.3 true} .m2/org/jvnet/mimepull/mimepull/1.9.3/_remote.repositories:{13529892207293091392 196 .m2/org/jvnet/mimepull/mimepull/1.9.3/_remote.repositories false} .m2/org/jvnet/mimepull/mimepull/1.9.3/mimepull-1.9.3.jar:{17417198906863869767 62135 .m2/org/jvnet/mimepull/mimepull/1.9.3/mimepull-1.9.3.jar false} .m2/org/jvnet/mimepull/mimepull/1.9.3/mimepull-1.9.3.jar.sha1:{14817216757713616364 40 .m2/org/jvnet/mimepull/mimepull/1.9.3/mimepull-1.9.3.jar.sha1 false} .m2/org/jvnet/mimepull/mimepull/1.9.3/mimepull-1.9.3.pom:{18192362878817854956 12805 .m2/org/jvnet/mimepull/mimepull/1.9.3/mimepull-1.9.3.pom false} .m2/org/jvnet/mimepull/mimepull/1.9.3/mimepull-1.9.3.pom.sha1:{7216484626835596051 40 .m2/org/jvnet/mimepull/mimepull/1.9.3/mimepull-1.9.3.pom.sha1 false} .m2/org/ow2:{0 0 .m2/org/ow2 true} .m2/org/ow2/asm:{0 0 .m2/org/ow2/asm true} .m2/org/ow2/asm/asm:{0 0 .m2/org/ow2/asm/asm true} .m2/org/ow2/asm/asm/9.6:{0 0 .m2/org/ow2/asm/asm/9.6 true} .m2/org/ow2/asm/asm/9.6/_remote.repositories:{9711266507622188762 182 .m2/org/ow2/asm/asm/9.6/_remote.repositories false} .m2/org/ow2/asm/asm/9.6/asm-9.6.jar:{17680368525162327058 123598 .m2/org/ow2/asm/asm/9.6/asm-9.6.jar false} .m2/org/ow2/asm/asm/9.6/asm-9.6.jar.sha1:{11756785751633090722 40 .m2/org/ow2/asm/asm/9.6/asm-9.6.jar.sha1 false} .m2/org/ow2/asm/asm/9.6/asm-9.6.pom:{17651166387770649653 2370 .m2/org/ow2/asm/asm/9.6/asm-9.6.pom false} .m2/org/ow2/asm/asm/9.6/asm-9.6.pom.sha1:{14499739417851140867 40 .m2/org/ow2/asm/asm/9.6/asm-9.6.pom.sha1 false} .m2/org/ow2/ow2:{0 0 .m2/org/ow2/ow2 true} .m2/org/ow2/ow2/1.5.1:{0 0 .m2/org/ow2/ow2/1.5.1 true} .m2/org/ow2/ow2/1.5.1/_remote.repositories:{12192321571474519399 163 .m2/org/ow2/ow2/1.5.1/_remote.repositories false} .m2/org/ow2/ow2/1.5.1/ow2-1.5.1.pom:{4038007627050001382 11290 .m2/org/ow2/ow2/1.5.1/ow2-1.5.1.pom false} .m2/org/ow2/ow2/1.5.1/ow2-1.5.1.pom.sha1:{6074833317110948724 40 .m2/org/ow2/ow2/1.5.1/ow2-1.5.1.pom.sha1 false} .m2/org/projectlombok:{0 0 .m2/org/projectlombok true} .m2/org/projectlombok/lombok:{0 0 .m2/org/projectlombok/lombok true} .m2/org/projectlombok/lombok/1.18.12:{0 0 .m2/org/projectlombok/lombok/1.18.12 true} .m2/org/projectlombok/lombok/1.18.12/_remote.repositories:{15165843406278775828 196 .m2/org/projectlombok/lombok/1.18.12/_remote.repositories false} .m2/org/projectlombok/lombok/1.18.12/lombok-1.18.12.jar:{17420094334479948436 1794582 .m2/org/projectlombok/lombok/1.18.12/lombok-1.18.12.jar false} .m2/org/projectlombok/lombok/1.18.12/lombok-1.18.12.jar.sha1:{11636197976326278248 40 .m2/org/projectlombok/lombok/1.18.12/lombok-1.18.12.jar.sha1 false} .m2/org/projectlombok/lombok/1.18.12/lombok-1.18.12.pom:{16330089424252475644 1481 .m2/org/projectlombok/lombok/1.18.12/lombok-1.18.12.pom false} .m2/org/projectlombok/lombok/1.18.12/lombok-1.18.12.pom.sha1:{3215262668701184527 40 .m2/org/projectlombok/lombok/1.18.12/lombok-1.18.12.pom.sha1 false} .m2/org/reactivestreams:{0 0 .m2/org/reactivestreams true} .m2/org/reactivestreams/reactive-streams:{0 0 .m2/org/reactivestreams/reactive-streams true} .m2/org/reactivestreams/reactive-streams/1.0.3:{0 0 .m2/org/reactivestreams/reactive-streams/1.0.3 true} .m2/org/reactivestreams/reactive-streams/1.0.3/_remote.repositories:{13898145261594827800 212 .m2/org/reactivestreams/reactive-streams/1.0.3/_remote.repositories false} .m2/org/reactivestreams/reactive-streams/1.0.3/reactive-streams-1.0.3.jar:{8060499298857187285 11369 .m2/org/reactivestreams/reactive-streams/1.0.3/reactive-streams-1.0.3.jar false} .m2/org/reactivestreams/reactive-streams/1.0.3/reactive-streams-1.0.3.jar.sha1:{3409758681672289814 40 .m2/org/reactivestreams/reactive-streams/1.0.3/reactive-streams-1.0.3.jar.sha1 false} .m2/org/reactivestreams/reactive-streams/1.0.3/reactive-streams-1.0.3.pom:{808527857546707147 1159 .m2/org/reactivestreams/reactive-streams/1.0.3/reactive-streams-1.0.3.pom false} .m2/org/reactivestreams/reactive-streams/1.0.3/reactive-streams-1.0.3.pom.sha1:{7855505266219909189 40 .m2/org/reactivestreams/reactive-streams/1.0.3/reactive-streams-1.0.3.pom.sha1 false} .m2/org/seleniumhq:{0 0 .m2/org/seleniumhq true} .m2/org/seleniumhq/selenium:{0 0 .m2/org/seleniumhq/selenium true} .m2/org/seleniumhq/selenium/selenium-api:{0 0 .m2/org/seleniumhq/selenium/selenium-api true} .m2/org/seleniumhq/selenium/selenium-api/4.0.0:{0 0 .m2/org/seleniumhq/selenium/selenium-api/4.0.0 true} .m2/org/seleniumhq/selenium/selenium-api/4.0.0/_remote.repositories:{8188865297308019653 172 .m2/org/seleniumhq/selenium/selenium-api/4.0.0/_remote.repositories false} .m2/org/seleniumhq/selenium/selenium-api/4.0.0/selenium-api-4.0.0.pom:{1253370867902573469 2078 .m2/org/seleniumhq/selenium/selenium-api/4.0.0/selenium-api-4.0.0.pom false} .m2/org/seleniumhq/selenium/selenium-api/4.0.0/selenium-api-4.0.0.pom.sha1:{12997862298635741031 40 .m2/org/seleniumhq/selenium/selenium-api/4.0.0/selenium-api-4.0.0.pom.sha1 false} .m2/org/seleniumhq/selenium/selenium-api/4.30.0:{0 0 .m2/org/seleniumhq/selenium/selenium-api/4.30.0 true} .m2/org/seleniumhq/selenium/selenium-api/4.30.0/_remote.repositories:{9379877956919816774 206 .m2/org/seleniumhq/selenium/selenium-api/4.30.0/_remote.repositories false} .m2/org/seleniumhq/selenium/selenium-api/4.30.0/selenium-api-4.30.0.jar:{10253803110266661209 237929 .m2/org/seleniumhq/selenium/selenium-api/4.30.0/selenium-api-4.30.0.jar false} .m2/org/seleniumhq/selenium/selenium-api/4.30.0/selenium-api-4.30.0.jar.sha1:{4117774852392055192 40 .m2/org/seleniumhq/selenium/selenium-api/4.30.0/selenium-api-4.30.0.jar.sha1 false} .m2/org/seleniumhq/selenium/selenium-api/4.30.0/selenium-api-4.30.0.pom:{8203439699018706457 2248 .m2/org/seleniumhq/selenium/selenium-api/4.30.0/selenium-api-4.30.0.pom false} .m2/org/seleniumhq/selenium/selenium-api/4.30.0/selenium-api-4.30.0.pom.sha1:{13309531711066667546 40 .m2/org/seleniumhq/selenium/selenium-api/4.30.0/selenium-api-4.30.0.pom.sha1 false} .m2/org/seleniumhq/selenium/selenium-chrome-driver:{0 0 .m2/org/seleniumhq/selenium/selenium-chrome-driver true} .m2/org/seleniumhq/selenium/selenium-chrome-driver/4.0.0:{0 0 .m2/org/seleniumhq/selenium/selenium-chrome-driver/4.0.0 true} .m2/org/seleniumhq/selenium/selenium-chrome-driver/4.0.0/_remote.repositories:{12753232942479093915 182 .m2/org/seleniumhq/selenium/selenium-chrome-driver/4.0.0/_remote.repositories false} .m2/org/seleniumhq/selenium/selenium-chrome-driver/4.0.0/selenium-chrome-driver-4.0.0.pom:{17575752523248570262 3414 .m2/org/seleniumhq/selenium/selenium-chrome-driver/4.0.0/selenium-chrome-driver-4.0.0.pom false} .m2/org/seleniumhq/selenium/selenium-chrome-driver/4.0.0/selenium-chrome-driver-4.0.0.pom.sha1:{1776439266382379536 40 .m2/org/seleniumhq/selenium/selenium-chrome-driver/4.0.0/selenium-chrome-driver-4.0.0.pom.sha1 false} .m2/org/seleniumhq/selenium/selenium-chrome-driver/4.30.0:{0 0 .m2/org/seleniumhq/selenium/selenium-chrome-driver/4.30.0 true} .m2/org/seleniumhq/selenium/selenium-chrome-driver/4.30.0/_remote.repositories:{12177479331340954743 226 .m2/org/seleniumhq/selenium/selenium-chrome-driver/4.30.0/_remote.repositories false} .m2/org/seleniumhq/selenium/selenium-chrome-driver/4.30.0/selenium-chrome-driver-4.30.0.jar:{5001793706554111959 14896 .m2/org/seleniumhq/selenium/selenium-chrome-driver/4.30.0/selenium-chrome-driver-4.30.0.jar false} .m2/org/seleniumhq/selenium/selenium-chrome-driver/4.30.0/selenium-chrome-driver-4.30.0.jar.sha1:{15360247670887956071 40 .m2/org/seleniumhq/selenium/selenium-chrome-driver/4.30.0/selenium-chrome-driver-4.30.0.jar.sha1 false} .m2/org/seleniumhq/selenium/selenium-chrome-driver/4.30.0/selenium-chrome-driver-4.30.0.pom:{14476682186111069710 3252 .m2/org/seleniumhq/selenium/selenium-chrome-driver/4.30.0/selenium-chrome-driver-4.30.0.pom false} .m2/org/seleniumhq/selenium/selenium-chrome-driver/4.30.0/selenium-chrome-driver-4.30.0.pom.sha1:{6204152948960397014 40 .m2/org/seleniumhq/selenium/selenium-chrome-driver/4.30.0/selenium-chrome-driver-4.30.0.pom.sha1 false} .m2/org/seleniumhq/selenium/selenium-chromium-driver:{0 0 .m2/org/seleniumhq/selenium/selenium-chromium-driver true} .m2/org/seleniumhq/selenium/selenium-chromium-driver/4.0.0:{0 0 .m2/org/seleniumhq/selenium/selenium-chromium-driver/4.0.0 true} .m2/org/seleniumhq/selenium/selenium-chromium-driver/4.0.0/_remote.repositories:{16931829754082712049 184 .m2/org/seleniumhq/selenium/selenium-chromium-driver/4.0.0/_remote.repositories false} .m2/org/seleniumhq/selenium/selenium-chromium-driver/4.0.0/selenium-chromium-driver-4.0.0.pom:{12309826521502520837 3036 .m2/org/seleniumhq/selenium/selenium-chromium-driver/4.0.0/selenium-chromium-driver-4.0.0.pom false} .m2/org/seleniumhq/selenium/selenium-chromium-driver/4.0.0/selenium-chromium-driver-4.0.0.pom.sha1:{10157012591031945739 40 .m2/org/seleniumhq/selenium/selenium-chromium-driver/4.0.0/selenium-chromium-driver-4.0.0.pom.sha1 false} .m2/org/seleniumhq/selenium/selenium-chromium-driver/4.30.0:{0 0 .m2/org/seleniumhq/selenium/selenium-chromium-driver/4.30.0 true} .m2/org/seleniumhq/selenium/selenium-chromium-driver/4.30.0/_remote.repositories:{4376817448847093601 230 .m2/org/seleniumhq/selenium/selenium-chromium-driver/4.30.0/_remote.repositories false} .m2/org/seleniumhq/selenium/selenium-chromium-driver/4.30.0/selenium-chromium-driver-4.30.0.jar:{3885906884036556700 34188 .m2/org/seleniumhq/selenium/selenium-chromium-driver/4.30.0/selenium-chromium-driver-4.30.0.jar false} .m2/org/seleniumhq/selenium/selenium-chromium-driver/4.30.0/selenium-chromium-driver-4.30.0.jar.sha1:{4622384060778139373 40 .m2/org/seleniumhq/selenium/selenium-chromium-driver/4.30.0/selenium-chromium-driver-4.30.0.jar.sha1 false} .m2/org/seleniumhq/selenium/selenium-chromium-driver/4.30.0/selenium-chromium-driver-4.30.0.pom:{14237755645033347942 2682 .m2/org/seleniumhq/selenium/selenium-chromium-driver/4.30.0/selenium-chromium-driver-4.30.0.pom false} .m2/org/seleniumhq/selenium/selenium-chromium-driver/4.30.0/selenium-chromium-driver-4.30.0.pom.sha1:{3455303914911944394 40 .m2/org/seleniumhq/selenium/selenium-chromium-driver/4.30.0/selenium-chromium-driver-4.30.0.pom.sha1 false} .m2/org/seleniumhq/selenium/selenium-devtools-v132:{0 0 .m2/org/seleniumhq/selenium/selenium-devtools-v132 true} .m2/org/seleniumhq/selenium/selenium-devtools-v132/4.30.0:{0 0 .m2/org/seleniumhq/selenium/selenium-devtools-v132/4.30.0 true} .m2/org/seleniumhq/selenium/selenium-devtools-v132/4.30.0/_remote.repositories:{14502773968484008913 226 .m2/org/seleniumhq/selenium/selenium-devtools-v132/4.30.0/_remote.repositories false} .m2/org/seleniumhq/selenium/selenium-devtools-v132/4.30.0/selenium-devtools-v132-4.30.0.jar:{16840925104940442167 1576807 .m2/org/seleniumhq/selenium/selenium-devtools-v132/4.30.0/selenium-devtools-v132-4.30.0.jar false} .m2/org/seleniumhq/selenium/selenium-devtools-v132/4.30.0/selenium-devtools-v132-4.30.0.jar.sha1:{6686084142804386240 40 .m2/org/seleniumhq/selenium/selenium-devtools-v132/4.30.0/selenium-devtools-v132-4.30.0.jar.sha1 false} .m2/org/seleniumhq/selenium/selenium-devtools-v132/4.30.0/selenium-devtools-v132-4.30.0.pom:{14413822913521385535 2864 .m2/org/seleniumhq/selenium/selenium-devtools-v132/4.30.0/selenium-devtools-v132-4.30.0.pom false} .m2/org/seleniumhq/selenium/selenium-devtools-v132/4.30.0/selenium-devtools-v132-4.30.0.pom.sha1:{1856295983111809946 40 .m2/org/seleniumhq/selenium/selenium-devtools-v132/4.30.0/selenium-devtools-v132-4.30.0.pom.sha1 false} .m2/org/seleniumhq/selenium/selenium-devtools-v133:{0 0 .m2/org/seleniumhq/selenium/selenium-devtools-v133 true} .m2/org/seleniumhq/selenium/selenium-devtools-v133/4.30.0:{0 0 .m2/org/seleniumhq/selenium/selenium-devtools-v133/4.30.0 true} .m2/org/seleniumhq/selenium/selenium-devtools-v133/4.30.0/_remote.repositories:{2729848857301627535 226 .m2/org/seleniumhq/selenium/selenium-devtools-v133/4.30.0/_remote.repositories false} .m2/org/seleniumhq/selenium/selenium-devtools-v133/4.30.0/selenium-devtools-v133-4.30.0.jar:{14119349245787355070 1591162 .m2/org/seleniumhq/selenium/selenium-devtools-v133/4.30.0/selenium-devtools-v133-4.30.0.jar false} .m2/org/seleniumhq/selenium/selenium-devtools-v133/4.30.0/selenium-devtools-v133-4.30.0.jar.sha1:{1018183549219603871 40 .m2/org/seleniumhq/selenium/selenium-devtools-v133/4.30.0/selenium-devtools-v133-4.30.0.jar.sha1 false} .m2/org/seleniumhq/selenium/selenium-devtools-v133/4.30.0/selenium-devtools-v133-4.30.0.pom:{3407132006945992791 2864 .m2/org/seleniumhq/selenium/selenium-devtools-v133/4.30.0/selenium-devtools-v133-4.30.0.pom false} .m2/org/seleniumhq/selenium/selenium-devtools-v133/4.30.0/selenium-devtools-v133-4.30.0.pom.sha1:{16681070784995879191 40 .m2/org/seleniumhq/selenium/selenium-devtools-v133/4.30.0/selenium-devtools-v133-4.30.0.pom.sha1 false} .m2/org/seleniumhq/selenium/selenium-devtools-v134:{0 0 .m2/org/seleniumhq/selenium/selenium-devtools-v134 true} .m2/org/seleniumhq/selenium/selenium-devtools-v134/4.30.0:{0 0 .m2/org/seleniumhq/selenium/selenium-devtools-v134/4.30.0 true} .m2/org/seleniumhq/selenium/selenium-devtools-v134/4.30.0/_remote.repositories:{8635040283301153706 226 .m2/org/seleniumhq/selenium/selenium-devtools-v134/4.30.0/_remote.repositories false} .m2/org/seleniumhq/selenium/selenium-devtools-v134/4.30.0/selenium-devtools-v134-4.30.0.jar:{10361212958534562018 1592393 .m2/org/seleniumhq/selenium/selenium-devtools-v134/4.30.0/selenium-devtools-v134-4.30.0.jar false} .m2/org/seleniumhq/selenium/selenium-devtools-v134/4.30.0/selenium-devtools-v134-4.30.0.jar.sha1:{14842706728913216253 40 .m2/org/seleniumhq/selenium/selenium-devtools-v134/4.30.0/selenium-devtools-v134-4.30.0.jar.sha1 false} .m2/org/seleniumhq/selenium/selenium-devtools-v134/4.30.0/selenium-devtools-v134-4.30.0.pom:{5237966039683028279 2864 .m2/org/seleniumhq/selenium/selenium-devtools-v134/4.30.0/selenium-devtools-v134-4.30.0.pom false} .m2/org/seleniumhq/selenium/selenium-devtools-v134/4.30.0/selenium-devtools-v134-4.30.0.pom.sha1:{7205005538439674395 40 .m2/org/seleniumhq/selenium/selenium-devtools-v134/4.30.0/selenium-devtools-v134-4.30.0.pom.sha1 false} .m2/org/seleniumhq/selenium/selenium-devtools-v85:{0 0 .m2/org/seleniumhq/selenium/selenium-devtools-v85 true} .m2/org/seleniumhq/selenium/selenium-devtools-v85/4.0.0:{0 0 .m2/org/seleniumhq/selenium/selenium-devtools-v85/4.0.0 true} .m2/org/seleniumhq/selenium/selenium-devtools-v85/4.0.0/_remote.repositories:{8715132643961349159 181 .m2/org/seleniumhq/selenium/selenium-devtools-v85/4.0.0/_remote.repositories false} .m2/org/seleniumhq/selenium/selenium-devtools-v85/4.0.0/selenium-devtools-v85-4.0.0.pom:{16427778029064917044 3215 .m2/org/seleniumhq/selenium/selenium-devtools-v85/4.0.0/selenium-devtools-v85-4.0.0.pom false} .m2/org/seleniumhq/selenium/selenium-devtools-v85/4.0.0/selenium-devtools-v85-4.0.0.pom.sha1:{16034575037903739124 40 .m2/org/seleniumhq/selenium/selenium-devtools-v85/4.0.0/selenium-devtools-v85-4.0.0.pom.sha1 false} .m2/org/seleniumhq/selenium/selenium-devtools-v93:{0 0 .m2/org/seleniumhq/selenium/selenium-devtools-v93 true} .m2/org/seleniumhq/selenium/selenium-devtools-v93/4.0.0:{0 0 .m2/org/seleniumhq/selenium/selenium-devtools-v93/4.0.0 true} .m2/org/seleniumhq/selenium/selenium-devtools-v93/4.0.0/_remote.repositories:{12052243941898330384 181 .m2/org/seleniumhq/selenium/selenium-devtools-v93/4.0.0/_remote.repositories false} .m2/org/seleniumhq/selenium/selenium-devtools-v93/4.0.0/selenium-devtools-v93-4.0.0.pom:{7641178298763689050 3215 .m2/org/seleniumhq/selenium/selenium-devtools-v93/4.0.0/selenium-devtools-v93-4.0.0.pom false} .m2/org/seleniumhq/selenium/selenium-devtools-v93/4.0.0/selenium-devtools-v93-4.0.0.pom.sha1:{10133424382997614358 40 .m2/org/seleniumhq/selenium/selenium-devtools-v93/4.0.0/selenium-devtools-v93-4.0.0.pom.sha1 false} .m2/org/seleniumhq/selenium/selenium-devtools-v94:{0 0 .m2/org/seleniumhq/selenium/selenium-devtools-v94 true} .m2/org/seleniumhq/selenium/selenium-devtools-v94/4.0.0:{0 0 .m2/org/seleniumhq/selenium/selenium-devtools-v94/4.0.0 true} .m2/org/seleniumhq/selenium/selenium-devtools-v94/4.0.0/_remote.repositories:{14609094739595493112 181 .m2/org/seleniumhq/selenium/selenium-devtools-v94/4.0.0/_remote.repositories false} .m2/org/seleniumhq/selenium/selenium-devtools-v94/4.0.0/selenium-devtools-v94-4.0.0.pom:{1914550419875720077 3215 .m2/org/seleniumhq/selenium/selenium-devtools-v94/4.0.0/selenium-devtools-v94-4.0.0.pom false} .m2/org/seleniumhq/selenium/selenium-devtools-v94/4.0.0/selenium-devtools-v94-4.0.0.pom.sha1:{6790660343110877062 40 .m2/org/seleniumhq/selenium/selenium-devtools-v94/4.0.0/selenium-devtools-v94-4.0.0.pom.sha1 false} .m2/org/seleniumhq/selenium/selenium-devtools-v95:{0 0 .m2/org/seleniumhq/selenium/selenium-devtools-v95 true} .m2/org/seleniumhq/selenium/selenium-devtools-v95/4.0.0:{0 0 .m2/org/seleniumhq/selenium/selenium-devtools-v95/4.0.0 true} .m2/org/seleniumhq/selenium/selenium-devtools-v95/4.0.0/_remote.repositories:{11998315833585524022 181 .m2/org/seleniumhq/selenium/selenium-devtools-v95/4.0.0/_remote.repositories false} .m2/org/seleniumhq/selenium/selenium-devtools-v95/4.0.0/selenium-devtools-v95-4.0.0.pom:{12381221863671925557 3215 .m2/org/seleniumhq/selenium/selenium-devtools-v95/4.0.0/selenium-devtools-v95-4.0.0.pom false} .m2/org/seleniumhq/selenium/selenium-devtools-v95/4.0.0/selenium-devtools-v95-4.0.0.pom.sha1:{13127051741140933376 40 .m2/org/seleniumhq/selenium/selenium-devtools-v95/4.0.0/selenium-devtools-v95-4.0.0.pom.sha1 false} .m2/org/seleniumhq/selenium/selenium-edge-driver:{0 0 .m2/org/seleniumhq/selenium/selenium-edge-driver true} .m2/org/seleniumhq/selenium/selenium-edge-driver/4.0.0:{0 0 .m2/org/seleniumhq/selenium/selenium-edge-driver/4.0.0 true} .m2/org/seleniumhq/selenium/selenium-edge-driver/4.0.0/_remote.repositories:{7273956059513943654 180 .m2/org/seleniumhq/selenium/selenium-edge-driver/4.0.0/_remote.repositories false} .m2/org/seleniumhq/selenium/selenium-edge-driver/4.0.0/selenium-edge-driver-4.0.0.pom:{16514348672415930829 3224 .m2/org/seleniumhq/selenium/selenium-edge-driver/4.0.0/selenium-edge-driver-4.0.0.pom false} .m2/org/seleniumhq/selenium/selenium-edge-driver/4.0.0/selenium-edge-driver-4.0.0.pom.sha1:{653430271448088908 40 .m2/org/seleniumhq/selenium/selenium-edge-driver/4.0.0/selenium-edge-driver-4.0.0.pom.sha1 false} .m2/org/seleniumhq/selenium/selenium-edge-driver/4.30.0:{0 0 .m2/org/seleniumhq/selenium/selenium-edge-driver/4.30.0 true} .m2/org/seleniumhq/selenium/selenium-edge-driver/4.30.0/_remote.repositories:{5315941549894323733 222 .m2/org/seleniumhq/selenium/selenium-edge-driver/4.30.0/_remote.repositories false} .m2/org/seleniumhq/selenium/selenium-edge-driver/4.30.0/selenium-edge-driver-4.30.0.jar:{11375352198438943285 15221 .m2/org/seleniumhq/selenium/selenium-edge-driver/4.30.0/selenium-edge-driver-4.30.0.jar false} .m2/org/seleniumhq/selenium/selenium-edge-driver/4.30.0/selenium-edge-driver-4.30.0.jar.sha1:{10715687452439487660 40 .m2/org/seleniumhq/selenium/selenium-edge-driver/4.30.0/selenium-edge-driver-4.30.0.jar.sha1 false} .m2/org/seleniumhq/selenium/selenium-edge-driver/4.30.0/selenium-edge-driver-4.30.0.pom:{7178725010153989605 3061 .m2/org/seleniumhq/selenium/selenium-edge-driver/4.30.0/selenium-edge-driver-4.30.0.pom false} .m2/org/seleniumhq/selenium/selenium-edge-driver/4.30.0/selenium-edge-driver-4.30.0.pom.sha1:{15404705539146738780 40 .m2/org/seleniumhq/selenium/selenium-edge-driver/4.30.0/selenium-edge-driver-4.30.0.pom.sha1 false} .m2/org/seleniumhq/selenium/selenium-firefox-driver:{0 0 .m2/org/seleniumhq/selenium/selenium-firefox-driver true} .m2/org/seleniumhq/selenium/selenium-firefox-driver/4.0.0:{0 0 .m2/org/seleniumhq/selenium/selenium-firefox-driver/4.0.0 true} .m2/org/seleniumhq/selenium/selenium-firefox-driver/4.0.0/_remote.repositories:{5216993093065160039 183 .m2/org/seleniumhq/selenium/selenium-firefox-driver/4.0.0/_remote.repositories false} .m2/org/seleniumhq/selenium/selenium-firefox-driver/4.0.0/selenium-firefox-driver-4.0.0.pom:{11643365743189177889 3228 .m2/org/seleniumhq/selenium/selenium-firefox-driver/4.0.0/selenium-firefox-driver-4.0.0.pom false} .m2/org/seleniumhq/selenium/selenium-firefox-driver/4.0.0/selenium-firefox-driver-4.0.0.pom.sha1:{13987583027188243547 40 .m2/org/seleniumhq/selenium/selenium-firefox-driver/4.0.0/selenium-firefox-driver-4.0.0.pom.sha1 false} .m2/org/seleniumhq/selenium/selenium-firefox-driver/4.30.0:{0 0 .m2/org/seleniumhq/selenium/selenium-firefox-driver/4.30.0 true} .m2/org/seleniumhq/selenium/selenium-firefox-driver/4.30.0/_remote.repositories:{4875132617096487897 228 .m2/org/seleniumhq/selenium/selenium-firefox-driver/4.30.0/_remote.repositories false} .m2/org/seleniumhq/selenium/selenium-firefox-driver/4.30.0/selenium-firefox-driver-4.30.0.jar:{1810600607107584795 81233 .m2/org/seleniumhq/selenium/selenium-firefox-driver/4.30.0/selenium-firefox-driver-4.30.0.jar false} .m2/org/seleniumhq/selenium/selenium-firefox-driver/4.30.0/selenium-firefox-driver-4.30.0.jar.sha1:{12525058506799895621 40 .m2/org/seleniumhq/selenium/selenium-firefox-driver/4.30.0/selenium-firefox-driver-4.30.0.jar.sha1 false} .m2/org/seleniumhq/selenium/selenium-firefox-driver/4.30.0/selenium-firefox-driver-4.30.0.pom:{5087323829491876114 3243 .m2/org/seleniumhq/selenium/selenium-firefox-driver/4.30.0/selenium-firefox-driver-4.30.0.pom false} .m2/org/seleniumhq/selenium/selenium-firefox-driver/4.30.0/selenium-firefox-driver-4.30.0.pom.sha1:{6282991528938713184 40 .m2/org/seleniumhq/selenium/selenium-firefox-driver/4.30.0/selenium-firefox-driver-4.30.0.pom.sha1 false} .m2/org/seleniumhq/selenium/selenium-firefox-xpi-driver:{0 0 .m2/org/seleniumhq/selenium/selenium-firefox-xpi-driver true} .m2/org/seleniumhq/selenium/selenium-firefox-xpi-driver/4.0.0:{0 0 .m2/org/seleniumhq/selenium/selenium-firefox-xpi-driver/4.0.0 true} .m2/org/seleniumhq/selenium/selenium-firefox-xpi-driver/4.0.0/_remote.repositories:{13824785026652842487 187 .m2/org/seleniumhq/selenium/selenium-firefox-xpi-driver/4.0.0/_remote.repositories false} .m2/org/seleniumhq/selenium/selenium-firefox-xpi-driver/4.0.0/selenium-firefox-xpi-driver-4.0.0.pom:{15995755269283497634 3237 .m2/org/seleniumhq/selenium/selenium-firefox-xpi-driver/4.0.0/selenium-firefox-xpi-driver-4.0.0.pom false} .m2/org/seleniumhq/selenium/selenium-firefox-xpi-driver/4.0.0/selenium-firefox-xpi-driver-4.0.0.pom.sha1:{2538990855742888999 40 .m2/org/seleniumhq/selenium/selenium-firefox-xpi-driver/4.0.0/selenium-firefox-xpi-driver-4.0.0.pom.sha1 false} .m2/org/seleniumhq/selenium/selenium-http:{0 0 .m2/org/seleniumhq/selenium/selenium-http true} .m2/org/seleniumhq/selenium/selenium-http/4.0.0:{0 0 .m2/org/seleniumhq/selenium/selenium-http/4.0.0 true} .m2/org/seleniumhq/selenium/selenium-http/4.0.0/_remote.repositories:{8800832832684512693 173 .m2/org/seleniumhq/selenium/selenium-http/4.0.0/_remote.repositories false} .m2/org/seleniumhq/selenium/selenium-http/4.0.0/selenium-http-4.0.0.pom:{13928316976508086987 2626 .m2/org/seleniumhq/selenium/selenium-http/4.0.0/selenium-http-4.0.0.pom false} .m2/org/seleniumhq/selenium/selenium-http/4.0.0/selenium-http-4.0.0.pom.sha1:{10909726504995240943 40 .m2/org/seleniumhq/selenium/selenium-http/4.0.0/selenium-http-4.0.0.pom.sha1 false} .m2/org/seleniumhq/selenium/selenium-http/4.30.0:{0 0 .m2/org/seleniumhq/selenium/selenium-http/4.30.0 true} .m2/org/seleniumhq/selenium/selenium-http/4.30.0/_remote.repositories:{7060060812185958133 208 .m2/org/seleniumhq/selenium/selenium-http/4.30.0/_remote.repositories false} .m2/org/seleniumhq/selenium/selenium-http/4.30.0/selenium-http-4.30.0.jar:{12141529625276531045 80638 .m2/org/seleniumhq/selenium/selenium-http/4.30.0/selenium-http-4.30.0.jar false} .m2/org/seleniumhq/selenium/selenium-http/4.30.0/selenium-http-4.30.0.jar.sha1:{2655157350479817246 40 .m2/org/seleniumhq/selenium/selenium-http/4.30.0/selenium-http-4.30.0.jar.sha1 false} .m2/org/seleniumhq/selenium/selenium-http/4.30.0/selenium-http-4.30.0.pom:{2431674927493820992 2650 .m2/org/seleniumhq/selenium/selenium-http/4.30.0/selenium-http-4.30.0.pom false} .m2/org/seleniumhq/selenium/selenium-http/4.30.0/selenium-http-4.30.0.pom.sha1:{15673536632903551710 40 .m2/org/seleniumhq/selenium/selenium-http/4.30.0/selenium-http-4.30.0.pom.sha1 false} .m2/org/seleniumhq/selenium/selenium-ie-driver:{0 0 .m2/org/seleniumhq/selenium/selenium-ie-driver true} .m2/org/seleniumhq/selenium/selenium-ie-driver/4.0.0:{0 0 .m2/org/seleniumhq/selenium/selenium-ie-driver/4.0.0 true} .m2/org/seleniumhq/selenium/selenium-ie-driver/4.0.0/_remote.repositories:{16433657920997802596 178 .m2/org/seleniumhq/selenium/selenium-ie-driver/4.0.0/_remote.repositories false} .m2/org/seleniumhq/selenium/selenium-ie-driver/4.0.0/selenium-ie-driver-4.0.0.pom:{1394779247250451526 2847 .m2/org/seleniumhq/selenium/selenium-ie-driver/4.0.0/selenium-ie-driver-4.0.0.pom false} .m2/org/seleniumhq/selenium/selenium-ie-driver/4.0.0/selenium-ie-driver-4.0.0.pom.sha1:{5778543250652054350 40 .m2/org/seleniumhq/selenium/selenium-ie-driver/4.0.0/selenium-ie-driver-4.0.0.pom.sha1 false} .m2/org/seleniumhq/selenium/selenium-ie-driver/4.30.0:{0 0 .m2/org/seleniumhq/selenium/selenium-ie-driver/4.30.0 true} .m2/org/seleniumhq/selenium/selenium-ie-driver/4.30.0/_remote.repositories:{1393369482326541037 218 .m2/org/seleniumhq/selenium/selenium-ie-driver/4.30.0/_remote.repositories false} .m2/org/seleniumhq/selenium/selenium-ie-driver/4.30.0/selenium-ie-driver-4.30.0.jar:{9121050787225384226 16701 .m2/org/seleniumhq/selenium/selenium-ie-driver/4.30.0/selenium-ie-driver-4.30.0.jar false} .m2/org/seleniumhq/selenium/selenium-ie-driver/4.30.0/selenium-ie-driver-4.30.0.jar.sha1:{14760919094058354788 40 .m2/org/seleniumhq/selenium/selenium-ie-driver/4.30.0/selenium-ie-driver-4.30.0.jar.sha1 false} .m2/org/seleniumhq/selenium/selenium-ie-driver/4.30.0/selenium-ie-driver-4.30.0.pom:{1678560920668786144 2859 .m2/org/seleniumhq/selenium/selenium-ie-driver/4.30.0/selenium-ie-driver-4.30.0.pom false} .m2/org/seleniumhq/selenium/selenium-ie-driver/4.30.0/selenium-ie-driver-4.30.0.pom.sha1:{1410192055345101411 40 .m2/org/seleniumhq/selenium/selenium-ie-driver/4.30.0/selenium-ie-driver-4.30.0.pom.sha1 false} .m2/org/seleniumhq/selenium/selenium-java:{0 0 .m2/org/seleniumhq/selenium/selenium-java true} .m2/org/seleniumhq/selenium/selenium-java/4.0.0:{0 0 .m2/org/seleniumhq/selenium/selenium-java/4.0.0 true} .m2/org/seleniumhq/selenium/selenium-java/4.0.0/_remote.repositories:{2266582258935790493 173 .m2/org/seleniumhq/selenium/selenium-java/4.0.0/_remote.repositories false} .m2/org/seleniumhq/selenium/selenium-java/4.0.0/selenium-java-4.0.0.pom:{1023067359751808092 4788 .m2/org/seleniumhq/selenium/selenium-java/4.0.0/selenium-java-4.0.0.pom false} .m2/org/seleniumhq/selenium/selenium-java/4.0.0/selenium-java-4.0.0.pom.sha1:{1744409112974567594 40 .m2/org/seleniumhq/selenium/selenium-java/4.0.0/selenium-java-4.0.0.pom.sha1 false} .m2/org/seleniumhq/selenium/selenium-java/4.30.0:{0 0 .m2/org/seleniumhq/selenium/selenium-java/4.30.0 true} .m2/org/seleniumhq/selenium/selenium-java/4.30.0/_remote.repositories:{11270192172990402090 208 .m2/org/seleniumhq/selenium/selenium-java/4.30.0/_remote.repositories false} .m2/org/seleniumhq/selenium/selenium-java/4.30.0/selenium-java-4.30.0.jar:{7072965649704498498 545 .m2/org/seleniumhq/selenium/selenium-java/4.30.0/selenium-java-4.30.0.jar false} .m2/org/seleniumhq/selenium/selenium-java/4.30.0/selenium-java-4.30.0.jar.sha1:{14372760792614994426 40 .m2/org/seleniumhq/selenium/selenium-java/4.30.0/selenium-java-4.30.0.jar.sha1 false} .m2/org/seleniumhq/selenium/selenium-java/4.30.0/selenium-java-4.30.0.pom:{6210147700246447169 4215 .m2/org/seleniumhq/selenium/selenium-java/4.30.0/selenium-java-4.30.0.pom false} .m2/org/seleniumhq/selenium/selenium-java/4.30.0/selenium-java-4.30.0.pom.sha1:{6353344435967923072 40 .m2/org/seleniumhq/selenium/selenium-java/4.30.0/selenium-java-4.30.0.pom.sha1 false} .m2/org/seleniumhq/selenium/selenium-json:{0 0 .m2/org/seleniumhq/selenium/selenium-json true} .m2/org/seleniumhq/selenium/selenium-json/4.0.0:{0 0 .m2/org/seleniumhq/selenium/selenium-json/4.0.0 true} .m2/org/seleniumhq/selenium/selenium-json/4.0.0/_remote.repositories:{16657077957126969525 173 .m2/org/seleniumhq/selenium/selenium-json/4.0.0/_remote.repositories false} .m2/org/seleniumhq/selenium/selenium-json/4.0.0/selenium-json-4.0.0.pom:{3201755387401964327 2264 .m2/org/seleniumhq/selenium/selenium-json/4.0.0/selenium-json-4.0.0.pom false} .m2/org/seleniumhq/selenium/selenium-json/4.0.0/selenium-json-4.0.0.pom.sha1:{1198268061703788587 40 .m2/org/seleniumhq/selenium/selenium-json/4.0.0/selenium-json-4.0.0.pom.sha1 false} .m2/org/seleniumhq/selenium/selenium-json/4.30.0:{0 0 .m2/org/seleniumhq/selenium/selenium-json/4.30.0 true} .m2/org/seleniumhq/selenium/selenium-json/4.30.0/_remote.repositories:{2617989826413048614 208 .m2/org/seleniumhq/selenium/selenium-json/4.30.0/_remote.repositories false} .m2/org/seleniumhq/selenium/selenium-json/4.30.0/selenium-json-4.30.0.jar:{7992807992615022162 71328 .m2/org/seleniumhq/selenium/selenium-json/4.30.0/selenium-json-4.30.0.jar false} .m2/org/seleniumhq/selenium/selenium-json/4.30.0/selenium-json-4.30.0.jar.sha1:{12971572572737376473 40 .m2/org/seleniumhq/selenium/selenium-json/4.30.0/selenium-json-4.30.0.jar.sha1 false} .m2/org/seleniumhq/selenium/selenium-json/4.30.0/selenium-json-4.30.0.pom:{11001380917473494681 2266 .m2/org/seleniumhq/selenium/selenium-json/4.30.0/selenium-json-4.30.0.pom false} .m2/org/seleniumhq/selenium/selenium-json/4.30.0/selenium-json-4.30.0.pom.sha1:{9837408834449401042 40 .m2/org/seleniumhq/selenium/selenium-json/4.30.0/selenium-json-4.30.0.pom.sha1 false} .m2/org/seleniumhq/selenium/selenium-manager:{0 0 .m2/org/seleniumhq/selenium/selenium-manager true} .m2/org/seleniumhq/selenium/selenium-manager/4.30.0:{0 0 .m2/org/seleniumhq/selenium/selenium-manager/4.30.0 true} .m2/org/seleniumhq/selenium/selenium-manager/4.30.0/_remote.repositories:{12258948063401627254 214 .m2/org/seleniumhq/selenium/selenium-manager/4.30.0/_remote.repositories false} .m2/org/seleniumhq/selenium/selenium-manager/4.30.0/selenium-manager-4.30.0.jar:{7959767503372602447 8368622 .m2/org/seleniumhq/selenium/selenium-manager/4.30.0/selenium-manager-4.30.0.jar false} .m2/org/seleniumhq/selenium/selenium-manager/4.30.0/selenium-manager-4.30.0.jar.sha1:{2422623188720522073 40 .m2/org/seleniumhq/selenium/selenium-manager/4.30.0/selenium-manager-4.30.0.jar.sha1 false} .m2/org/seleniumhq/selenium/selenium-manager/4.30.0/selenium-manager-4.30.0.pom:{9285540070909580184 2644 .m2/org/seleniumhq/selenium/selenium-manager/4.30.0/selenium-manager-4.30.0.pom false} .m2/org/seleniumhq/selenium/selenium-manager/4.30.0/selenium-manager-4.30.0.pom.sha1:{6735136028720302544 40 .m2/org/seleniumhq/selenium/selenium-manager/4.30.0/selenium-manager-4.30.0.pom.sha1 false} .m2/org/seleniumhq/selenium/selenium-opera-driver:{0 0 .m2/org/seleniumhq/selenium/selenium-opera-driver true} .m2/org/seleniumhq/selenium/selenium-opera-driver/4.0.0:{0 0 .m2/org/seleniumhq/selenium/selenium-opera-driver/4.0.0 true} .m2/org/seleniumhq/selenium/selenium-opera-driver/4.0.0/_remote.repositories:{12986546832884720280 181 .m2/org/seleniumhq/selenium/selenium-opera-driver/4.0.0/_remote.repositories false} .m2/org/seleniumhq/selenium/selenium-opera-driver/4.0.0/selenium-opera-driver-4.0.0.pom:{6951337714042069984 2853 .m2/org/seleniumhq/selenium/selenium-opera-driver/4.0.0/selenium-opera-driver-4.0.0.pom false} .m2/org/seleniumhq/selenium/selenium-opera-driver/4.0.0/selenium-opera-driver-4.0.0.pom.sha1:{14887385279670132094 40 .m2/org/seleniumhq/selenium/selenium-opera-driver/4.0.0/selenium-opera-driver-4.0.0.pom.sha1 false} .m2/org/seleniumhq/selenium/selenium-os:{0 0 .m2/org/seleniumhq/selenium/selenium-os true} .m2/org/seleniumhq/selenium/selenium-os/4.30.0:{0 0 .m2/org/seleniumhq/selenium/selenium-os/4.30.0 true} .m2/org/seleniumhq/selenium/selenium-os/4.30.0/_remote.repositories:{16306887481890926938 204 .m2/org/seleniumhq/selenium/selenium-os/4.30.0/_remote.repositories false} .m2/org/seleniumhq/selenium/selenium-os/4.30.0/selenium-os-4.30.0.jar:{5158450368899367719 29501 .m2/org/seleniumhq/selenium/selenium-os/4.30.0/selenium-os-4.30.0.jar false} .m2/org/seleniumhq/selenium/selenium-os/4.30.0/selenium-os-4.30.0.jar.sha1:{17904516797676759519 40 .m2/org/seleniumhq/selenium/selenium-os/4.30.0/selenium-os-4.30.0.jar.sha1 false} .m2/org/seleniumhq/selenium/selenium-os/4.30.0/selenium-os-4.30.0.pom:{10095482567250542906 2442 .m2/org/seleniumhq/selenium/selenium-os/4.30.0/selenium-os-4.30.0.pom false} .m2/org/seleniumhq/selenium/selenium-os/4.30.0/selenium-os-4.30.0.pom.sha1:{3737390741293186221 40 .m2/org/seleniumhq/selenium/selenium-os/4.30.0/selenium-os-4.30.0.pom.sha1 false} .m2/org/seleniumhq/selenium/selenium-remote-driver:{0 0 .m2/org/seleniumhq/selenium/selenium-remote-driver true} .m2/org/seleniumhq/selenium/selenium-remote-driver/4.0.0:{0 0 .m2/org/seleniumhq/selenium/selenium-remote-driver/4.0.0 true} .m2/org/seleniumhq/selenium/selenium-remote-driver/4.0.0/_remote.repositories:{6628247877608247937 182 .m2/org/seleniumhq/selenium/selenium-remote-driver/4.0.0/_remote.repositories false} .m2/org/seleniumhq/selenium/selenium-remote-driver/4.0.0/selenium-remote-driver-4.0.0.pom:{1682423171399183311 7510 .m2/org/seleniumhq/selenium/selenium-remote-driver/4.0.0/selenium-remote-driver-4.0.0.pom false} .m2/org/seleniumhq/selenium/selenium-remote-driver/4.0.0/selenium-remote-driver-4.0.0.pom.sha1:{16108283171021776589 40 .m2/org/seleniumhq/selenium/selenium-remote-driver/4.0.0/selenium-remote-driver-4.0.0.pom.sha1 false} .m2/org/seleniumhq/selenium/selenium-remote-driver/4.30.0:{0 0 .m2/org/seleniumhq/selenium/selenium-remote-driver/4.30.0 true} .m2/org/seleniumhq/selenium/selenium-remote-driver/4.30.0/_remote.repositories:{8267657528175767849 226 .m2/org/seleniumhq/selenium/selenium-remote-driver/4.30.0/_remote.repositories false} .m2/org/seleniumhq/selenium/selenium-remote-driver/4.30.0/selenium-remote-driver-4.30.0.jar:{7710767297675823930 551399 .m2/org/seleniumhq/selenium/selenium-remote-driver/4.30.0/selenium-remote-driver-4.30.0.jar false} .m2/org/seleniumhq/selenium/selenium-remote-driver/4.30.0/selenium-remote-driver-4.30.0.jar.sha1:{5196917389972003117 40 .m2/org/seleniumhq/selenium/selenium-remote-driver/4.30.0/selenium-remote-driver-4.30.0.jar.sha1 false} .m2/org/seleniumhq/selenium/selenium-remote-driver/4.30.0/selenium-remote-driver-4.30.0.pom:{5380185591248775751 5134 .m2/org/seleniumhq/selenium/selenium-remote-driver/4.30.0/selenium-remote-driver-4.30.0.pom false} .m2/org/seleniumhq/selenium/selenium-remote-driver/4.30.0/selenium-remote-driver-4.30.0.pom.sha1:{6461292628571241612 40 .m2/org/seleniumhq/selenium/selenium-remote-driver/4.30.0/selenium-remote-driver-4.30.0.pom.sha1 false} .m2/org/seleniumhq/selenium/selenium-safari-driver:{0 0 .m2/org/seleniumhq/selenium/selenium-safari-driver true} .m2/org/seleniumhq/selenium/selenium-safari-driver/4.0.0:{0 0 .m2/org/seleniumhq/selenium/selenium-safari-driver/4.0.0 true} .m2/org/seleniumhq/selenium/selenium-safari-driver/4.0.0/_remote.repositories:{10037825832014340744 182 .m2/org/seleniumhq/selenium/selenium-safari-driver/4.0.0/_remote.repositories false} .m2/org/seleniumhq/selenium/selenium-safari-driver/4.0.0/selenium-safari-driver-4.0.0.pom:{2763784470648287359 3031 .m2/org/seleniumhq/selenium/selenium-safari-driver/4.0.0/selenium-safari-driver-4.0.0.pom false} .m2/org/seleniumhq/selenium/selenium-safari-driver/4.0.0/selenium-safari-driver-4.0.0.pom.sha1:{347054224228311768 40 .m2/org/seleniumhq/selenium/selenium-safari-driver/4.0.0/selenium-safari-driver-4.0.0.pom.sha1 false} .m2/org/seleniumhq/selenium/selenium-safari-driver/4.30.0:{0 0 .m2/org/seleniumhq/selenium/selenium-safari-driver/4.30.0 true} .m2/org/seleniumhq/selenium/selenium-safari-driver/4.30.0/_remote.repositories:{9288035882241031462 226 .m2/org/seleniumhq/selenium/selenium-safari-driver/4.30.0/_remote.repositories false} .m2/org/seleniumhq/selenium/selenium-safari-driver/4.30.0/selenium-safari-driver-4.30.0.jar:{6386701746514939791 26478 .m2/org/seleniumhq/selenium/selenium-safari-driver/4.30.0/selenium-safari-driver-4.30.0.jar false} .m2/org/seleniumhq/selenium/selenium-safari-driver/4.30.0/selenium-safari-driver-4.30.0.jar.sha1:{14322980031508721903 40 .m2/org/seleniumhq/selenium/selenium-safari-driver/4.30.0/selenium-safari-driver-4.30.0.jar.sha1 false} .m2/org/seleniumhq/selenium/selenium-safari-driver/4.30.0/selenium-safari-driver-4.30.0.pom:{13863921436896651935 2677 .m2/org/seleniumhq/selenium/selenium-safari-driver/4.30.0/selenium-safari-driver-4.30.0.pom false} .m2/org/seleniumhq/selenium/selenium-safari-driver/4.30.0/selenium-safari-driver-4.30.0.pom.sha1:{10085142071442930352 40 .m2/org/seleniumhq/selenium/selenium-safari-driver/4.30.0/selenium-safari-driver-4.30.0.pom.sha1 false} .m2/org/seleniumhq/selenium/selenium-support:{0 0 .m2/org/seleniumhq/selenium/selenium-support true} .m2/org/seleniumhq/selenium/selenium-support/4.0.0:{0 0 .m2/org/seleniumhq/selenium/selenium-support/4.0.0 true} .m2/org/seleniumhq/selenium/selenium-support/4.0.0/_remote.repositories:{9808807258757039455 176 .m2/org/seleniumhq/selenium/selenium-support/4.0.0/_remote.repositories false} .m2/org/seleniumhq/selenium/selenium-support/4.0.0/selenium-support-4.0.0.pom:{13649885636237016314 3205 .m2/org/seleniumhq/selenium/selenium-support/4.0.0/selenium-support-4.0.0.pom false} .m2/org/seleniumhq/selenium/selenium-support/4.0.0/selenium-support-4.0.0.pom.sha1:{1383620797503982458 40 .m2/org/seleniumhq/selenium/selenium-support/4.0.0/selenium-support-4.0.0.pom.sha1 false} .m2/org/seleniumhq/selenium/selenium-support/4.30.0:{0 0 .m2/org/seleniumhq/selenium/selenium-support/4.30.0 true} .m2/org/seleniumhq/selenium/selenium-support/4.30.0/_remote.repositories:{17049983671176315824 214 .m2/org/seleniumhq/selenium/selenium-support/4.30.0/_remote.repositories false} .m2/org/seleniumhq/selenium/selenium-support/4.30.0/selenium-support-4.30.0.jar:{6379871328946130668 175653 .m2/org/seleniumhq/selenium/selenium-support/4.30.0/selenium-support-4.30.0.jar false} .m2/org/seleniumhq/selenium/selenium-support/4.30.0/selenium-support-4.30.0.jar.sha1:{4637442709676535537 40 .m2/org/seleniumhq/selenium/selenium-support/4.30.0/selenium-support-4.30.0.jar.sha1 false} .m2/org/seleniumhq/selenium/selenium-support/4.30.0/selenium-support-4.30.0.pom:{16463988379154634954 3202 .m2/org/seleniumhq/selenium/selenium-support/4.30.0/selenium-support-4.30.0.pom false} .m2/org/seleniumhq/selenium/selenium-support/4.30.0/selenium-support-4.30.0.pom.sha1:{1856711773254103075 40 .m2/org/seleniumhq/selenium/selenium-support/4.30.0/selenium-support-4.30.0.pom.sha1 false} .m2/org/slf4j:{0 0 .m2/org/slf4j true} .m2/org/slf4j/jcl-over-slf4j:{0 0 .m2/org/slf4j/jcl-over-slf4j true} .m2/org/slf4j/jcl-over-slf4j/1.7.30:{0 0 .m2/org/slf4j/jcl-over-slf4j/1.7.30 true} .m2/org/slf4j/jcl-over-slf4j/1.7.30/_remote.repositories:{16496494246315693370 210 .m2/org/slf4j/jcl-over-slf4j/1.7.30/_remote.repositories false} .m2/org/slf4j/jcl-over-slf4j/1.7.30/jcl-over-slf4j-1.7.30.jar:{12700670264600561863 16537 .m2/org/slf4j/jcl-over-slf4j/1.7.30/jcl-over-slf4j-1.7.30.jar false} .m2/org/slf4j/jcl-over-slf4j/1.7.30/jcl-over-slf4j-1.7.30.jar.sha1:{10842337750925536005 40 .m2/org/slf4j/jcl-over-slf4j/1.7.30/jcl-over-slf4j-1.7.30.jar.sha1 false} .m2/org/slf4j/jcl-over-slf4j/1.7.30/jcl-over-slf4j-1.7.30.pom:{9180326560122343721 1181 .m2/org/slf4j/jcl-over-slf4j/1.7.30/jcl-over-slf4j-1.7.30.pom false} .m2/org/slf4j/jcl-over-slf4j/1.7.30/jcl-over-slf4j-1.7.30.pom.sha1:{10967644274613147615 40 .m2/org/slf4j/jcl-over-slf4j/1.7.30/jcl-over-slf4j-1.7.30.pom.sha1 false} .m2/org/slf4j/slf4j-api:{0 0 .m2/org/slf4j/slf4j-api true} .m2/org/slf4j/slf4j-api/1.7.25:{0 0 .m2/org/slf4j/slf4j-api/1.7.25 true} .m2/org/slf4j/slf4j-api/1.7.25/_remote.repositories:{5747753078696264814 170 .m2/org/slf4j/slf4j-api/1.7.25/_remote.repositories false} .m2/org/slf4j/slf4j-api/1.7.25/slf4j-api-1.7.25.pom:{18363597791190361841 3833 .m2/org/slf4j/slf4j-api/1.7.25/slf4j-api-1.7.25.pom false} .m2/org/slf4j/slf4j-api/1.7.25/slf4j-api-1.7.25.pom.sha1:{6043097424602159874 40 .m2/org/slf4j/slf4j-api/1.7.25/slf4j-api-1.7.25.pom.sha1 false} .m2/org/slf4j/slf4j-api/1.7.30:{0 0 .m2/org/slf4j/slf4j-api/1.7.30 true} .m2/org/slf4j/slf4j-api/1.7.30/_remote.repositories:{9992252282462818683 200 .m2/org/slf4j/slf4j-api/1.7.30/_remote.repositories false} .m2/org/slf4j/slf4j-api/1.7.30/slf4j-api-1.7.30.jar:{14040509059234934214 41472 .m2/org/slf4j/slf4j-api/1.7.30/slf4j-api-1.7.30.jar false} .m2/org/slf4j/slf4j-api/1.7.30/slf4j-api-1.7.30.jar.sha1:{1899076725192221239 40 .m2/org/slf4j/slf4j-api/1.7.30/slf4j-api-1.7.30.jar.sha1 false} .m2/org/slf4j/slf4j-api/1.7.30/slf4j-api-1.7.30.pom:{1889668766514910040 3835 .m2/org/slf4j/slf4j-api/1.7.30/slf4j-api-1.7.30.pom false} .m2/org/slf4j/slf4j-api/1.7.30/slf4j-api-1.7.30.pom.sha1:{3808630031142670156 40 .m2/org/slf4j/slf4j-api/1.7.30/slf4j-api-1.7.30.pom.sha1 false} .m2/org/slf4j/slf4j-api/1.7.36:{0 0 .m2/org/slf4j/slf4j-api/1.7.36 true} .m2/org/slf4j/slf4j-api/1.7.36/_remote.repositories:{6195396411566258547 200 .m2/org/slf4j/slf4j-api/1.7.36/_remote.repositories false} .m2/org/slf4j/slf4j-api/1.7.36/slf4j-api-1.7.36.jar:{4999197890203916108 41125 .m2/org/slf4j/slf4j-api/1.7.36/slf4j-api-1.7.36.jar false} .m2/org/slf4j/slf4j-api/1.7.36/slf4j-api-1.7.36.jar.sha1:{12260963701580480526 40 .m2/org/slf4j/slf4j-api/1.7.36/slf4j-api-1.7.36.jar.sha1 false} .m2/org/slf4j/slf4j-api/1.7.36/slf4j-api-1.7.36.pom:{771433881325029568 2743 .m2/org/slf4j/slf4j-api/1.7.36/slf4j-api-1.7.36.pom false} .m2/org/slf4j/slf4j-api/1.7.36/slf4j-api-1.7.36.pom.sha1:{17689199751769989839 40 .m2/org/slf4j/slf4j-api/1.7.36/slf4j-api-1.7.36.pom.sha1 false} .m2/org/slf4j/slf4j-api/2.0.10:{0 0 .m2/org/slf4j/slf4j-api/2.0.10 true} .m2/org/slf4j/slf4j-api/2.0.10/_remote.repositories:{710027702425183977 170 .m2/org/slf4j/slf4j-api/2.0.10/_remote.repositories false} .m2/org/slf4j/slf4j-api/2.0.10/slf4j-api-2.0.10.pom:{11405919364985032057 2826 .m2/org/slf4j/slf4j-api/2.0.10/slf4j-api-2.0.10.pom false} .m2/org/slf4j/slf4j-api/2.0.10/slf4j-api-2.0.10.pom.sha1:{3942307042080878166 40 .m2/org/slf4j/slf4j-api/2.0.10/slf4j-api-2.0.10.pom.sha1 false} .m2/org/slf4j/slf4j-bom:{0 0 .m2/org/slf4j/slf4j-bom true} .m2/org/slf4j/slf4j-bom/2.0.10:{0 0 .m2/org/slf4j/slf4j-bom/2.0.10 true} .m2/org/slf4j/slf4j-bom/2.0.10/_remote.repositories:{52786573423718993 170 .m2/org/slf4j/slf4j-bom/2.0.10/_remote.repositories false} .m2/org/slf4j/slf4j-bom/2.0.10/slf4j-bom-2.0.10.pom:{9914920482477492429 6513 .m2/org/slf4j/slf4j-bom/2.0.10/slf4j-bom-2.0.10.pom false} .m2/org/slf4j/slf4j-bom/2.0.10/slf4j-bom-2.0.10.pom.sha1:{581742452229951222 40 .m2/org/slf4j/slf4j-bom/2.0.10/slf4j-bom-2.0.10.pom.sha1 false} .m2/org/slf4j/slf4j-parent:{0 0 .m2/org/slf4j/slf4j-parent true} .m2/org/slf4j/slf4j-parent/1.7.25:{0 0 .m2/org/slf4j/slf4j-parent/1.7.25 true} .m2/org/slf4j/slf4j-parent/1.7.25/_remote.repositories:{8397041127804159553 173 .m2/org/slf4j/slf4j-parent/1.7.25/_remote.repositories false} .m2/org/slf4j/slf4j-parent/1.7.25/slf4j-parent-1.7.25.pom:{8859218795670890220 13509 .m2/org/slf4j/slf4j-parent/1.7.25/slf4j-parent-1.7.25.pom false} .m2/org/slf4j/slf4j-parent/1.7.25/slf4j-parent-1.7.25.pom.sha1:{18320589415502818747 40 .m2/org/slf4j/slf4j-parent/1.7.25/slf4j-parent-1.7.25.pom.sha1 false} .m2/org/slf4j/slf4j-parent/1.7.30:{0 0 .m2/org/slf4j/slf4j-parent/1.7.30 true} .m2/org/slf4j/slf4j-parent/1.7.30/_remote.repositories:{8309960540282165489 173 .m2/org/slf4j/slf4j-parent/1.7.30/_remote.repositories false} .m2/org/slf4j/slf4j-parent/1.7.30/slf4j-parent-1.7.30.pom:{3463626960681044578 13806 .m2/org/slf4j/slf4j-parent/1.7.30/slf4j-parent-1.7.30.pom false} .m2/org/slf4j/slf4j-parent/1.7.30/slf4j-parent-1.7.30.pom.sha1:{13147607264357465501 40 .m2/org/slf4j/slf4j-parent/1.7.30/slf4j-parent-1.7.30.pom.sha1 false} .m2/org/slf4j/slf4j-parent/1.7.36:{0 0 .m2/org/slf4j/slf4j-parent/1.7.36 true} .m2/org/slf4j/slf4j-parent/1.7.36/_remote.repositories:{6501048166461874638 173 .m2/org/slf4j/slf4j-parent/1.7.36/_remote.repositories false} .m2/org/slf4j/slf4j-parent/1.7.36/slf4j-parent-1.7.36.pom:{9651055556005681672 14093 .m2/org/slf4j/slf4j-parent/1.7.36/slf4j-parent-1.7.36.pom false} .m2/org/slf4j/slf4j-parent/1.7.36/slf4j-parent-1.7.36.pom.sha1:{4559142742875199621 40 .m2/org/slf4j/slf4j-parent/1.7.36/slf4j-parent-1.7.36.pom.sha1 false} .m2/org/slf4j/slf4j-parent/2.0.10:{0 0 .m2/org/slf4j/slf4j-parent/2.0.10 true} .m2/org/slf4j/slf4j-parent/2.0.10/_remote.repositories:{11456721611530309654 173 .m2/org/slf4j/slf4j-parent/2.0.10/_remote.repositories false} .m2/org/slf4j/slf4j-parent/2.0.10/slf4j-parent-2.0.10.pom:{5665253597001137723 15425 .m2/org/slf4j/slf4j-parent/2.0.10/slf4j-parent-2.0.10.pom false} .m2/org/slf4j/slf4j-parent/2.0.10/slf4j-parent-2.0.10.pom.sha1:{1219333100042130599 40 .m2/org/slf4j/slf4j-parent/2.0.10/slf4j-parent-2.0.10.pom.sha1 false} .m2/org/sonatype:{0 0 .m2/org/sonatype true} .m2/org/sonatype/forge:{0 0 .m2/org/sonatype/forge true} .m2/org/sonatype/forge/forge-parent:{0 0 .m2/org/sonatype/forge/forge-parent true} .m2/org/sonatype/forge/forge-parent/5:{0 0 .m2/org/sonatype/forge/forge-parent/5 true} .m2/org/sonatype/forge/forge-parent/5/_remote.repositories:{12878366130092651908 168 .m2/org/sonatype/forge/forge-parent/5/_remote.repositories false} .m2/org/sonatype/forge/forge-parent/5/forge-parent-5.pom:{295251770961793848 8363 .m2/org/sonatype/forge/forge-parent/5/forge-parent-5.pom false} .m2/org/sonatype/forge/forge-parent/5/forge-parent-5.pom.sha1:{4465360790849884302 40 .m2/org/sonatype/forge/forge-parent/5/forge-parent-5.pom.sha1 false} .m2/org/sonatype/oss:{0 0 .m2/org/sonatype/oss true} .m2/org/sonatype/oss/oss-parent:{0 0 .m2/org/sonatype/oss/oss-parent true} .m2/org/sonatype/oss/oss-parent/3:{0 0 .m2/org/sonatype/oss/oss-parent/3 true} .m2/org/sonatype/oss/oss-parent/3/_remote.repositories:{12593129973046563092 166 .m2/org/sonatype/oss/oss-parent/3/_remote.repositories false} .m2/org/sonatype/oss/oss-parent/3/oss-parent-3.pom:{2480163170154032640 3351 .m2/org/sonatype/oss/oss-parent/3/oss-parent-3.pom false} .m2/org/sonatype/oss/oss-parent/3/oss-parent-3.pom.sha1:{136538055113718281 40 .m2/org/sonatype/oss/oss-parent/3/oss-parent-3.pom.sha1 false} .m2/org/sonatype/oss/oss-parent/7:{0 0 .m2/org/sonatype/oss/oss-parent/7 true} .m2/org/sonatype/oss/oss-parent/7/_remote.repositories:{14231212915290496121 166 .m2/org/sonatype/oss/oss-parent/7/_remote.repositories false} .m2/org/sonatype/oss/oss-parent/7/oss-parent-7.pom:{13004207034583960616 4824 .m2/org/sonatype/oss/oss-parent/7/oss-parent-7.pom false} .m2/org/sonatype/oss/oss-parent/7/oss-parent-7.pom.sha1:{8024984436531434440 40 .m2/org/sonatype/oss/oss-parent/7/oss-parent-7.pom.sha1 false} .m2/org/sonatype/oss/oss-parent/9:{0 0 .m2/org/sonatype/oss/oss-parent/9 true} .m2/org/sonatype/oss/oss-parent/9/_remote.repositories:{13548318267159776757 166 .m2/org/sonatype/oss/oss-parent/9/_remote.repositories false} .m2/org/sonatype/oss/oss-parent/9/oss-parent-9.pom:{1068227345183648387 6569 .m2/org/sonatype/oss/oss-parent/9/oss-parent-9.pom false} .m2/org/sonatype/oss/oss-parent/9/oss-parent-9.pom.sha1:{5958720935801298217 40 .m2/org/sonatype/oss/oss-parent/9/oss-parent-9.pom.sha1 false} .m2/org/sonatype/plexus:{0 0 .m2/org/sonatype/plexus true} .m2/org/sonatype/plexus/plexus-build-api:{0 0 .m2/org/sonatype/plexus/plexus-build-api true} .m2/org/sonatype/plexus/plexus-build-api/0.0.7:{0 0 .m2/org/sonatype/plexus/plexus-build-api/0.0.7 true} .m2/org/sonatype/plexus/plexus-build-api/0.0.7/_remote.repositories:{11702038284178863789 212 .m2/org/sonatype/plexus/plexus-build-api/0.0.7/_remote.repositories false} .m2/org/sonatype/plexus/plexus-build-api/0.0.7/plexus-build-api-0.0.7.jar:{12660269822877974377 8482 .m2/org/sonatype/plexus/plexus-build-api/0.0.7/plexus-build-api-0.0.7.jar false} .m2/org/sonatype/plexus/plexus-build-api/0.0.7/plexus-build-api-0.0.7.jar.sha1:{10702067097156102211 40 .m2/org/sonatype/plexus/plexus-build-api/0.0.7/plexus-build-api-0.0.7.jar.sha1 false} .m2/org/sonatype/plexus/plexus-build-api/0.0.7/plexus-build-api-0.0.7.pom:{733257965670504139 3204 .m2/org/sonatype/plexus/plexus-build-api/0.0.7/plexus-build-api-0.0.7.pom false} .m2/org/sonatype/plexus/plexus-build-api/0.0.7/plexus-build-api-0.0.7.pom.sha1:{14243829541986552723 40 .m2/org/sonatype/plexus/plexus-build-api/0.0.7/plexus-build-api-0.0.7.pom.sha1 false} .m2/org/sonatype/spice:{0 0 .m2/org/sonatype/spice true} .m2/org/sonatype/spice/spice-parent:{0 0 .m2/org/sonatype/spice/spice-parent true} .m2/org/sonatype/spice/spice-parent/15:{0 0 .m2/org/sonatype/spice/spice-parent/15 true} .m2/org/sonatype/spice/spice-parent/15/_remote.repositories:{13700997120952943987 169 .m2/org/sonatype/spice/spice-parent/15/_remote.repositories false} .m2/org/sonatype/spice/spice-parent/15/spice-parent-15.pom:{7430772823621347025 8358 .m2/org/sonatype/spice/spice-parent/15/spice-parent-15.pom false} .m2/org/sonatype/spice/spice-parent/15/spice-parent-15.pom.sha1:{2733653581322066015 40 .m2/org/sonatype/spice/spice-parent/15/spice-parent-15.pom.sha1 false} .m2/org/testng:{0 0 .m2/org/testng true} .m2/org/testng/testng:{0 0 .m2/org/testng/testng true} .m2/org/testng/testng/6.10:{0 0 .m2/org/testng/testng/6.10 true} .m2/org/testng/testng/6.10/_remote.repositories:{10580564329680701478 165 .m2/org/testng/testng/6.10/_remote.repositories false} .m2/org/testng/testng/6.10/testng-6.10.pom:{622952470894300611 2556 .m2/org/testng/testng/6.10/testng-6.10.pom false} .m2/org/testng/testng/6.10/testng-6.10.pom.sha1:{11302707262643839637 40 .m2/org/testng/testng/6.10/testng-6.10.pom.sha1 false} .m2/org/testng/testng/7.1.0:{0 0 .m2/org/testng/testng/7.1.0 true} .m2/org/testng/testng/7.1.0/_remote.repositories:{2300091143326389813 192 .m2/org/testng/testng/7.1.0/_remote.repositories false} .m2/org/testng/testng/7.1.0/testng-7.1.0.jar:{6803849525687201073 928344 .m2/org/testng/testng/7.1.0/testng-7.1.0.jar false} .m2/org/testng/testng/7.1.0/testng-7.1.0.jar.sha1:{9324064728009829240 40 .m2/org/testng/testng/7.1.0/testng-7.1.0.jar.sha1 false} .m2/org/testng/testng/7.1.0/testng-7.1.0.pom:{11903984151975118797 1724 .m2/org/testng/testng/7.1.0/testng-7.1.0.pom false} .m2/org/testng/testng/7.1.0/testng-7.1.0.pom.sha1:{11574591081608537253 40 .m2/org/testng/testng/7.1.0/testng-7.1.0.pom.sha1 false} .m2/org/testng/testng/7.8.0:{0 0 .m2/org/testng/testng/7.8.0 true} .m2/org/testng/testng/7.8.0/_remote.repositories:{9368944112874086149 192 .m2/org/testng/testng/7.8.0/_remote.repositories false} .m2/org/testng/testng/7.8.0/testng-7.8.0.jar:{399989896059209183 1019729 .m2/org/testng/testng/7.8.0/testng-7.8.0.jar false} .m2/org/testng/testng/7.8.0/testng-7.8.0.jar.sha1:{14634348534253842315 40 .m2/org/testng/testng/7.8.0/testng-7.8.0.jar.sha1 false} .m2/org/testng/testng/7.8.0/testng-7.8.0.pom:{3783634678819001076 2914 .m2/org/testng/testng/7.8.0/testng-7.8.0.pom false} .m2/org/testng/testng/7.8.0/testng-7.8.0.pom.sha1:{6068329234330713007 40 .m2/org/testng/testng/7.8.0/testng-7.8.0.pom.sha1 false} .m2/org/webjars:{0 0 .m2/org/webjars true} .m2/org/webjars/jquery:{0 0 .m2/org/webjars/jquery true} .m2/org/webjars/jquery/3.6.1:{0 0 .m2/org/webjars/jquery/3.6.1 true} .m2/org/webjars/jquery/3.6.1/_remote.repositories:{11307604744520753522 192 .m2/org/webjars/jquery/3.6.1/_remote.repositories false} .m2/org/webjars/jquery/3.6.1/jquery-3.6.1.jar:{17236979898578466973 314619 .m2/org/webjars/jquery/3.6.1/jquery-3.6.1.jar false} .m2/org/webjars/jquery/3.6.1/jquery-3.6.1.jar.sha1:{8332520189339604443 40 .m2/org/webjars/jquery/3.6.1/jquery-3.6.1.jar.sha1 false} .m2/org/webjars/jquery/3.6.1/jquery-3.6.1.pom:{15894240204849731892 7385 .m2/org/webjars/jquery/3.6.1/jquery-3.6.1.pom false} .m2/org/webjars/jquery/3.6.1/jquery-3.6.1.pom.sha1:{16875661493045468828 40 .m2/org/webjars/jquery/3.6.1/jquery-3.6.1.pom.sha1 false} .m2/org/yaml:{0 0 .m2/org/yaml true} .m2/org/yaml/snakeyaml:{0 0 .m2/org/yaml/snakeyaml true} .m2/org/yaml/snakeyaml/1.21:{0 0 .m2/org/yaml/snakeyaml/1.21 true} .m2/org/yaml/snakeyaml/1.21/_remote.repositories:{9976886432778883270 196 .m2/org/yaml/snakeyaml/1.21/_remote.repositories false} .m2/org/yaml/snakeyaml/1.21/snakeyaml-1.21.jar:{3524822124299296652 299308 .m2/org/yaml/snakeyaml/1.21/snakeyaml-1.21.jar false} .m2/org/yaml/snakeyaml/1.21/snakeyaml-1.21.jar.sha1:{15795799744655537380 40 .m2/org/yaml/snakeyaml/1.21/snakeyaml-1.21.jar.sha1 false} .m2/org/yaml/snakeyaml/1.21/snakeyaml-1.21.pom:{13031828161973940962 37798 .m2/org/yaml/snakeyaml/1.21/snakeyaml-1.21.pom false} .m2/org/yaml/snakeyaml/1.21/snakeyaml-1.21.pom.sha1:{6271143363031892248 40 .m2/org/yaml/snakeyaml/1.21/snakeyaml-1.21.pom.sha1 false} .m2/velocity:{0 0 .m2/velocity true} .m2/velocity/velocity-dep:{0 0 .m2/velocity/velocity-dep true} .m2/velocity/velocity-dep/1.4:{0 0 .m2/velocity/velocity-dep/1.4 true} .m2/velocity/velocity-dep/1.4/_remote.repositories:{18365437262509082759 200 .m2/velocity/velocity-dep/1.4/_remote.repositories false} .m2/velocity/velocity-dep/1.4/velocity-dep-1.4.jar:{7492184666652909580 517761 .m2/velocity/velocity-dep/1.4/velocity-dep-1.4.jar false} .m2/velocity/velocity-dep/1.4/velocity-dep-1.4.jar.sha1:{7723797951330618398 40 .m2/velocity/velocity-dep/1.4/velocity-dep-1.4.jar.sha1 false} .m2/velocity/velocity-dep/1.4/velocity-dep-1.4.pom:{13924308565943042440 1896 .m2/velocity/velocity-dep/1.4/velocity-dep-1.4.pom false} .m2/velocity/velocity-dep/1.4/velocity-dep-1.4.pom.sha1:{13119745229800995973 40 .m2/velocity/velocity-dep/1.4/velocity-dep-1.4.pom.sha1 false} .mvn:{0 0 .mvn true} .mvn/jvm.config:{17241709254077376921 0 .mvn/jvm.config false} .mvn/maven.config:{17241709254077376921 0 .mvn/maven.config false} .project:{5159961009541247224 845 .project false} .settings:{0 0 .settings true} .settings/org.eclipse.core.resources.prefs:{11362560325889086209 150 .settings/org.eclipse.core.resources.prefs false} .settings/org.eclipse.jdt.apt.core.prefs:{14680883146463440515 214 .settings/org.eclipse.jdt.apt.core.prefs false} .settings/org.eclipse.jdt.core.prefs:{8681501120109785026 474 .settings/org.eclipse.jdt.core.prefs false} .settings/org.eclipse.m2e.core.prefs:{11015775461269764348 86 .settings/org.eclipse.m2e.core.prefs false} .vscode:{0 0 .vscode true} .vscode/settings.json:{2780294089666993448 68 .vscode/settings.json false} DockerFile:{16313492573987530785 73 DockerFile false} README.md:{13219445766751413403 880 README.md false} YAML:{0 0 YAML true} YAML/.DS_Store:{12006459783031555759 6148 YAML/.DS_Store false} YAML/On_Prem_YAML:{0 0 YAML/On_Prem_YAML true} YAML/On_Prem_YAML/hyperexecute_QAF_All_Features.yaml:{11582545442792932494 1297 YAML/On_Prem_YAML/hyperexecute_QAF_All_Features.yaml false} YAML/On_Prem_YAML/hyperexecute_QAF_All_Features_win.yaml:{9837151766173723135 1275 YAML/On_Prem_YAML/hyperexecute_QAF_All_Features_win.yaml false} YAML/QAF:{0 0 YAML/QAF true} YAML/QAF/.DS_Store:{12357948020199452242 6148 YAML/QAF/.DS_Store false} YAML/QAF/With Snooper Discovery:{0 0 YAML/QAF/With Snooper Discovery true} YAML/QAF/With Snooper Discovery/hyperexecute_QAF_All_Features.yaml:{15803262420267135458 930 YAML/QAF/With Snooper Discovery/hyperexecute_QAF_All_Features.yaml false} YAML/QAF/With Snooper Discovery/hyperexecute_QAF_Ignored_Features.yaml:{9895218049630220014 795 YAML/QAF/With Snooper Discovery/hyperexecute_QAF_Ignored_Features.yaml false} YAML/QAF/With Snooper Discovery/hyperexecute_QAF_Specific_Features.yaml:{4100490277349634920 791 YAML/QAF/With Snooper Discovery/hyperexecute_QAF_Specific_Features.yaml false} YAML/QAF/Without Snooper Discovery:{0 0 YAML/QAF/Without Snooper Discovery true} YAML/QAF/Without Snooper Discovery/hyperexecute_QAF_Query.yaml:{17012736792203230989 1115 YAML/QAF/Without Snooper Discovery/hyperexecute_QAF_Query.yaml false} YAML/hyperexecute_AutoSplit.yaml:{15749874539021381908 1309 YAML/hyperexecute_AutoSplit.yaml false} YAML/hyperexecute_hybrid.yaml:{15496790518167976919 719 YAML/hyperexecute_hybrid.yaml false} YAML/hyperexecute_matrix.yaml:{16259642732682642827 1043 YAML/hyperexecute_matrix.yaml false} chromedriver:{12866051544489478997 15397104 chromedriver false} chromedriver.exe:{10149712307868815639 18848256 chromedriver.exe false} cicd.yml:{8491344751596923101 153 cicd.yml false} cucumber_context.json:{2985128865144213343 4151 cucumber_context.json false} hyperexecute__metadata__.json:{8218456193670440718 30 hyperexecute__metadata__.json false} hyperexecuteupdate:{17241709254077376921 0 hyperexecuteupdate false} img:{0 0 img true} mvn:{17241709254077376921 0 mvn false} pom.xml:{7646319563641761517 4590 pom.xml false} release_config.yml:{11121201249366326066 306 release_config.yml false} resources:{0 0 resources true} resources/application.properties:{5832856258339240265 4188 resources/application.properties false} resources/features:{0 0 resources/features true} resources/features/content.feature:{12195651893185127012 1752 resources/features/content.feature false} resources/features/headers.feature:{9511875815868372812 1850 resources/features/headers.feature false} resources/log4j.properties:{8226892240400041568 187 resources/log4j.properties false} runner.py:{9397146853931623280 4919 runner.py false} selected_testng.xml:{15233320104523693977 265 selected_testng.xml false} selenium-server-4.31.0.jar:{11155905068946924888 42755143 selenium-server-4.31.0.jar false} snooper.log:{1636671634675979851 32605 snooper.log false} src:{0 0 src true} src/.DS_Store:{16834162495612663335 6148 src/.DS_Store false} src/main:{0 0 src/main true} src/main/java:{0 0 src/main/java true} src/main/resources:{0 0 src/main/resources true} src/test:{0 0 src/test true} src/test/.DS_Store:{12205717515303710308 6148 src/test/.DS_Store false} src/test/java:{0 0 src/test/java true} src/test/java/.DS_Store:{3945086419802292971 6148 src/test/java/.DS_Store false} src/test/java/com:{0 0 src/test/java/com true} src/test/java/com/.DS_Store:{5708269427874137326 6148 src/test/java/com/.DS_Store false} src/test/java/com/bandwidth:{0 0 src/test/java/com/bandwidth true} src/test/java/com/bandwidth/CrossBrowserTest.java:{5743958654504106495 1014 src/test/java/com/bandwidth/CrossBrowserTest.java false} src/test/java/com/bandwidth/commons:{0 0 src/test/java/com/bandwidth/commons true} src/test/java/com/bandwidth/commons/DesiredCapabilities:{0 0 src/test/java/com/bandwidth/commons/DesiredCapabilities true} src/test/java/com/bandwidth/commons/DesiredCapabilities/CloudExecutionCapabilities.java:{13580101730751223600 2826 src/test/java/com/bandwidth/commons/DesiredCapabilities/CloudExecutionCapabilities.java false} src/test/java/com/bandwidth/commons/DesiredCapabilities/LocalExecutionCapabilities.java:{13164754054714974847 1677 src/test/java/com/bandwidth/commons/DesiredCapabilities/LocalExecutionCapabilities.java false} src/test/java/com/bandwidth/commons/Driver:{0 0 src/test/java/com/bandwidth/commons/Driver true} src/test/java/com/bandwidth/commons/Driver/BaseSetup.java:{1976343345644558854 3204 src/test/java/com/bandwidth/commons/Driver/BaseSetup.java false} src/test/java/com/bandwidth/commons/Driver/WebDriverFactory.java:{2397133416051747024 2019 src/test/java/com/bandwidth/commons/Driver/WebDriverFactory.java false} src/test/java/com/bandwidth/commons/Inputs:{0 0 src/test/java/com/bandwidth/commons/Inputs true} src/test/java/com/bandwidth/commons/Inputs/FrameworkGlobalVariables.java:{13092387159597266571 823 src/test/java/com/bandwidth/commons/Inputs/FrameworkGlobalVariables.java false} src/test/java/com/bandwidth/commons/Inputs/TestCaseInputs.java:{17332956044333248157 750 src/test/java/com/bandwidth/commons/Inputs/TestCaseInputs.java false} src/test/java/com/bandwidth/commons/Report:{0 0 src/test/java/com/bandwidth/commons/Report true} src/test/java/com/bandwidth/commons/Report/ExtentManager.java:{10039607395350143194 834 src/test/java/com/bandwidth/commons/Report/ExtentManager.java false} src/test/java/com/bandwidth/commons/Report/TestListener.java:{14270819494400638773 1315 src/test/java/com/bandwidth/commons/Report/TestListener.java false} src/test/java/com/bandwidth_QAF:{0 0 src/test/java/com/bandwidth_QAF true} src/test/java/com/bandwidth_QAF/SampleQAFTest.java:{2717607864693644834 619 src/test/java/com/bandwidth_QAF/SampleQAFTest.java false} src/test/java/com/bandwidth_QAF/stepdefs:{0 0 src/test/java/com/bandwidth_QAF/stepdefs true} src/test/java/com/bandwidth_QAF/stepdefs/Hooks.java:{9067380074150408314 2369 src/test/java/com/bandwidth_QAF/stepdefs/Hooks.java false} src/test/java/com/bandwidth_QAF/stepdefs/StepDefinitions.java:{5689237570842744878 2938 src/test/java/com/bandwidth_QAF/stepdefs/StepDefinitions.java false} test-results:{0 0 test-results true} test-results/Mon26May25_063414pm:{0 0 test-results/Mon26May25_063414pm true} test-results/Mon26May25_063414pm/SurefireSuite:{0 0 test-results/Mon26May25_063414pm/SurefireSuite true} test-results/Mon26May25_063414pm/SurefireSuite/SurefireTest:{0 0 test-results/Mon26May25_063414pm/SurefireSuite/SurefireTest true} test-results/Mon26May25_063414pm/SurefireSuite/SurefireTest/com.bandwidth.CrossBrowserTest:{0 0 test-results/Mon26May25_063414pm/SurefireSuite/SurefireTest/com.bandwidth.CrossBrowserTest true} test-results/Mon26May25_063414pm/SurefireSuite/SurefireTest/com.bandwidth.CrossBrowserTest/LaunchSiteAndClick.json:{2591760817937992921 2742 test-results/Mon26May25_063414pm/SurefireSuite/SurefireTest/com.bandwidth.CrossBrowserTest/LaunchSiteAndClick.json false} test-results/Mon26May25_063414pm/SurefireSuite/SurefireTest/com.bandwidth.CrossBrowserTest/meta-info.json:{12107548497792530885 515 test-results/Mon26May25_063414pm/SurefireSuite/SurefireTest/com.bandwidth.CrossBrowserTest/meta-info.json false} test-results/Mon26May25_063414pm/SurefireSuite/SurefireTest/com.bandwidth.commons.Driver.BaseSetup:{0 0 test-results/Mon26May25_063414pm/SurefireSuite/SurefireTest/com.bandwidth.commons.Driver.BaseSetup true} test-results/Mon26May25_063414pm/SurefireSuite/SurefireTest/com.bandwidth.commons.Driver.BaseSetup/Setup.json:{2591760817937992921 2742 test-results/Mon26May25_063414pm/SurefireSuite/SurefireTest/com.bandwidth.commons.Driver.BaseSetup/Setup.json false} test-results/Mon26May25_063414pm/SurefireSuite/SurefireTest/com.bandwidth.commons.Driver.BaseSetup/TearDown.json:{17962257685864219358 66 test-results/Mon26May25_063414pm/SurefireSuite/SurefireTest/com.bandwidth.commons.Driver.BaseSetup/TearDown.json false} test-results/Mon26May25_063414pm/SurefireSuite/SurefireTest/com.bandwidth.commons.Driver.BaseSetup/meta-info.json:{2953413196102987409 740 test-results/Mon26May25_063414pm/SurefireSuite/SurefireTest/com.bandwidth.commons.Driver.BaseSetup/meta-info.json false} test-results/Mon26May25_063414pm/SurefireSuite/SurefireTest/overview.json:{15007589617063368322 787 test-results/Mon26May25_063414pm/SurefireSuite/SurefireTest/overview.json false} test-results/Mon26May25_063414pm/meta-info.json:{7747730819323562784 212 test-results/Mon26May25_063414pm/meta-info.json false} test-results/Mon26May25_063531pm:{0 0 test-results/Mon26May25_063531pm true} test-results/Mon26May25_063531pm/SurefireSuite:{0 0 test-results/Mon26May25_063531pm/SurefireSuite true} test-results/Mon26May25_063531pm/SurefireSuite/SurefireTest:{0 0 test-results/Mon26May25_063531pm/SurefireSuite/SurefireTest true} test-results/Mon26May25_063531pm/SurefireSuite/SurefireTest/com.bandwidth.CrossBrowserTest:{0 0 test-results/Mon26May25_063531pm/SurefireSuite/SurefireTest/com.bandwidth.CrossBrowserTest true} test-results/Mon26May25_063531pm/SurefireSuite/SurefireTest/com.bandwidth.CrossBrowserTest/LaunchSiteAndClick.json:{2591760817937992921 2742 test-results/Mon26May25_063531pm/SurefireSuite/SurefireTest/com.bandwidth.CrossBrowserTest/LaunchSiteAndClick.json false} test-results/Mon26May25_063531pm/SurefireSuite/SurefireTest/com.bandwidth.CrossBrowserTest/meta-info.json:{2875182468322433405 515 test-results/Mon26May25_063531pm/SurefireSuite/SurefireTest/com.bandwidth.CrossBrowserTest/meta-info.json false} test-results/Mon26May25_063531pm/SurefireSuite/SurefireTest/com.bandwidth.commons.Driver.BaseSetup:{0 0 test-results/Mon26May25_063531pm/SurefireSuite/SurefireTest/com.bandwidth.commons.Driver.BaseSetup true} test-results/Mon26May25_063531pm/SurefireSuite/SurefireTest/com.bandwidth.commons.Driver.BaseSetup/Setup.json:{2591760817937992921 2742 test-results/Mon26May25_063531pm/SurefireSuite/SurefireTest/com.bandwidth.commons.Driver.BaseSetup/Setup.json false} test-results/Mon26May25_063531pm/SurefireSuite/SurefireTest/com.bandwidth.commons.Driver.BaseSetup/TearDown.json:{17962257685864219358 66 test-results/Mon26May25_063531pm/SurefireSuite/SurefireTest/com.bandwidth.commons.Driver.BaseSetup/TearDown.json false} test-results/Mon26May25_063531pm/SurefireSuite/SurefireTest/com.bandwidth.commons.Driver.BaseSetup/meta-info.json:{297419005739051623 740 test-results/Mon26May25_063531pm/SurefireSuite/SurefireTest/com.bandwidth.commons.Driver.BaseSetup/meta-info.json false} test-results/Mon26May25_063531pm/SurefireSuite/SurefireTest/overview.json:{16956611451849325642 787 test-results/Mon26May25_063531pm/SurefireSuite/SurefireTest/overview.json false} test-results/Mon26May25_063531pm/meta-info.json:{5265342019804221422 212 test-results/Mon26May25_063531pm/meta-info.json false} test-results/meta-info.json:{12718816765749941349 275 test-results/meta-info.json false} testNG.xml:{1276148036811644458 949 testNG.xml false} testNG_Auto.xml:{8137027289125945389 914 testNG_Auto.xml false} testNG_BDD.xml:{5551703377831704887 1339 testNG_BDD.xml false} testNG_QAF.xml:{15136350263168765850 232 testNG_QAF.xml false}]"}
{"level":"debug","time":"2025-06-05T19:09:00.212+0530","caller":"archivemanager/setup.go:346","msg":"Creating archive of target directory: /Users/dhakshath/Documents/KarateAPI"}
{"level":"debug","time":"2025-06-05T19:09:00.255+0530","caller":"core/lifecycle.go:1068","msg":"Differential upload failed, uploading full payload"}
{"level":"debug","time":"2025-06-05T19:09:00.255+0530","caller":"archivemanager/setup.go:340","msg":"digestMap: map[]"}
{"level":"debug","time":"2025-06-05T19:09:00.255+0530","caller":"archivemanager/setup.go:346","msg":"Creating archive of target directory: /Users/dhakshath/Documents/KarateAPI"}
{"level":"debug","time":"2025-06-05T19:09:00.270+0530","caller":"core/lifecycle.go:659","msg":"Zip file size: 190.11 kB"}
{"level":"debug","time":"2025-06-05T19:09:00.270+0530","caller":"core/lifecycle.go:669","msg":"Archive location: /Users/dhakshath/Documents/KarateAPI/hyperexecute-code-b4ed39dd-51a4-4bed-95c0-92f22dcf636a.zip\n"}
{"level":"debug","time":"2025-06-05T19:09:00.270+0530","caller":"storage/azure.go:59","msg":"Payload size: 190.11 kB, source path /Users/dhakshath/Documents/KarateAPI/hyperexecute-code-b4ed39dd-51a4-4bed-95c0-92f22dcf636a.zip"}
{"level":"info","time":"2025-06-05T19:09:00.270+0530","caller":"storage/azure.go:153","msg":"Uploading file using azure sdk"}
{"level":"info","time":"2025-06-05T19:09:02.812+0530","caller":"storage/azure.go:177","msg":"File upload completed in 2.541676625s"}
{"level":"info","time":"2025-06-05T19:09:02.812+0530","caller":"storage/azure.go:114","msg":"File upload completed in 2.542157625s"}
{"level":"debug","time":"2025-06-05T19:09:02.813+0530","caller":"receptionmanager/setup.go:267","msg":"number of entries in runtimes: 0, switching to new yaml format"}
{"level":"debug","time":"2025-06-05T19:09:02.815+0530","caller":"receptionmanager/setup.go:306","msg":"only one partialreports entry detected, mapping it to older yaml format"}
{"level":"debug","time":"2025-06-05T19:09:02.817+0530","caller":"receptionmanager/setup.go:184","msg":"Uploading yaml : /Users/dhakshath/Documents/KarateAPI/.updatedhyperexecute.yaml"}
{"level":"debug","time":"2025-06-05T19:09:02.817+0530","caller":"storage/azure.go:59","msg":"Payload size: 4.12 kB, source path /Users/dhakshath/Documents/KarateAPI/.updatedhyperexecute.yaml"}
{"level":"info","time":"2025-06-05T19:09:02.817+0530","caller":"storage/azure.go:153","msg":"Uploading file using azure sdk"}
{"level":"info","time":"2025-06-05T19:09:03.082+0530","caller":"storage/azure.go:177","msg":"File upload completed in 265.438167ms"}
{"level":"info","time":"2025-06-05T19:09:03.082+0530","caller":"storage/azure.go:114","msg":"File upload completed in 265.747042ms"}
{"level":"debug","time":"2025-06-05T19:09:03.083+0530","caller":"core/lifecycle.go:696","msg":"Successfully deleted code archive: /Users/dhakshath/Documents/KarateAPI/hyperexecute-code-b4ed39dd-51a4-4bed-95c0-92f22dcf636a.zip\n"}
{"level":"debug","time":"2025-06-05T19:09:03.083+0530","caller":"storage/azure.go:59","msg":"Payload size: 1.05 kB, source path mask-b4ed39dd-51a4-4bed-95c0-92f22dcf636a.yaml"}
{"level":"info","time":"2025-06-05T19:09:03.083+0530","caller":"storage/azure.go:153","msg":"Uploading file using azure sdk"}
{"level":"info","time":"2025-06-05T19:09:03.340+0530","caller":"storage/azure.go:177","msg":"File upload completed in 256.897375ms"}
{"level":"info","time":"2025-06-05T19:09:03.340+0530","caller":"storage/azure.go:114","msg":"File upload completed in 257.105792ms"}
{"level":"info","time":"2025-06-05T19:09:11.825+0530","caller":"jobmanager/setup.go:132","msg":"Job \u001b[1m\u001b[4mb4ed39dd-51a4-4bed-95c0-92f22dcf636a\u001b[24m\u001b[22m has \u001b[97mINITIATED\u001b[0m"}
{"level":"info","time":"2025-06-05T19:09:11.827+0530","caller":"jobmanager/manager.go:143","msg":"Job Link: \u001b[4m\u001b[34mhttps://hypexwfperf-1843-dashboard.hyperexecute.cloud/hyperexecute/task?jobId=b4ed39dd-51a4-4bed-95c0-92f22dcf636a\u001b[0m\u001b[24m\n"}
{"level":"debug","time":"2025-06-05T19:09:11.827+0530","caller":"jobmanager/setup.go:139","msg":"New Tasks generated"}
{"level":"debug","time":"2025-06-05T19:09:11.827+0530","caller":"jobmanager/setup.go:150","msg":"Task id: c3d11083-5091-401f-afe2-6c40f1998cf8"}
{"level":"debug","time":"2025-06-05T19:09:11.827+0530","caller":"jobmanager/setup.go:153","msg":"Sending new task alert to stage manager for taskId: c3d11083-5091-401f-afe2-6c40f1998cf8"}
{"level":"debug","time":"2025-06-05T19:09:13.048+0530","caller":"taskstagemanager/tracker.go:223","msg":"Retrying to poll stage details"}
{"level":"debug","time":"2025-06-05T19:09:23.380+0530","caller":"taskstagemanager/tracker.go:223","msg":"Retrying to poll stage details"}
{"level":"debug","time":"2025-06-05T19:09:33.653+0530","caller":"taskstagemanager/tracker.go:223","msg":"Retrying to poll stage details"}
{"level":"debug","time":"2025-06-05T19:09:43.925+0530","caller":"taskstagemanager/tracker.go:223","msg":"Retrying to poll stage details"}
{"level":"debug","time":"2025-06-05T19:09:54.196+0530","caller":"taskstagemanager/tracker.go:223","msg":"Retrying to poll stage details"}
{"level":"debug","time":"2025-06-05T19:10:04.467+0530","caller":"taskstagemanager/tracker.go:223","msg":"Retrying to poll stage details"}
{"level":"debug","time":"2025-06-05T19:10:14.737+0530","caller":"taskstagemanager/tracker.go:223","msg":"Retrying to poll stage details"}
{"level":"debug","time":"2025-06-05T19:10:25.007+0530","caller":"taskstagemanager/tracker.go:223","msg":"Retrying to poll stage details"}
{"level":"debug","time":"2025-06-05T19:10:35.277+0530","caller":"taskstagemanager/tracker.go:223","msg":"Retrying to poll stage details"}
{"level":"debug","time":"2025-06-05T19:10:45.551+0530","caller":"taskstagemanager/tracker.go:223","msg":"Retrying to poll stage details"}
{"level":"debug","time":"2025-06-05T19:10:55.854+0530","caller":"taskstagemanager/tracker.go:223","msg":"Retrying to poll stage details"}
{"level":"debug","time":"2025-06-05T19:11:06.127+0530","caller":"taskstagemanager/tracker.go:223","msg":"Retrying to poll stage details"}
{"level":"debug","time":"2025-06-05T19:11:16.397+0530","caller":"taskstagemanager/tracker.go:223","msg":"Retrying to poll stage details"}
{"level":"debug","time":"2025-06-05T19:11:26.669+0530","caller":"taskstagemanager/tracker.go:223","msg":"Retrying to poll stage details"}
{"level":"debug","time":"2025-06-05T19:11:36.949+0530","caller":"taskstagemanager/tracker.go:223","msg":"Retrying to poll stage details"}
{"level":"debug","time":"2025-06-05T19:11:47.223+0530","caller":"taskstagemanager/tracker.go:223","msg":"Retrying to poll stage details"}
{"level":"debug","time":"2025-06-05T19:11:57.496+0530","caller":"taskstagemanager/tracker.go:223","msg":"Retrying to poll stage details"}
{"level":"debug","time":"2025-06-05T19:12:07.776+0530","caller":"taskstagemanager/tracker.go:223","msg":"Retrying to poll stage details"}
{"level":"debug","time":"2025-06-05T19:12:18.057+0530","caller":"taskstagemanager/tracker.go:223","msg":"Retrying to poll stage details"}
{"level":"debug","time":"2025-06-05T19:12:28.333+0530","caller":"taskstagemanager/tracker.go:223","msg":"Retrying to poll stage details"}
{"level":"debug","time":"2025-06-05T19:12:38.604+0530","caller":"taskstagemanager/tracker.go:223","msg":"Retrying to poll stage details"}
{"level":"debug","time":"2025-06-05T19:12:48.878+0530","caller":"taskstagemanager/tracker.go:223","msg":"Retrying to poll stage details"}
{"level":"debug","time":"2025-06-05T19:12:59.148+0530","caller":"taskstagemanager/tracker.go:223","msg":"Retrying to poll stage details"}
{"level":"debug","time":"2025-06-05T19:13:09.417+0530","caller":"taskstagemanager/tracker.go:223","msg":"Retrying to poll stage details"}
{"level":"debug","time":"2025-06-05T19:13:19.693+0530","caller":"taskstagemanager/tracker.go:223","msg":"Retrying to poll stage details"}
{"level":"debug","time":"2025-06-05T19:13:29.961+0530","caller":"taskstagemanager/tracker.go:223","msg":"Retrying to poll stage details"}
{"level":"debug","time":"2025-06-05T19:13:40.233+0530","caller":"taskstagemanager/tracker.go:223","msg":"Retrying to poll stage details"}
{"level":"debug","time":"2025-06-05T19:13:50.507+0530","caller":"taskstagemanager/tracker.go:223","msg":"Retrying to poll stage details"}
{"level":"debug","time":"2025-06-05T19:14:00.776+0530","caller":"taskstagemanager/tracker.go:223","msg":"Retrying to poll stage details"}
{"level":"debug","time":"2025-06-05T19:14:11.047+0530","caller":"taskstagemanager/tracker.go:223","msg":"Retrying to poll stage details"}
{"level":"debug","time":"2025-06-05T19:14:21.322+0530","caller":"taskstagemanager/tracker.go:223","msg":"Retrying to poll stage details"}
{"level":"debug","time":"2025-06-05T19:14:31.595+0530","caller":"taskstagemanager/tracker.go:223","msg":"Retrying to poll stage details"}
{"level":"debug","time":"2025-06-05T19:14:41.864+0530","caller":"taskstagemanager/tracker.go:223","msg":"Retrying to poll stage details"}
{"level":"debug","time":"2025-06-05T19:14:52.137+0530","caller":"taskstagemanager/tracker.go:223","msg":"Retrying to poll stage details"}
{"level":"debug","time":"2025-06-05T19:14:55.585+0530","caller":"cmd/bin.go:354","msg":"main: received C-c - attempting graceful shutdown ...."}
{"level":"debug","time":"2025-06-05T19:14:55.585+0530","caller":"cmd/bin.go:355","msg":"Sending abort job signal to sentinel"}
{"level":"debug","time":"2025-06-05T19:14:55.585+0530","caller":"cmd/bin.go:361","msg":"Sending request to abort job"}
{"level":"debug","time":"2025-06-05T19:14:57.037+0530","caller":"cmd/bin.go:370","msg":"main: telling goroutines to stop"}
{"level":"debug","time":"2025-06-05T19:14:57.037+0530","caller":"core/lifecycle.go:874","msg":"Context canceled"}
{"level":"info","time":"2025-06-05T19:14:57.037+0530","caller":"core/lifecycle.go:877","msg":"\u001b[2mStopping pipeline gracefully\u001b[22m"}
{"level":"info","time":"2025-06-05T19:14:57.037+0530","caller":"jobmanager/manager.go:143","msg":"Job Link: \u001b[4m\u001b[34mhttps://hypexwfperf-1843-dashboard.hyperexecute.cloud/hyperexecute/task?jobId=b4ed39dd-51a4-4bed-95c0-92f22dcf636a\u001b[0m\u001b[24m\n"}
{"level":"debug","time":"2025-06-05T19:14:57.038+0530","caller":"core/lifecycle.go:59","msg":"Quit requested from main goroutine...."}
{"level":"debug","time":"2025-06-05T19:14:57.038+0530","caller":"core/lifecycle.go:60","msg":"Waiting for the goroutines to exit"}
{"level":"debug","time":"2025-06-05T19:14:57.038+0530","caller":"core/lifecycle.go:63","msg":"All lifecycle goroutines exited"}
{"level":"debug","time":"2025-06-05T19:15:02.139+0530","caller":"cmd/bin.go:346","msg":"main: all goroutines have finished."}
{"level":"debug","time":"2025-06-05T19:15:02.139+0530","caller":"cmd/bin.go:374","msg":"Go routines exited within timeout"}
